# Blender 4.1.1
# www.blender.org
mtllib stanford-bunny.mtl
o bunny_lo
v 0.133906 0.200936 0.217544
v -0.649183 0.422754 0.296561
v -0.137427 0.145528 0.010983
v -0.081008 0.018854 0.375602
v -0.016049 0.682046 -0.242196
v 0.358688 0.112232 0.319684
v 0.228420 0.147176 0.326529
v 0.033318 0.527675 -0.120000
v -0.175924 0.621409 -0.009821
v -0.675133 -0.006534 0.037097
v -0.254327 0.618897 -0.041800
v -0.465076 0.463801 -0.138388
v -0.601031 0.568543 -0.269314
v -0.554531 0.051695 0.516703
v 0.297821 0.034377 0.383030
v -0.210565 0.598750 0.014236
v 0.216698 -0.722636 0.458676
v -0.403797 -0.693072 0.463013
v -0.284083 -0.713869 0.445038
v -0.169607 0.159527 0.017132
v -0.334415 0.475115 0.093945
v -0.044161 0.486534 -0.046924
v -0.396721 0.475581 0.081787
v -0.360012 -0.689061 0.461698
v -0.331595 -0.671241 0.444627
v -0.129479 -0.736861 0.524933
v 0.132569 -0.675662 0.475415
v 0.217313 -0.682433 0.457234
v -0.222874 0.584942 -0.119247
v -0.401002 -0.647890 0.432370
v -0.244441 -0.671271 0.421296
v -0.096712 -0.651915 0.512195
v -0.050662 -0.662031 0.532438
v -0.201954 0.587670 0.013256
v -0.504158 0.514874 -0.137337
v 0.665609 -0.399908 0.237320
v -0.323858 -0.638148 0.411700
v -0.277896 -0.664280 0.426855
v -0.268857 -0.630715 0.402863
v -0.056911 -0.637124 0.518853
v 0.102834 -0.651898 0.475028
v 0.171778 -0.652902 0.465199
v 0.508247 0.033128 0.245953
v -0.096671 0.708165 -0.080812
v -0.007327 -0.622618 0.488296
v 0.097996 -0.638095 0.474855
v 0.227870 -0.635369 0.490736
v 0.259015 -0.617515 0.493532
v -0.186529 0.022217 0.350554
v -0.591824 0.279820 0.492166
v 0.516393 -0.670726 0.289543
v -0.358547 -0.617318 0.387312
v -0.305781 -0.617693 0.391268
v -0.221329 -0.638617 0.403648
v -0.096681 -0.624096 0.493226
v -0.055650 -0.621524 0.501265
v 0.034274 -0.623336 0.478838
v 0.046073 -0.607557 0.494845
v 0.161672 -0.630329 0.491369
v 0.188665 -0.601213 0.522902
v -0.059485 -0.603421 0.466055
v -0.012013 -0.603082 0.469480
v 0.089971 -0.600567 0.509887
v 0.141164 -0.589786 0.531868
v -0.470748 0.511749 -0.200642
v 0.492348 -0.648920 0.303168
v -0.712638 0.147416 0.005741
v -0.247029 0.572591 0.032766
v -0.476562 0.432029 -0.051180
v -0.175024 -0.597059 0.382860
v -0.061486 -0.592054 0.439265
v 0.024461 -0.557978 0.507103
v 0.181781 -0.579233 0.531490
v 0.204293 -0.570274 0.534227
v 0.248732 -0.586519 0.517736
v -0.558651 0.198298 0.516682
v 0.547936 -0.604328 0.319020
v 0.552981 -0.621636 0.317375
v 0.383043 0.154139 0.212526
v -0.596805 0.380481 -0.089376
v -0.704396 0.094461 -0.001781
v -0.269191 0.580014 0.023425
v -0.238514 0.124391 0.262903
v -0.298854 -0.556553 0.375874
v -0.272709 -0.591678 0.389778
v -0.213433 -0.596264 0.393022
v -0.030750 -0.586183 0.461420
v -0.001104 -0.583825 0.484593
v 0.005516 -0.559339 0.503069
v 0.063543 -0.565400 0.519586
v 0.124917 -0.557585 0.539083
v 0.246161 -0.551753 0.527502
v 0.547559 -0.053389 -0.032032
v -0.622030 0.182795 0.531493
v -0.629782 0.242629 0.509903
v -0.423289 0.401711 0.344895
v -0.488910 0.393922 0.381610
v -0.151508 0.149579 0.194006
v -0.525718 0.503917 -0.091905
v -0.284247 0.191286 0.203775
v -0.250783 -0.540616 0.397967
v -0.138140 -0.558134 0.366943
v -0.079868 -0.576198 0.408398
v -0.047880 -0.533891 0.454670
v 0.165582 -0.556900 0.546412
v -0.640997 0.153611 0.521554
v -0.131954 0.678854 -0.052358
v 0.523162 -0.597764 0.314398
v 0.601164 -0.580805 0.324921
v -0.471377 0.424010 0.344811
v -0.276886 -0.491483 0.395453
v -0.221791 -0.522297 0.401514
v -0.622869 0.602189 -0.413732
v 0.121761 -0.524664 0.539907
v 0.153023 -0.543005 0.546308
v 0.219990 -0.532080 0.534235
v 0.168317 0.129314 0.347497
v 0.503691 0.050112 0.217984
v 0.554871 -0.537754 0.311889
v -0.175850 -0.561300 0.380603
v 0.082700 -0.500666 0.553089
v 0.163606 -0.518826 0.544834
v -0.742779 0.048344 0.401418
v 0.575763 -0.556685 0.320147
v 0.624377 -0.528234 0.319922
v 0.371597 0.142615 0.259063
v 0.026311 0.174529 0.013081
v 0.048132 -0.527328 0.527524
v 0.200523 -0.503974 0.554643
v 0.044056 0.124213 0.335883
v 0.306146 0.129959 0.325026
v -0.602035 0.449868 0.245348
v -0.112005 -0.491506 0.374712
v 0.159460 -0.496325 0.558248
v -0.212494 0.050447 0.331785
v 0.005695 0.136034 0.295770
v -0.085727 0.481741 -0.014801
v -0.510178 0.443175 0.302337
v 0.124926 -0.488074 0.556885
v 0.136049 0.088992 0.383496
v 0.103716 0.117849 0.357409
v 0.591138 -0.511269 0.308484
v 0.653108 -0.484452 0.303473
v 0.672131 -0.499134 0.302451
v -0.223848 -0.471515 0.413829
v -0.176478 -0.494455 0.395440
v 0.020548 -0.446421 0.537309
v 0.194653 -0.475260 0.565252
v 0.028092 0.093997 0.362515
v 0.364600 0.021362 0.375453
v -0.157964 0.647612 -0.025953
v 0.146494 -0.107886 0.498497
v -0.392006 -0.483953 0.279312
v -0.379064 -0.467644 0.316706
v -0.345071 -0.497043 0.314349
v -0.251785 -0.405960 0.418249
v -0.134717 -0.477513 0.379822
v 0.054130 -0.454835 0.549180
v 0.237553 -0.455259 0.555991
v 0.598159 -0.125350 0.010258
v 0.574367 -0.486511 0.298412
v 0.629844 -0.483159 0.302234
v 0.543538 -0.033731 0.263035
v -0.618399 0.536464 -0.283878
v -0.451954 0.373888 -0.043257
v 0.110508 -0.447370 0.561734
v 0.170545 -0.444848 0.565693
v -0.037417 0.095692 0.330037
v 0.211164 0.175996 0.286469
v -0.297488 -0.425739 0.396358
v -0.006198 -0.405665 0.540895
v 0.015586 -0.393161 0.550048
v 0.065179 -0.412997 0.552896
v 0.166879 -0.409378 0.565798
v -0.195085 0.085434 0.306740
v -0.535250 -0.468582 0.198092
v 0.598239 -0.464302 0.280392
v 0.596319 -0.246700 0.278738
v 0.337824 0.169240 0.229315
v -0.253207 0.180250 0.010751
v 0.331300 0.122929 0.313754
v -0.644633 0.435857 0.258978
v -0.154571 -0.220334 -0.251310
v 0.030259 -0.393381 0.546956
v 0.220938 -0.422200 0.556705
v 0.244971 -0.378504 0.560622
v 0.202839 0.098003 0.369119
v 0.234541 0.065096 0.387163
v 0.628874 -0.437521 0.268090
v 0.691281 -0.458989 0.282819
v -0.450968 0.127446 -0.087726
v 0.104073 -0.049813 -0.228419
v -0.184175 -0.416662 0.413815
v -0.158891 -0.424963 0.401244
v -0.124446 -0.406745 0.393690
v 0.117984 -0.405710 0.568925
v 0.333748 0.086755 0.350423
v -0.725843 -0.112020 0.175218
v 0.625200 -0.407366 0.235493
v 0.713380 -0.414293 0.245177
v -0.281886 -0.386487 0.419292
v 0.125569 0.189230 0.258292
v -0.570793 0.106904 0.533958
v -0.572331 0.338429 0.449950
v 0.672008 -0.429335 0.268515
v -0.372561 0.464900 -0.024866
v 0.429489 0.099212 0.273080
v 0.060643 0.196768 0.109938
v -0.282780 -0.229649 -0.218655
v -0.215401 -0.413822 0.418465
v -0.124548 -0.350568 0.411864
v -0.305104 0.527344 0.060740
v 0.049348 -0.370423 0.562501
v 0.104274 -0.380417 0.579730
v 0.138073 -0.380396 0.581672
v -0.089802 -0.164478 -0.283882
v 0.001083 0.054595 0.378532
v -0.673226 -0.019055 0.247310
v -0.574933 0.533425 -0.155342
v -0.774963 0.159514 0.192246
v -0.184063 0.148262 0.216357
v -0.326951 -0.367897 0.416736
v -0.162633 -0.335712 0.412779
v 0.094851 -0.363064 0.579717
v 0.168227 -0.367300 0.576967
v 0.209943 -0.373108 0.562987
v -0.604553 0.354325 0.431229
v 0.578741 -0.215017 -0.097879
v 0.542195 -0.017178 0.003397
v -0.383106 -0.355382 0.419397
v -0.259394 -0.332307 0.428041
v -0.517304 0.460744 0.209977
v 0.068568 -0.338829 0.573886
v 0.135529 -0.345153 0.587146
v 0.302152 -0.171523 0.514678
v -0.567036 -0.163427 -0.147517
v -0.576710 0.248488 0.506889
v -0.090505 0.116035 0.260797
v -0.172221 0.657448 -0.037272
v -0.586050 0.581647 -0.267930
v -0.198576 -0.351387 0.420069
v -0.009947 -0.327398 0.560872
v 0.054222 -0.303489 0.576989
v 0.166967 -0.333441 0.581907
v 0.195390 -0.311203 0.567192
v 0.223689 -0.338289 0.563272
v -0.450950 0.440165 -0.190186
v -0.558461 0.307634 0.469766
v 0.326006 0.187882 0.132369
v 0.050974 -0.128703 0.515921
v -0.421213 -0.326805 0.429614
v -0.363205 -0.323136 0.433349
v -0.339449 -0.340776 0.431376
v -0.306010 -0.346757 0.426301
v -0.282548 -0.314297 0.423413
v -0.227168 -0.320982 0.429186
v 0.015552 -0.272852 0.569346
v 0.022430 -0.336438 0.564932
v 0.108602 -0.311878 0.579698
v 0.539773 0.004180 0.188113
v 0.191938 0.214011 0.119551
v -0.768434 0.076678 0.186621
v -0.471390 -0.316042 0.420835
v -0.285756 -0.278425 0.432821
v -0.197046 -0.290737 0.431623
v -0.164435 -0.279594 0.418522
v -0.139998 -0.301576 0.417981
v 0.147430 -0.292277 0.575538
v 0.249856 -0.294698 0.553745
v 0.038474 0.057098 0.389202
v -0.612807 0.132934 0.521370
v -0.097801 0.454509 -0.041963
v -0.656708 0.060153 -0.023236
v -0.107377 -0.302612 0.476972
v 0.180565 -0.263804 0.574464
v 0.229516 -0.268198 0.564635
v -0.456324 -0.261907 0.442031
v -0.430664 -0.296855 0.432771
v -0.384375 -0.282266 0.449848
v -0.371996 -0.296576 0.446015
v -0.332262 -0.289147 0.442642
v -0.251953 -0.291423 0.424562
v -0.225571 -0.265946 0.435023
v -0.693607 -0.018401 0.182449
v -0.699222 -0.103088 0.035537
v -0.056129 -0.269425 0.555907
v -0.001924 -0.276702 0.575239
v 0.043948 -0.250034 0.572678
v 0.093566 0.067082 0.392838
v 0.146556 0.012069 0.424366
v -0.589174 0.150013 0.530873
v -0.602558 0.217087 0.524624
v -0.443202 0.454706 0.225170
v -0.207377 0.172153 0.153209
v 0.147491 -0.092913 0.456259
v -0.481913 -0.256751 0.441201
v -0.410611 -0.262816 0.441860
v -0.288803 -0.252380 0.441595
v -0.182218 -0.273378 0.429128
v -0.131812 -0.248237 0.437451
v -0.720914 -0.110169 0.095703
v -0.023345 -0.267512 0.572174
v -0.666889 -0.029787 0.007579
v -0.533120 0.076775 0.527142
v -0.187255 0.657296 -0.048676
v -0.540306 0.123182 0.532749
v 0.619346 -0.165953 0.062337
v -0.368159 -0.248792 0.453325
v -0.322000 -0.240043 0.453520
v -0.199441 -0.241423 0.436129
v 0.059282 -0.213992 0.566655
v 0.129558 -0.254382 0.571980
v -0.322193 0.074869 0.315814
v -0.261136 0.081339 0.306450
v -0.408837 0.453909 0.129831
v -0.086109 0.144993 0.001289
v 0.358130 0.171360 0.177866
v -0.426978 -0.213805 0.451093
v -0.401302 -0.221245 0.446929
v 0.203774 0.211638 0.072086
v 0.001175 -0.229593 0.567412
v 0.083027 -0.262355 0.576052
v 0.203086 -0.238865 0.570483
v -0.115979 0.704805 -0.078469
v -0.597650 0.065144 0.514893
v 0.346702 -0.193274 0.487129
v -0.235413 0.064695 0.324602
v 0.227114 0.211833 0.168237
v -0.689767 -0.185246 -0.000470
v -0.335714 -0.213814 0.451880
v -0.276333 -0.225715 0.434776
v -0.252556 -0.235145 0.425346
v -0.162576 -0.240405 0.425604
v -0.124411 -0.197727 0.442366
v 0.099044 -0.257931 0.571686
v 0.101798 -0.198108 0.568798
v 0.155569 -0.211328 0.565521
v 0.262084 -0.198980 0.542141
v 0.569956 -0.079100 -0.020049
v -0.694263 0.044424 0.022102
v -0.726947 -0.145936 0.142348
v -0.503313 0.468685 -0.062032
v -0.361348 -0.193125 0.445689
v -0.199441 -0.213391 0.433121
v 0.031747 -0.204381 0.566744
v 0.401379 0.133085 0.248741
v -0.202530 0.169249 0.003547
v -0.568959 0.459041 0.143598
v -0.487916 -0.191836 0.440921
v -0.421966 -0.181953 0.453353
v -0.164381 -0.216524 0.436970
v -0.150342 -0.195030 0.441735
v -0.032214 -0.221939 0.555894
v 0.055870 -0.178596 0.561053
v 0.559093 -0.019353 0.131423
v 0.454765 0.093700 0.245459
v -0.521394 0.463018 -0.019716
v -0.458143 -0.190991 0.450907
v 0.472454 0.086384 0.208218
v 0.015597 -0.184043 0.558172
v 0.111786 -0.169910 0.558936
v 0.215998 -0.185712 0.547152
v -0.514816 -0.178492 0.423887
v -0.388229 -0.180386 0.450550
v -0.351002 -0.147684 0.439376
v -0.320082 -0.191421 0.444567
v -0.286107 -0.192239 0.432528
v -0.277137 -0.153656 0.429725
v -0.226295 -0.206284 0.431779
v -0.188414 -0.176086 0.442385
v 0.166784 -0.170248 0.553984
v 0.263113 -0.147421 0.509106
v 0.382425 -0.188710 0.480434
v 0.078178 0.590385 -0.226835
v -0.562182 0.457950 0.224193
v -0.479596 0.428899 -0.020371
v -0.525677 -0.149832 0.421290
v -0.433163 -0.146731 0.441838
v -0.124409 -0.159356 0.448212
v -0.097606 -0.169365 0.449754
v 0.024068 -0.156384 0.539935
v 0.079317 -0.148257 0.544460
v 0.155819 -0.140243 0.538159
v 0.208487 -0.144086 0.529368
v 0.121989 0.140594 0.334720
v -0.616356 0.290541 0.483294
v 0.275754 0.205656 0.143417
v -0.398229 -0.139038 0.436679
v -0.194981 -0.145304 0.435803
v -0.075791 -0.143596 0.444345
v 0.277163 0.161103 0.298570
v 0.109385 -0.128758 0.527437
v 0.337743 -0.131194 0.474409
v -0.504312 -0.110521 0.415939
v -0.381934 -0.105852 0.429552
v -0.318172 -0.137733 0.441831
v -0.385682 0.441987 0.161607
v -0.774427 0.118483 0.235685
v 0.300438 -0.134878 0.487502
v 0.374401 -0.136235 0.469710
v 0.241438 0.107559 0.359734
v 0.033069 0.185984 0.059691
v -0.033098 0.148194 0.235883
v -0.526376 0.545733 -0.172187
v -0.472272 -0.123873 0.425653
v -0.351955 -0.105182 0.427166
v -0.271901 -0.108005 0.423834
v -0.229374 -0.080724 0.405744
v -0.191307 -0.104161 0.423358
v -0.140668 -0.133113 0.446514
v -0.115413 -0.124433 0.437613
v -0.088218 -0.115126 0.442109
v -0.684358 0.005476 0.245377
v 0.239944 -0.113665 0.484195
v 0.264517 -0.091382 0.473731
v 0.302879 -0.094618 0.474543
v 0.245398 0.212490 0.116830
v 0.176099 0.061072 0.401676
v -0.558518 0.554532 -0.182125
v 0.111999 0.205407 0.105161
v -0.095029 0.149627 0.173930
v -0.307896 -0.094142 0.423491
v -0.246600 -0.116812 0.417786
v -0.167813 -0.063869 0.407380
v -0.060694 -0.073786 0.435448
v -0.055612 -0.120184 0.447659
v -0.020697 -0.112528 0.444893
v -0.546329 -0.326525 0.380608
v -0.562003 0.080411 0.530346
v -0.516656 0.247554 -0.083360
v -0.578830 -0.023650 -0.090477
v -0.481581 0.482942 -0.125953
v -0.621309 0.407046 0.351519
v -0.573127 -0.107835 0.383377
v -0.536561 -0.092382 0.397941
v -0.422579 -0.098134 0.427251
v -0.323865 -0.057059 0.403014
v -0.123504 -0.082523 0.426331
v 0.052011 -0.091479 0.441917
v 0.219459 -0.085869 0.454230
v -0.346949 -0.052586 0.403472
v -0.034174 -0.080821 0.437012
v 0.210524 -0.049886 0.425636
v 0.336336 -0.068511 0.452873
v -0.088603 0.154007 0.045538
v -0.553411 -0.048592 0.375232
v -0.481838 -0.065105 0.406478
v -0.438517 -0.055540 0.409064
v -0.385082 -0.065721 0.415167
v -0.274424 -0.059087 0.413400
v 0.012875 -0.058647 0.429194
v 0.091685 -0.071807 0.437106
v 0.089961 -0.050598 0.438255
v 0.265171 -0.049909 0.436038
v 0.471012 0.053104 0.286850
v -0.306961 -0.038694 0.401656
v -0.221781 -0.033956 0.382477
v -0.090685 -0.059590 0.422075
v -0.012571 -0.051868 0.428028
v 0.016208 -0.021485 0.423504
v 0.129027 -0.045643 0.440472
v 0.168276 -0.057587 0.437759
v 0.287792 -0.061897 0.453963
v 0.318058 -0.029570 0.418120
v 0.432889 0.120769 0.203981
v -0.194248 -0.038836 0.386449
v -0.043260 -0.009031 0.407153
v 0.039810 -0.056550 0.434657
v 0.220856 -0.007893 0.416750
v 0.257412 -0.031196 0.412434
v -0.350389 0.503944 0.071421
v -0.374006 0.042913 0.348440
v 0.300271 0.193547 0.196896
v -0.525816 -0.015681 0.375078
v -0.508902 -0.028846 0.380184
v -0.469816 0.001467 0.375798
v -0.339486 -0.009392 0.382976
v 0.074072 -0.027979 0.434546
v 0.179768 -0.009007 0.426628
v 0.266028 -0.001861 0.399454
v 0.369321 -0.028982 0.403238
v 0.140135 -0.044507 -0.224590
v -0.381961 -0.024840 0.394246
v -0.291659 -0.011745 0.387541
v -0.255237 -0.028532 0.394564
v -0.153604 -0.012610 0.381027
v -0.139694 0.057471 0.328588
v 0.051922 -0.003889 0.424753
v -0.126275 -0.170594 -0.249319
v -0.632428 -0.181458 -0.094198
v -0.329966 0.031950 0.351179
v -0.269230 0.516877 0.057713
v -0.411809 -0.007945 0.379976
v -0.246904 0.020217 0.358735
v -0.081290 0.057017 0.340947
v -0.040809 0.038693 0.378730
v 0.092488 0.016121 0.420397
v 0.205675 0.021795 0.414947
v -0.460288 0.416688 -0.092373
v -0.423951 0.029820 0.362347
v -0.342783 -0.163332 -0.217617
v -0.571446 -0.258511 -0.151545
v -0.553454 0.246383 -0.077592
v -0.026081 0.601850 -0.209948
v -0.387296 0.388293 -0.019602
v 0.334893 -0.732494 0.430006
v -0.354765 0.075247 0.337695
v -0.524006 -0.171868 -0.164861
v 0.433800 0.067984 0.308679
v -0.067735 -0.731891 0.541448
v 0.094233 -0.712376 0.489294
v 0.300355 -0.717729 0.445015
v 0.362882 -0.694167 0.426411
v -0.471531 0.367213 0.384842
v -0.327787 -0.741295 0.459554
v -0.265228 -0.739396 0.440424
v -0.122464 0.153374 0.077618
v 0.150665 -0.707492 0.472629
v -0.145573 0.433960 -0.046739
v 0.193830 -0.027502 -0.206060
v -0.400015 0.349207 0.317403
v -0.396635 -0.725429 0.468196
v -0.341639 -0.719137 0.462861
v -0.341796 0.246401 0.275850
v -0.088466 -0.713653 0.541614
v -0.057413 -0.696102 0.539860
v -0.008172 -0.713148 0.524034
v -0.029109 0.580654 -0.130210
v 0.405809 -0.150031 0.463473
v 0.315451 -0.675091 0.445103
v 0.384922 -0.700645 0.408464
v -0.472664 -0.200538 -0.188555
v 0.371200 -0.098064 0.457605
v -0.196242 -0.165953 -0.235346
v 0.018196 -0.676546 0.514045
v -0.405345 0.131750 0.402315
v -0.373717 0.131532 0.375764
v 0.394260 -0.666043 0.409046
v 0.456113 -0.668737 0.321577
v -0.259633 0.470489 0.052016
v 0.260240 -0.661009 0.450574
v 0.318490 -0.644702 0.437939
v -0.469565 -0.077146 -0.174844
v -0.172696 0.512637 -0.137870
v -0.653907 -0.346158 0.165426
v -0.494986 0.131452 0.506159
v 0.012907 -0.649429 0.506530
v 0.357288 -0.659764 0.430098
v 0.426226 -0.638994 0.382772
v 0.440695 -0.656782 0.361525
v -0.285005 0.467246 0.072037
v 0.406566 -0.040598 0.393781
v 0.384335 -0.620987 0.406944
v 0.605862 -0.614223 0.313434
v 0.648756 -0.612560 0.281655
v 0.694639 -0.625524 0.212013
v -0.359216 -0.655032 0.441432
v -0.132708 0.623572 -0.063598
v -0.177072 0.442487 0.016505
v 0.274305 -0.635142 0.464720
v 0.335443 -0.617870 0.436786
v 0.456279 -0.180926 0.439201
v -0.431363 0.170359 0.407713
v -0.199513 0.477947 0.041862
v -0.210846 0.517712 0.002469
v -0.052470 0.732599 -0.120950
v -0.075638 0.707424 -0.098312
v -0.280815 0.403036 0.076452
v 0.437976 -0.589082 0.387520
v 0.645366 -0.574750 0.307973
v 0.685046 -0.613686 0.241480
v -0.507035 0.040149 0.480361
v 0.005433 0.500865 -0.096926
v -0.471255 0.576984 -0.407304
v -0.248645 0.397354 0.045405
v -0.184024 0.547095 -0.026810
v 0.581196 -0.107293 0.242757
v 0.308560 -0.577021 0.485939
v 0.362220 -0.589047 0.447989
v 0.404788 -0.587516 0.410533
v 0.510589 -0.582952 0.327579
v 0.727582 -0.570786 0.231977
v -0.231372 0.390025 0.016017
v -0.301880 0.157820 0.269855
v -0.109076 -0.201447 -0.319115
v 0.360054 -0.550595 0.477221
v 0.386868 -0.562984 0.451025
v 0.480871 -0.573622 0.369136
v 0.634620 -0.555068 0.319768
v 0.686245 -0.569493 0.279270
v -0.124641 0.511782 -0.021039
v -0.519000 0.344094 0.430416
v -0.392692 0.397810 0.298676
v 0.615187 -0.154233 0.120247
v -0.250033 0.455948 0.064548
v -0.515685 0.126669 0.524379
v -0.473140 -0.147161 -0.181146
v -0.015823 0.752106 -0.171364
v 0.285462 -0.535477 0.519141
v -0.425745 0.097564 0.405482
v 0.758929 -0.522690 0.202701
v 0.603485 -0.128366 0.173147
v -0.094910 0.494078 -0.005184
v 0.317056 -0.538756 0.495228
v 0.410870 -0.552674 0.430868
v 0.457534 -0.541008 0.403890
v -0.327070 0.192690 0.302593
v 0.576256 -0.150558 0.286579
v 0.345756 -0.519822 0.488647
v 0.503747 -0.517107 0.383110
v 0.531859 -0.532295 0.336015
v -0.474042 0.122129 0.480083
v -0.486237 0.298868 0.413090
v 0.676022 -0.529179 0.300014
v 0.734726 -0.532552 0.242919
v -0.325491 0.389092 0.112741
v -0.529598 0.242025 0.482652
v 0.363379 -0.502222 0.485761
v 0.438147 -0.502732 0.434544
v 0.744802 -0.488330 0.242018
v -0.401157 0.160091 0.394266
v 0.402701 0.063366 0.335373
v -0.414978 0.286290 0.329375
v 0.232607 -0.499286 0.547800
v 0.272068 -0.510636 0.524844
v 0.399848 -0.515716 0.458711
v 0.498412 -0.484522 0.397814
v -0.475474 0.160549 0.466502
v -0.402306 0.053941 0.364949
v 0.712524 -0.518831 0.276530
v -0.133336 0.598872 -0.073592
v -0.202763 0.496377 0.016096
v -0.392319 0.270848 0.319706
v -0.508757 0.312772 0.438681
v 0.267920 -0.474907 0.540092
v 0.313223 -0.488431 0.505009
v 0.468526 -0.480564 0.415458
v 0.543200 -0.491633 0.343660
v 0.707448 -0.488345 0.282685
v 0.759207 -0.470972 0.215618
v -0.075656 0.667067 -0.117196
v 0.035474 0.560455 -0.141204
v 0.560196 -0.035335 0.204502
v -0.011682 0.705543 -0.181034
v 0.387032 -0.493500 0.472824
v 0.521426 -0.485960 0.376060
v -0.453448 0.257718 0.367010
v 0.736214 -0.465349 0.252861
v -0.159992 0.492610 0.021963
v 0.280130 -0.436419 0.539822
v 0.297204 -0.460224 0.524411
v 0.369278 -0.463747 0.479197
v 0.527726 -0.435564 0.377814
v 0.567078 -0.458647 0.316867
v -0.499015 0.218800 0.454809
v -0.248006 0.495540 0.035375
v 0.498454 -0.025635 0.319161
v 0.414729 -0.465315 0.452046
v 0.429095 -0.422184 0.439027
v 0.501647 -0.431712 0.397295
v 0.597166 -0.435183 0.269947
v 0.715158 -0.455288 0.269797
v 0.002699 0.530240 -0.092475
v -0.010908 0.509120 -0.067073
v 0.579189 -0.127348 -0.039757
v 0.401876 -0.401500 0.470126
v 0.549037 -0.445476 0.351325
v 0.269461 0.119908 0.347189
v 0.751932 -0.434848 0.219795
v 0.551029 -0.256769 -0.144788
v 0.509272 -0.131720 0.375904
v -0.145549 0.478729 0.019129
v -0.414587 0.307689 0.324406
v -0.500164 0.092892 0.514902
v -0.512892 0.062445 0.511512
v 0.333691 -0.439561 0.510099
v 0.461637 -0.437162 0.422894
v 0.538280 -0.162764 -0.116740
v 0.732135 -0.425661 0.239693
v -0.444949 0.349739 0.371378
v 0.251881 0.031362 0.397926
v 0.286078 -0.393050 0.542405
v 0.465425 -0.395789 0.416539
v 0.530952 -0.390053 0.371146
v 0.567005 -0.399312 0.327200
v -0.459623 0.275541 0.366786
v 0.009854 0.648234 -0.186542
v -0.754682 0.045256 0.170174
v 0.158512 -0.088149 0.442901
v -0.469121 0.025165 0.380068
v -0.442952 0.067905 0.396540
v 0.377927 -0.408906 0.490035
v 0.424593 -0.396756 0.445399
v 0.497794 -0.367253 0.404865
v 0.589569 -0.405084 0.283182
v -0.387160 0.193347 0.365985
v -0.240015 0.541346 0.037449
v 0.105462 -0.090095 0.443220
v 0.058140 0.559860 -0.160476
v -0.135506 0.542556 -0.053291
v 0.429117 -0.093361 0.417333
v -0.487991 0.030690 0.423187
v 0.456155 -0.135133 0.422577
v 0.320641 -0.386541 0.527174
v 0.457832 -0.361375 0.434472
v 0.616734 -0.347093 0.231552
v -0.614244 0.393988 -0.025019
v -0.292941 0.427425 0.090030
v -0.355682 0.366031 0.189347
v -0.047913 0.474084 -0.068624
v 0.339776 -0.371598 0.518266
v 0.394883 -0.350768 0.493125
v 0.522729 -0.371493 0.384823
v -0.726800 0.281738 0.250615
v -0.364159 0.219938 0.329784
v -0.209760 0.452935 0.043701
v -0.737486 0.248927 0.216806
v -0.465658 0.201448 0.416699
v 0.308751 -0.335743 0.542214
v 0.349106 -0.344194 0.524883
v 0.590107 -0.313645 0.291872
v -0.353151 0.315731 0.205103
v 0.458639 0.012700 0.338058
v -0.379306 0.324463 0.289805
v 0.427045 -0.346900 0.464167
v 0.480996 -0.343186 0.426991
v 0.552470 -0.345766 0.350506
v 0.631525 -0.361465 0.183543
v -0.308557 0.205492 0.255236
v 0.053534 0.610846 -0.196030
v -0.198464 0.561753 -0.002817
v -0.298527 0.489522 0.078019
v -0.287691 0.364101 0.056514
v 0.582397 -0.178609 -0.074587
v -0.474866 0.244102 0.399456
v -0.443281 0.215573 0.389159
v -0.310427 0.119246 0.288332
v -0.327360 0.146874 0.317784
v -0.543346 0.279506 0.478540
v 0.269147 -0.337579 0.552568
v 0.346983 -0.307095 0.527595
v 0.385417 -0.299754 0.504254
v 0.420724 -0.315011 0.480266
v 0.476859 -0.312265 0.433888
v -0.456411 0.306218 0.369658
v -0.453642 0.464425 -0.178378
v 0.374581 -0.060577 0.430047
v -0.468020 0.054885 0.425723
v 0.312248 -0.301405 0.537556
v 0.455802 -0.276728 0.445274
v 0.612509 -0.283791 0.245529
v 0.623428 -0.268876 0.197008
v -0.328650 0.104120 0.321633
v -0.123765 0.659736 -0.056241
v -0.414023 0.224837 0.369187
v 0.557979 -0.131378 -0.077799
v -0.379250 0.104866 0.374514
v 0.299899 -0.260148 0.530658
v -0.031255 0.546714 -0.099900
v 0.369539 0.082712 0.342713
v -0.390591 0.075171 0.372535
v 0.348461 -0.266028 0.512858
v -0.469563 0.488957 -0.501557
v -0.017268 0.663060 -0.170435
v 0.455352 -0.066255 0.380352
v 0.582148 -0.073838 0.165789
v 0.412125 -0.122091 0.446874
v 0.377260 -0.239146 0.494331
v 0.472458 -0.252664 0.430111
v 0.498309 -0.264444 0.416369
v 0.537759 -0.303495 0.371984
v -0.609207 0.033329 0.481560
v 0.460508 -0.037067 0.365903
v -0.362774 0.273209 0.282665
v -0.461898 0.097686 0.452355
v -0.485975 0.072936 0.487356
v 0.501747 0.020529 0.277881
v 0.552144 -0.227361 0.351859
v -0.451451 0.545663 -0.566477
v -0.060757 0.637021 -0.134311
v 0.605670 -0.218360 -0.035709
v 0.560923 -0.089663 0.275505
v 0.277370 -0.241987 0.547327
v 0.409095 -0.257334 0.482923
v 0.535592 -0.110305 0.328377
v -0.351408 0.154339 0.345879
v -0.147813 0.561925 -0.057320
v 0.244414 -0.237988 0.561179
v 0.335718 -0.215813 0.505230
v 0.512054 -0.232932 0.405743
v 0.529446 -0.257868 0.379369
v 0.580596 -0.066152 0.026761
v 0.415670 0.005851 0.367284
v -0.058008 0.522785 -0.060717
v 0.039071 0.685644 -0.226247
v -0.081383 0.600853 -0.113297
v -0.316678 0.353700 0.083661
v 0.293353 -0.206321 0.533946
v 0.426737 -0.217437 0.466553
v 0.495573 -0.212569 0.422155
v -0.065428 0.508085 -0.031862
v -0.757942 0.092123 0.268029
v -0.575140 0.273914 -0.066699
v -0.756984 0.110890 0.292562
v -0.605774 0.474167 -0.141336
v -0.761065 0.128442 0.365232
v 0.452242 -0.222149 0.442342
v 0.520525 -0.193892 0.391839
v 0.325614 -0.170224 0.499393
v 0.555863 -0.152717 0.325202
v -0.447104 0.135096 0.430627
v -0.513443 0.172608 0.501490
v -0.038159 0.721499 -0.142991
v 0.319380 0.054889 0.370320
v -0.339175 0.425370 0.118167
v 0.469695 -0.097391 0.394047
v -0.706257 -0.147565 0.040312
v -0.432096 0.326186 0.354497
v -0.418025 0.361464 0.338088
v 0.492125 -0.164899 0.408902
v -0.591170 0.397509 -0.168421
v 0.353974 -0.749321 -0.086782
v 0.340106 -0.749666 -0.146852
v 0.611274 -0.194079 0.220975
v 0.551367 -0.713952 0.030938
v 0.389937 -0.734507 -0.020919
v 0.364368 -0.719920 -0.125077
v 0.404829 -0.704635 0.371488
v 0.634941 -0.677607 0.065650
v 0.384219 -0.725688 -0.047022
v 0.334394 -0.720299 -0.198849
v -0.734532 0.034371 0.377202
v -0.737931 0.035049 0.102768
v -0.457409 0.665686 -0.578218
v 0.057089 0.696948 -0.259964
v -0.454623 0.419733 -0.225789
v -0.254759 -0.152434 -0.225624
v 0.600942 -0.683619 0.020634
v 0.605804 -0.656953 -0.012623
v 0.384978 -0.697987 -0.094629
v 0.056171 0.542740 -0.161517
v -0.455718 0.429044 -0.289971
v 0.075519 0.670325 -0.282702
v 0.582782 -0.247166 -0.091575
v -0.644679 -0.014316 0.294407
v 0.663765 -0.664101 0.145830
v 0.697888 -0.624783 0.050420
v 0.387784 -0.673707 -0.145362
v 0.353065 -0.719319 -0.171365
v -0.182997 0.418084 -0.001328
v 0.655499 -0.649610 0.023024
v 0.487137 -0.103559 -0.146210
v 0.025783 0.514483 -0.133491
v -0.318628 0.261592 0.068064
v 0.072171 0.640350 -0.283908
v 0.696027 -0.636861 0.104277
v 0.682346 -0.617408 0.010401
v 0.407121 -0.122043 -0.208073
v 0.413679 -0.660959 -0.108208
v 0.371576 -0.665636 -0.204563
v -0.050816 0.006482 -0.196953
v -0.370310 0.395909 0.250666
v 0.709150 -0.624529 0.174840
v 0.735314 -0.597103 0.106271
v 0.627426 -0.620872 -0.038716
v -0.670169 0.008649 0.285245
v 0.460086 -0.627758 -0.085082
v 0.452557 -0.621586 -0.128472
v 0.434381 -0.626189 -0.164277
v 0.388409 -0.652335 -0.175285
v 0.359209 -0.630583 -0.221147
v 0.010186 -0.094964 -0.237241
v -0.457134 0.619052 -0.527881
v -0.455448 0.372290 -0.076600
v 0.623990 -0.220743 0.131241
v -0.326218 0.326092 0.089728
v -0.659610 0.013974 0.442215
v -0.353654 0.399106 0.174487
v -0.468159 0.377877 -0.201703
v -0.346919 0.277379 0.236622
v -0.447168 0.649485 -0.606317
v 0.733257 -0.601003 0.155645
v 0.720587 -0.588097 0.032063
v 0.671189 -0.574396 -0.034166
v -0.458811 0.572149 -0.457139
v 0.733210 -0.590461 0.199406
v 0.737088 -0.586479 0.072538
v 0.696550 -0.583273 -0.006207
v -0.221203 -0.764586 -0.290426
v 0.465415 -0.599013 -0.139909
v -0.519954 -0.751083 -0.052067
v 0.756268 -0.547222 0.186479
v -0.093598 0.128739 -0.044735
v -0.365411 0.337860 0.242614
v 0.749782 -0.574047 0.151824
v 0.765990 -0.533858 0.133427
v 0.713507 -0.541814 -0.006616
v 0.435763 -0.588026 -0.202341
v 0.081048 0.626899 -0.267088
v -0.602388 -0.382590 0.264051
v -0.462691 0.487487 -0.429518
v 0.525075 -0.541430 -0.089993
v 0.494012 -0.565185 -0.110062
v 0.465408 -0.576876 -0.162250
v 0.760393 -0.538632 0.094531
v 0.742226 -0.542138 0.040246
v 0.458638 -0.550154 -0.180421
v -0.004236 -0.150119 -0.320853
v -0.691106 -0.005381 0.076582
v 0.773957 -0.485488 0.155916
v 0.763325 -0.497214 0.058397
v 0.741073 -0.502814 0.018886
v 0.556302 -0.503862 -0.064252
v 0.474636 -0.529256 -0.165184
v -0.109613 0.104594 -0.090153
v -0.713938 -0.070797 0.175090
v 0.775796 -0.485794 0.104640
v 0.527159 -0.503096 -0.119665
v 0.410527 -0.537685 -0.242548
v -0.451536 0.584272 -0.526212
v -0.737571 0.025339 0.161410
v -0.716684 0.010169 0.126792
v 0.763588 -0.471267 0.059471
v 0.477413 -0.497079 -0.181327
v -0.767749 0.145203 0.262133
v -0.763890 0.099732 0.379137
v 0.075712 0.629186 -0.241977
v -0.649387 -0.333647 0.233136
v -0.201919 0.404133 -0.020372
v 0.768944 -0.445326 0.185333
v 0.766381 -0.438028 0.085139
v 0.575070 -0.457507 -0.055920
v 0.515468 -0.469647 -0.146467
v -0.450788 0.497785 -0.258063
v -0.597370 0.432227 -0.128987
v 0.549119 -0.454142 -0.111420
v 0.487102 -0.455690 -0.184734
v -0.663585 0.365168 0.030758
v -0.702551 -0.045984 0.097651
v -0.546475 0.708270 -0.554786
v -0.688313 0.143849 -0.027336
v 0.775298 -0.444194 0.139748
v 0.567105 -0.420543 -0.095698
v 0.517826 -0.424852 -0.156832
v -0.750212 0.172475 0.364586
v -0.456246 0.534404 -0.496673
v -0.543681 0.371755 -0.275909
v -0.335639 0.269316 0.019526
v -0.336918 0.313730 0.162917
v 0.766875 -0.417130 0.161716
v -0.446062 0.624622 -0.582657
v 0.417916 -0.443287 -0.235683
v -0.580519 0.397051 -0.277529
v -0.454249 -0.499608 0.204493
v -0.452011 -0.737910 0.439189
v 0.751754 -0.390396 0.130727
v -0.193242 0.126409 -0.082928
v 0.460173 -0.423758 -0.204186
v -0.248809 0.155251 -0.070193
v -0.574257 0.541441 -0.382403
v 0.070162 0.590589 -0.247567
v -0.727771 0.105571 0.035229
v -0.455111 0.534851 -0.406240
v 0.603156 -0.187061 -0.026468
v -0.316335 0.273237 0.132450
v -0.725123 0.263040 0.304588
v -0.574294 0.463008 -0.251671
v 0.541794 -0.371326 -0.126354
v 0.431226 -0.399854 -0.238787
v -0.312228 0.340405 0.042499
v -0.752188 0.058893 0.358427
v -0.545047 -0.363270 0.359698
v -0.452585 0.467521 -0.337846
v 0.070993 0.571626 -0.193602
v 0.601430 -0.385499 -0.022305
v 0.585733 -0.406580 -0.061596
v 0.503062 -0.374161 -0.170348
v 0.464658 -0.387192 -0.212823
v -0.126593 0.452766 -0.011915
v -0.695956 -0.054324 0.059821
v -0.381099 0.363971 0.284390
v 0.610046 -0.250217 -0.021171
v 0.600652 -0.344155 -0.038844
v 0.298978 -0.190995 -0.292698
v -0.502684 -0.190814 -0.174260
v -0.740209 0.125430 0.060998
v 0.624208 -0.355416 0.026074
v -0.762390 0.100382 0.112168
v 0.614364 -0.174317 0.178321
v 0.055574 0.543491 -0.182408
v 0.623120 -0.232730 0.038865
v 0.630535 -0.328521 0.069141
v 0.570825 -0.375889 -0.092881
v 0.600190 -0.107393 0.050153
v -0.343075 0.349762 0.142795
v 0.614938 -0.175375 0.022467
v 0.602234 -0.183656 0.245384
v 0.575522 -0.046787 0.075074
v -0.688122 -0.139489 -0.006651
v 0.575223 -0.317505 -0.082130
v 0.523389 -0.341630 -0.144348
v -0.759357 0.105049 0.326927
v -0.454777 0.414400 -0.146727
v 0.617610 -0.292834 0.006112
v 0.546156 -0.305279 -0.132896
v 0.506653 -0.315693 -0.176325
v -0.742435 0.317726 0.217296
v -0.572036 0.679592 -0.539163
v -0.449678 0.504536 -0.340463
v -0.329466 0.308992 0.052938
v 0.578663 -0.197653 0.298886
v -0.561155 -0.451686 0.187946
v -0.741489 0.287277 0.173711
v 0.596799 -0.092882 0.094753
v -0.556547 0.658808 -0.535354
v -0.590621 0.404870 -0.090209
v -0.684690 -0.075481 0.013936
v -0.602248 0.037416 -0.046168
v 0.630817 -0.315240 0.147863
v 0.589077 -0.286929 -0.066691
v 0.533247 -0.282343 -0.162296
v -0.206194 -0.647975 -0.242268
v -0.683481 0.294292 0.024809
v -0.465125 0.548066 -0.328951
v -0.447906 0.465897 -0.259456
v 0.627194 -0.231898 0.084236
v 0.614319 -0.260476 0.008267
v -0.280421 0.360679 0.017115
v -0.473234 0.693102 -0.587304
v -0.502695 0.705008 -0.566186
v -0.479929 0.686267 -0.558833
v -0.475702 0.627361 -0.492257
v -0.535807 0.704858 -0.531726
v -0.584685 0.421035 0.343741
v 0.005277 0.182191 0.166836
v -0.453153 0.457819 0.180344
v -0.392100 0.435906 0.253693
v -0.204771 0.626647 -0.008663
v -0.573579 0.696467 -0.507948
v -0.622391 0.451484 0.151418
v -0.557047 0.443693 0.295888
v -0.509374 0.670626 -0.503760
v 0.092661 -0.100130 0.474887
v -0.427748 0.444980 0.263733
v -0.605819 0.432400 0.308950
v -0.646959 0.445050 0.196973
v -0.554225 0.487413 -0.054242
v 0.030923 0.746855 -0.255495
v -0.266645 0.142854 0.225189
v -0.523028 0.453688 0.016371
v -0.569473 0.451665 0.023492
v -0.513916 0.641723 -0.453659
v -0.432520 0.425775 0.328876
v -0.066587 0.159278 0.166138
v -0.559764 0.683186 -0.482088
v -0.597948 0.673063 -0.471181
v 0.307072 0.176824 0.251102
v -0.695667 -0.011606 0.119806
v -0.145580 0.111838 0.259711
v -0.323038 0.264428 0.193140
v -0.261298 0.190584 0.092701
v -0.485195 0.436772 0.009139
v -0.208057 0.140000 0.243135
v 0.263087 0.201926 0.207150
v 0.150031 0.209468 0.163607
v 0.204240 0.205419 0.211686
v -0.758739 0.067934 0.118895
v -0.489389 0.454274 0.260176
v -0.697611 0.322659 0.084327
v -0.539307 0.454736 0.069058
v 0.087167 0.200794 0.168723
v -0.274854 0.158402 0.207952
v -0.534214 0.412092 0.367189
v 0.015901 0.744104 -0.220572
v -0.004699 0.767700 -0.199776
v -0.667601 0.423334 0.076807
v -0.713295 -0.126855 0.056788
v -0.715984 0.287640 0.106407
v -0.509797 0.459185 0.142763
v 0.102144 0.161912 0.302264
v -0.719454 0.260298 0.071478
v -0.604059 0.461735 -0.189725
v -0.763757 0.079842 0.233624
v -0.067060 0.164940 0.109969
v -0.497458 0.614851 -0.421278
v -0.523352 0.622524 -0.390133
v 0.739811 -0.391183 0.080308
v -0.585901 0.693022 -0.524020
v -0.150280 0.161651 0.100134
v 0.078119 0.192967 0.220268
v 0.511267 0.017071 -0.022406
v -0.646141 -0.131258 -0.068746
v -0.064980 0.730171 -0.179230
v -0.448408 0.455944 0.110998
v -0.720256 -0.197427 0.212047
v 0.751739 -0.421584 0.057248
v -0.262448 0.176252 0.168423
v 0.476365 0.053163 -0.031785
v -0.718305 -0.153448 0.079338
v -0.749143 0.068736 0.308094
v -0.552830 0.647724 -0.419303
v -0.527398 0.428593 0.338657
v 0.768795 -0.420968 0.114545
v -0.232802 0.160578 0.196072
v 0.496207 0.063302 0.044459
v -0.560224 0.348800 -0.156547
v -0.684694 -0.047083 0.232909
v -0.592505 0.008122 -0.062722
v -0.697369 0.413220 0.258754
v 0.726893 -0.376468 0.106696
v -0.378415 0.450036 0.126124
v 0.535308 0.009416 0.038671
v 0.483027 0.070257 0.016855
v -0.619507 -0.149857 -0.106007
v -0.726073 0.333021 0.309248
v -0.040903 0.757274 -0.150374
v -0.540627 0.511392 -0.097325
v -0.541189 0.611409 -0.327637
v -0.139705 0.154147 0.165948
v -0.376534 0.427510 0.225052
v 0.152469 0.173212 0.292329
v 0.459314 0.100484 0.061117
v 0.425268 0.110010 -0.000361
v -0.725182 -0.106790 0.134181
v -0.586287 0.607300 -0.328799
v -0.117952 0.087856 0.298882
v 0.378706 0.147516 0.010998
v -0.754399 0.079424 0.412017
v 0.192103 -0.100582 0.469381
v -0.398268 0.424800 0.296290
v -0.404640 0.448365 0.193224
v -0.196513 0.117727 0.276706
v -0.573073 0.633313 -0.379868
v 0.683379 -0.367293 0.126987
v -0.492952 0.450993 0.071562
v 0.529028 0.024350 0.104918
v 0.335160 0.166725 0.002233
v -0.639671 0.327880 -0.015313
v -0.749568 0.331199 0.177907
v -0.700241 0.425818 0.155214
v -0.490073 0.574174 -0.305587
v -0.614165 0.585137 -0.335643
v -0.557662 0.373063 0.417141
v 0.752408 -0.400252 0.177796
v 0.736484 -0.382088 0.171394
v 0.717202 -0.370644 0.152236
v 0.642477 -0.365346 0.124300
v 0.291202 0.188117 0.013336
v -0.629898 -0.067094 -0.066275
v -0.598544 0.448717 0.079686
v 0.385481 0.109586 0.308788
v -0.584597 0.391601 0.391760
v -0.091188 0.725023 -0.135411
v -0.511830 0.595218 -0.316275
v 0.336319 0.146455 0.284256
v 0.708173 -0.373422 0.186780
v 0.673236 -0.368281 0.161669
v -0.427816 0.460074 0.079210
v 0.421443 0.135215 0.099819
v 0.360636 0.166679 0.055552
v -0.739577 0.320077 0.260081
v -0.297477 0.229817 0.168896
v -0.073061 0.735829 -0.115448
v 0.254793 0.187197 0.261569
v 0.192927 0.196096 0.248471
v 0.741460 -0.407433 0.211535
v -0.685290 0.431731 0.203783
v 0.496781 0.066886 0.092958
v 0.410474 0.135516 0.048765
v -0.309648 0.227937 0.228740
v -0.467410 0.530951 -0.259130
v -0.498044 0.545477 -0.206708
v -0.517034 0.570942 -0.239596
v -0.559583 0.594331 -0.270134
v 0.650077 -0.375274 0.169946
v -0.105824 0.130166 0.216589
v -0.282767 0.210184 0.111458
v 0.460540 0.103510 0.122993
v 0.304784 0.194466 0.069327
v 0.252219 0.206839 0.062754
v 0.177692 0.204170 0.025866
v 0.198810 -0.119186 0.505356
v -0.356194 0.428750 0.129274
v -0.535589 0.588439 -0.261443
v 0.711602 -0.387587 0.213812
v 0.619623 -0.391956 0.225307
v 0.361213 0.171575 0.112963
v -0.764804 0.166849 0.135050
v -0.706043 -0.042861 0.136459
v -0.060508 -0.195910 0.522805
v -0.452986 0.438410 0.308374
v -0.290507 0.105038 0.276650
v 0.675825 -0.380708 0.206802
v -0.728065 0.294850 0.293086
v -0.365222 0.425092 0.162139
v 0.015737 0.176228 0.215452
v 0.504644 0.055161 0.171813
v 0.408011 0.144616 0.155179
v -0.673660 -0.124692 -0.032762
v -0.194228 0.175492 0.098501
v -0.223888 0.180559 0.050346
v -0.168732 0.675185 -0.081799
v -0.576878 0.462684 -0.025955
v -0.299548 0.226169 0.081213
v -0.681696 0.429971 0.126545
v 0.059346 0.166910 0.275754
v 0.136934 0.205030 0.056428
v -0.719597 -0.131886 0.210790
v -0.480105 -0.756954 0.155084
v -0.474994 -0.751396 0.242721
v -0.499262 -0.743302 0.338494
v 0.366393 -0.137071 -0.227859
v -0.218697 0.504760 -0.123578
v -0.600893 0.201931 -0.069570
v -0.557389 -0.748267 0.070299
v -0.524082 -0.747712 0.120421
v -0.473600 -0.743252 0.176876
v -0.500033 -0.728483 0.332963
v -0.461275 -0.711643 0.427077
v -0.549514 -0.734367 0.086967
v -0.483706 -0.729365 0.259538
v -0.495912 -0.725137 0.296219
v -0.477579 -0.705861 0.394115
v -0.433450 -0.690240 0.442938
v -0.435176 -0.717830 0.452459
v -0.199555 -0.215626 -0.238688
v -0.226939 -0.726744 0.428709
v -0.552152 -0.726533 0.039789
v -0.548928 -0.707650 0.060145
v -0.543651 -0.708597 0.081142
v -0.521995 -0.717583 0.107689
v -0.504526 -0.720838 0.135340
v -0.443249 -0.724360 0.197109
v -0.223789 -0.678193 0.414761
v -0.183451 -0.716401 0.477327
v -0.121501 -0.709401 0.533091
v -0.014231 -0.127314 0.468479
v -0.501154 0.125631 -0.089077
v -0.469538 -0.719759 0.165935
v -0.476149 -0.689422 0.282435
v -0.690555 -0.132006 0.274150
v -0.207003 -0.700041 0.442966
v -0.175332 -0.693024 0.484258
v -0.143721 -0.699317 0.513125
v -0.531965 -0.681529 0.066898
v -0.635785 -0.124254 0.336457
v -0.094723 -0.325948 0.483562
v -0.207006 -0.674893 0.429884
v -0.093767 -0.677271 0.533152
v -0.528364 -0.683447 0.031826
v -0.503557 -0.682531 0.102409
v -0.706047 -0.081739 0.220204
v -0.071436 -0.314259 0.535347
v -0.441015 -0.667965 0.426785
v -0.144171 -0.663785 0.497809
v -0.589286 -0.066858 0.360710
v -0.456245 -0.683403 0.146468
v -0.442508 -0.658338 0.124219
v 0.426559 -0.206153 -0.227018
v -0.608441 -0.280111 0.357977
v -0.435805 -0.643046 0.400887
v -0.081812 -0.284484 0.534211
v -0.176530 -0.656620 0.454230
v -0.130421 -0.634437 0.477469
v 0.016812 -0.102960 0.445003
v -0.505057 -0.660492 0.075958
v -0.410522 -0.637815 0.110626
v -0.350144 0.536998 0.017489
v -0.383733 -0.618421 0.385178
v -0.620483 0.084477 0.506229
v -0.104283 -0.222345 0.479097
v -0.587361 0.495446 -0.104386
v -0.193505 -0.637209 0.407409
v -0.086384 -0.195481 0.488523
v -0.632496 0.064781 0.487625
v -0.357128 -0.626481 0.148584
v -0.152427 -0.597642 0.393415
v -0.146870 -0.632958 0.452532
v -0.035207 -0.162264 0.515885
v -0.553442 -0.186696 0.414948
v -0.368434 -0.608678 0.122019
v -0.656031 0.116396 0.493650
v -0.329536 -0.604877 0.370371
v -0.155312 -0.615532 0.425240
v -0.063221 -0.157101 0.473589
v -0.695463 -0.185039 0.268111
v -0.409123 -0.615082 0.072765
v -0.701695 -0.213139 0.248799
v -0.754369 0.146592 0.407865
v 0.009380 -0.132044 0.501394
v -0.109192 -0.597239 0.433407
v -0.691180 0.324081 0.398498
v -0.582965 -0.201524 0.395810
v -0.726300 0.370795 0.276950
v -0.364875 -0.583002 0.117303
v -0.333679 -0.567637 0.162554
v -0.691852 0.364830 0.348270
v -0.531364 -0.241491 0.421757
v -0.335985 -0.583947 0.340374
v -0.664982 0.393817 0.337409
v -0.123740 -0.579615 0.376373
v -0.719629 0.092234 0.465601
v -0.608927 0.634537 -0.414787
v -0.666173 -0.160986 0.308984
v -0.392667 -0.567554 0.073718
v -0.621348 0.379463 0.394631
v -0.511020 -0.224088 0.435270
v -0.273104 -0.173420 -0.223732
v -0.698043 0.220421 0.467830
v -0.758535 0.106142 0.416296
v -0.340865 -0.574981 0.144558
v -0.329626 -0.539848 0.336243
v -0.729705 0.188226 0.430230
v -0.112534 -0.556750 0.367869
v -0.090663 -0.535368 0.391822
v -0.669014 0.120378 -0.037301
v -0.646547 0.198961 0.521177
v -0.346577 -0.543479 0.159003
v -0.617969 0.641897 -0.466076
v -0.361090 -0.531829 0.209884
v -0.361777 -0.506722 0.262119
v -0.353298 -0.539230 0.266725
v -0.309137 -0.482815 0.367058
v -0.667390 -0.290564 0.270141
v -0.015392 -0.527360 0.497630
v -0.632690 -0.196399 0.345931
v -0.670114 -0.238883 0.292233
v -0.386358 -0.508058 0.230190
v -0.654269 0.349117 0.406001
v -0.073868 -0.379569 0.476811
v -0.085523 -0.476588 0.406422
v -0.743313 0.125950 0.441152
v -0.292755 0.579712 0.007374
v -0.710285 0.332886 0.357077
v -0.701898 0.278973 0.423165
v 0.010849 -0.494030 0.523654
v -0.670028 0.153850 0.504405
v -0.459859 0.025159 -0.136054
v -0.642330 -0.255278 0.331064
v -0.717627 0.060193 0.453928
v -0.034676 -0.479592 0.482121
v 0.041812 -0.485910 0.544241
v -0.536904 -0.284078 0.406099
v -0.670817 0.230886 0.491135
v -0.397595 -0.618705 0.366070
v 0.267453 -0.010288 -0.194728
v -0.391274 -0.743087 0.463761
v -0.592024 0.533874 -0.180211
v -0.669980 -0.073191 0.280383
v -0.714513 0.167013 0.461413
v -0.623259 -0.040272 0.320507
v -0.714054 -0.157403 0.237440
v -0.723095 0.282879 0.376588
v -0.025205 -0.181021 0.538207
v -0.414648 -0.192996 -0.209487
v -0.102455 -0.432116 0.396721
v -0.046155 0.695506 -0.217325
v 0.089768 -0.009849 -0.221857
v -0.071875 -0.242304 0.537164
v -0.436828 0.454537 0.043344
v -0.695883 0.114587 0.484124
v -0.572835 0.396514 -0.326101
v -0.037798 -0.306535 0.560139
v -0.670367 0.290526 0.448938
v -0.061331 -0.745931 0.528655
v -0.693528 0.171301 0.485640
v -0.489278 -0.031278 -0.143177
v -0.046803 -0.360315 0.528577
v -0.596231 0.471368 -0.090355
v -0.604152 -0.246311 0.374208
v -0.673500 0.193241 0.504837
v -0.644206 -0.292228 0.312558
v -0.649032 -0.085537 0.309397
v -0.694519 -0.091575 0.254138
v -0.641442 0.288097 0.473591
v -0.621075 -0.153951 0.354355
v -0.566393 -0.148134 0.402106
v -0.358750 -0.220053 -0.218863
v -0.596399 -0.327149 0.337483
v -0.049903 -0.036457 -0.223270
v -0.715601 0.397411 0.260442
v -0.072781 -0.423193 0.451784
v -0.032173 -0.426567 0.515653
v -0.667769 0.103002 0.491775
v 0.021449 0.643394 -0.259727
v -0.105951 -0.261177 0.487457
v -0.251328 -0.217626 -0.221264
v -0.148931 -0.076134 -0.223523
v -0.110894 -0.058190 -0.228309
v -0.569896 0.099406 -0.078851
v -0.293233 -0.051623 -0.204576
v -0.106118 -0.369566 0.426414
v -0.287321 -0.754895 -0.213632
v -0.281922 -0.712090 -0.210978
v -0.296618 -0.734257 -0.177787
v -0.715656 0.033926 0.058228
v 0.685471 -0.373288 0.090647
v -0.535844 -0.727757 -0.009319
v -0.441224 -0.716042 0.224689
v -0.608959 0.600529 -0.431179
v -0.269924 0.593290 -0.073026
v -0.607864 0.669527 -0.502211
v -0.237411 -0.713400 -0.273650
v -0.274150 -0.740945 -0.242522
v -0.498341 -0.697957 -0.050181
v -0.524413 -0.687520 0.001929
v -0.588399 0.490780 -0.269085
v -0.462862 -0.706118 0.251816
v -0.555022 0.416410 -0.415443
v -0.242507 -0.686974 -0.240610
v -0.301898 -0.713336 -0.140169
v -0.727589 0.182907 0.045458
v -0.601865 0.434677 -0.022971
v -0.533209 0.586003 -0.511736
v -0.479918 -0.685015 0.316169
v -0.253472 0.138703 -0.095602
v -0.312689 0.147043 -0.084076
v -0.253497 -0.668820 -0.215087
v -0.505143 -0.661920 0.015742
v -0.565858 0.444082 -0.299438
v -0.385520 -0.672898 0.191355
v -0.432670 -0.688065 0.229533
v -0.486876 -0.692882 0.353155
v -0.632656 0.401705 0.006052
v -0.272305 -0.682769 -0.179940
v -0.283857 -0.677726 -0.141936
v -0.663086 -0.075716 -0.032933
v -0.486720 -0.645984 0.045575
v -0.586269 0.417861 -0.143937
v -0.376726 -0.642885 0.236126
v -0.456633 -0.665040 0.284933
v -0.460318 -0.650433 0.346229
v -0.467373 -0.667020 0.379740
v -0.434544 -0.654764 -0.041316
v -0.464412 -0.646763 0.004843
v -0.454486 -0.636860 0.071903
v -0.742028 0.386312 0.215070
v -0.402933 -0.642295 0.268653
v -0.404757 -0.629264 0.298900
v -0.227191 0.636325 -0.075753
v -0.728403 0.281932 0.341418
v -0.758006 0.199605 0.251836
v -0.754800 0.173945 0.297517
v -0.171565 -0.692009 -0.296602
v -0.733987 0.063491 0.056755
v -0.417151 -0.624947 0.002125
v -0.549227 0.359484 -0.215678
v -0.355890 -0.647769 0.176863
v -0.426135 -0.629480 0.341724
v -0.407198 0.485500 0.041621
v -0.641583 -0.009593 -0.020190
v -0.351032 -0.641259 0.194213
v -0.350292 -0.616573 0.216470
v -0.608496 0.463541 -0.165992
v -0.206156 -0.625439 -0.171473
v -0.620753 0.432441 0.039876
v -0.408346 -0.598005 0.046108
v -0.358246 -0.597914 0.290467
v -0.361979 -0.610570 0.339676
v -0.567018 0.584933 -0.447918
v -0.376199 -0.623895 -0.059187
v -0.355119 -0.591407 0.244857
v -0.623291 0.571397 -0.355062
v 0.262124 0.132768 -0.098291
v -0.159149 -0.012597 -0.189414
v -0.143326 -0.606187 -0.194069
v 0.627981 -0.404116 0.030143
v 0.503263 -0.005639 -0.069895
v -0.382463 -0.574584 -0.039461
v -0.400971 -0.605704 -0.015319
v -0.334897 -0.611271 0.171648
v -0.337944 -0.603027 0.191741
v -0.350866 -0.569013 0.287056
v -0.508837 0.551103 -0.554664
v -0.134706 -0.581199 -0.176761
v 0.076921 0.011907 -0.205432
v -0.402685 -0.558016 0.023396
v -0.159476 0.673727 -0.116275
v -0.122088 -0.589607 -0.221758
v -0.145823 -0.584347 -0.138868
v -0.388731 -0.532422 -0.033510
v -0.341152 -0.564124 0.197531
v -0.720746 0.414684 0.200866
v -0.603522 0.635608 -0.478676
v -0.617770 0.539804 -0.318259
v -0.107451 -0.562044 -0.251474
v -0.376628 -0.548686 0.103268
v -0.702406 0.203633 0.009116
v -0.732085 0.225548 0.059221
v -0.754318 0.217280 0.154306
v -0.318392 0.544987 -0.050592
v -0.372657 -0.502667 -0.075992
v -0.406333 -0.525425 0.087260
v -0.699939 0.282809 0.045576
v -0.761887 0.206971 0.199193
v -0.744812 0.228930 0.246886
v 0.386158 0.074793 -0.100153
v -0.128463 -0.521217 -0.213113
v -0.144887 -0.550174 -0.143878
v -0.422013 -0.509914 0.026141
v -0.734409 0.255339 0.141492
v -0.447686 0.606227 -0.616792
v -0.492694 0.553522 -0.586441
v -0.077391 0.698326 -0.187270
v 0.006691 0.727625 -0.260372
v -0.140086 -0.532280 -0.178350
v 0.272651 -0.140456 -0.258990
v -0.406908 -0.506958 -0.010786
v -0.723456 0.262790 0.259528
v 0.211723 -0.063070 -0.215151
v -0.735762 0.222989 0.310827
v -0.739946 0.283263 0.205626
v -0.774369 0.159282 0.222015
v -0.735361 0.209723 0.381388
v -0.282818 0.119585 -0.115694
v 0.281488 -0.119823 -0.230242
v -0.224271 -0.110414 -0.219127
v -0.487087 0.483472 -0.556003
v -0.606087 0.523791 -0.207546
v -0.317792 0.566661 -0.025256
v -0.601221 0.432879 -0.090786
v -0.509498 0.471222 -0.539821
v 0.697072 -0.449956 -0.005111
v -0.122540 -0.491419 -0.249182
v -0.142661 -0.451671 -0.227511
v 0.410505 -0.075645 -0.183138
v -0.386728 0.502761 0.013763
v -0.498420 0.501827 -0.568427
v -0.613995 0.505061 -0.239997
v -0.015199 0.094602 -0.111107
v 0.385138 -0.006626 -0.150811
v -0.515818 0.495765 -0.542088
v -0.086448 -0.500175 -0.308647
v -0.097395 -0.451420 -0.316649
v -0.116249 -0.480264 -0.279385
v -0.158049 -0.489614 -0.154530
v -0.540715 0.058904 -0.079564
v -0.529797 0.491597 -0.494182
v -0.135241 -0.425313 -0.276549
v -0.161766 -0.438608 -0.183855
v 0.303343 -0.076721 -0.215793
v 0.612093 -0.404671 0.009476
v 0.146009 0.019328 -0.196587
v -0.552277 -0.431794 -0.007226
v -0.618988 0.629131 -0.427205
v -0.664112 0.404953 0.042128
v -0.706382 0.235227 0.023975
v 0.431488 -0.256638 -0.231517
v -0.581007 -0.398067 -0.022854
v -0.377755 -0.186631 -0.220987
v -0.564417 0.420873 -0.357035
v -0.577501 0.619614 -0.475510
v -0.118799 -0.419425 -0.306102
v 0.341737 -0.077656 -0.214877
v -0.644566 -0.372008 0.071020
v -0.581815 0.438519 -0.189745
v -0.747557 0.217366 0.106382
v 0.159763 -0.150609 -0.320563
v -0.608180 -0.362269 -0.053264
v -0.630580 -0.374710 0.030420
v -0.648267 -0.367554 0.111617
v -0.568785 0.376339 -0.202363
v -0.745090 0.382599 0.162701
v -0.740493 0.360301 0.148090
v -0.517431 0.649041 -0.571879
v -0.104531 -0.027515 -0.212797
v 0.382444 0.125122 -0.029317
v -0.622604 -0.365017 -0.008452
v -0.652627 -0.342323 0.017615
v -0.669358 -0.334542 0.089586
v -0.734049 0.392517 0.130351
v 0.176490 0.064742 -0.173371
v -0.577767 0.414144 -0.286480
v -0.122866 -0.373014 -0.333545
v -0.143832 -0.362365 -0.303399
v -0.158058 -0.382704 -0.248666
v -0.637752 -0.336182 -0.029879
v -0.726902 0.336998 0.124885
v -0.605876 0.363383 -0.043543
v -0.560953 0.481236 -0.341094
v 0.239355 0.044563 -0.183456
v -0.177018 -0.340960 -0.223731
v -0.670899 -0.294365 0.022951
v -0.669397 -0.329857 0.046673
v -0.694038 -0.292953 0.105354
v -0.692607 -0.302949 0.144408
v -0.647419 -0.322754 0.267273
v 0.434670 0.024601 -0.105095
v -0.592406 0.464047 -0.214205
v -0.732113 0.406074 0.157527
v -0.543557 0.531252 -0.453605
v -0.164101 -0.333528 -0.277084
v -0.564623 -0.302422 -0.137499
v -0.624851 -0.301772 -0.070125
v -0.692337 -0.275803 0.195427
v -0.675346 -0.294961 0.221805
v -0.545506 0.470449 -0.421831
v -0.567476 0.509822 -0.352884
v 0.335334 -0.003137 -0.170200
v -0.141780 -0.332051 -0.328165
v -0.455584 0.652222 -0.614860
v -0.007871 0.046872 -0.172050
v -0.655532 -0.293497 -0.024039
v -0.617781 0.302753 -0.046031
v -0.121303 -0.309784 -0.350498
v -0.144249 -0.298129 -0.321823
v -0.164579 -0.306043 -0.271461
v -0.278966 0.076894 -0.147259
v -0.629229 -0.259993 -0.087609
v -0.682413 -0.264082 -0.000776
v -0.699756 -0.258812 0.124190
v -0.698739 -0.275610 0.151743
v -0.683054 -0.250494 0.256794
v -0.601750 -0.272901 -0.114506
v -0.659756 -0.267951 -0.043687
v -0.693796 -0.276539 0.063639
v -0.743600 0.312176 0.156739
v -0.578380 0.337588 -0.071505
v -0.666477 0.237070 -0.016873
v -0.590039 0.411187 -0.198812
v -0.581233 0.425041 -0.193974
v -0.355136 0.113705 -0.107981
v -0.139332 -0.247984 -0.305067
v -0.157897 -0.282833 -0.291002
v -0.696540 -0.232855 0.009167
v 0.042990 -0.038819 -0.223602
v -0.717851 0.358327 0.098780
v -0.688089 0.368991 0.065981
v -0.707104 0.403890 0.101525
v -0.433127 -0.746756 0.449076
v -0.714834 -0.233569 0.081029
v -0.720117 -0.224605 0.142265
v -0.712003 -0.235996 0.154667
v -0.701903 -0.237813 0.224210
v -0.578092 0.370521 -0.141724
v -0.179071 -0.261901 -0.243023
v -0.681641 -0.202635 -0.030068
v -0.712906 -0.224844 0.048490
v -0.746897 0.352058 0.222772
v -0.775796 0.116132 0.179043
v -0.123637 -0.248326 -0.336668
v -0.137570 -0.216001 -0.275507
v -0.609697 -0.223812 -0.116948
v -0.639275 -0.220219 -0.078003
v -0.664717 -0.207493 -0.056503
v -0.725979 -0.206870 0.116455
v -0.728976 0.294866 0.137748
v -0.603341 0.412862 -0.055823
v -0.343206 0.535152 -0.026641
v -0.696422 0.174484 -0.014864
v -0.528048 0.446816 -0.501887
v -0.704644 -0.181160 0.042059
v -0.722854 -0.178489 0.105699
v -0.728115 -0.186261 0.178123
v -0.659316 0.317426 0.012529
v -0.558176 0.334553 -0.109871
v -0.608764 0.558839 -0.367773
v 0.017228 -0.163626 -0.343173
v -0.542565 0.445428 -0.457785
v -0.755311 0.150129 0.091590
v -0.592459 -0.191888 -0.136432
v -0.661420 -0.169343 -0.061856
v 0.063896 -0.156337 -0.337849
v -0.125303 0.045363 -0.158446
v -0.204174 0.057164 -0.151730
v 0.043709 -0.073659 -0.238225
v 0.234518 -0.220815 -0.329458
v 0.103888 -0.173498 -0.348176
v 0.326010 0.097396 -0.114156
v 0.459036 -0.077509 -0.157684
v 0.588815 -0.467454 -0.025405
v 0.455239 -0.122828 -0.174973
v -0.031868 -0.074429 -0.233929
v 0.505492 -0.265819 -0.186305
v -0.018849 0.766702 -0.202487
v 0.232163 0.076758 -0.162827
v 0.731060 -0.424561 0.026525
v 0.114400 0.026680 -0.196133
v 0.625702 -0.455972 -0.012166
v 0.067099 -0.119964 -0.277314
v -0.436577 0.073304 -0.113546
v 0.297348 0.086465 -0.139794
v 0.320365 -0.152481 -0.244371
v -0.140921 -0.628170 -0.249540
v -0.009654 0.754974 -0.230493
v 0.037659 -0.001975 -0.201612
v -0.544057 -0.716174 0.007722
v 0.347056 -0.039489 -0.177293
v -0.168227 0.081783 -0.119275
v -0.331060 0.076573 -0.144025
v 0.101130 0.072461 -0.153593
v 0.013493 0.757500 -0.247959
v -0.138031 -0.721875 -0.301238
v 0.035805 0.737459 -0.275195
v -0.310586 0.014013 -0.174821
v 0.037018 -0.194500 -0.366593
v -0.463165 0.440284 0.029730
v -0.383389 0.002900 -0.176727
v 0.057040 0.717972 -0.280425
v -0.097681 -0.755302 -0.291138
v 0.101612 -0.080039 -0.235193
v -0.401956 0.471911 0.006024
v 0.358774 -0.183554 -0.248902
v 0.302739 0.140729 -0.068361
v -0.049297 -0.118151 -0.243069
v -0.003414 -0.121686 -0.249243
v -0.418973 0.411472 -0.006580
v 0.203649 0.174228 -0.044672
v 0.082638 -0.103048 -0.243511
v 0.046288 0.710250 -0.290612
v -0.443132 0.428261 0.009998
v -0.127698 0.069127 -0.136755
v 0.473309 0.019861 -0.081861
v -0.149133 -0.751145 -0.306590
v 0.031097 0.689211 -0.281264
v 0.284217 0.052637 -0.163857
v -0.451928 0.400546 -0.016297
v 0.534848 -0.092303 -0.098486
v 0.653135 -0.384278 0.060005
v 0.163350 0.096106 -0.136106
v 0.335480 -0.201121 -0.271272
v 0.237841 -0.124959 -0.248003
v -0.264260 -0.639624 -0.117717
v 0.084446 0.035100 -0.182398
v 0.044464 0.053417 -0.164869
v 0.636353 -0.358719 0.101395
v 0.421200 -0.009088 -0.135797
v -0.256587 0.036988 -0.161880
v 0.745455 -0.460676 0.026278
v -0.429097 -0.736902 -0.094949
v 0.135930 -0.006050 -0.215239
v 0.438216 -0.488803 -0.222921
v 0.239038 -0.083144 -0.212310
v -0.214249 0.144292 -0.073257
v 0.427424 0.055375 -0.082194
v -0.444971 -0.763258 -0.093217
v -0.426659 0.372135 -0.018885
v 0.273074 -0.093490 -0.221095
v 0.498822 -0.074922 -0.127872
v 0.293187 -0.054722 -0.199160
v 0.398888 -0.162273 -0.222107
v 0.483562 -0.177413 -0.182043
v 0.230731 -0.103156 -0.222969
v -0.241164 -0.641042 -0.179426
v 0.522082 -0.120372 -0.120090
v 0.262144 0.109930 -0.129378
v 0.705360 -0.381987 0.068010
v 0.424212 0.085812 -0.050331
v -0.213494 -0.677594 -0.268940
v -0.114116 0.009426 -0.180019
v -0.434528 0.331650 -0.037906
v 0.358177 -0.062115 -0.193331
v 0.243455 -0.185439 -0.316431
v 0.097247 0.121752 -0.113644
v -0.022467 -0.136639 -0.275799
v -0.001526 -0.035334 -0.220030
v 0.161277 -0.090273 -0.228578
v 0.077829 0.150543 -0.077912
v -0.513354 0.698351 -0.588160
v -0.067994 0.049122 -0.155774
v -0.430304 -0.673837 -0.066469
v 0.699249 -0.512136 -0.028854
v -0.201310 -0.731186 -0.297142
v -0.394143 0.311661 -0.028027
v 0.534967 -0.064976 -0.079621
v -0.190843 0.101744 -0.106405
v 0.074439 -0.248023 -0.381125
v -0.433265 0.101879 -0.093791
v -0.230420 0.113351 -0.115703
v 0.451230 -0.017464 -0.126234
v 0.149275 0.057131 -0.171694
v 0.554490 -0.200727 -0.125497
v 0.150649 -0.179818 -0.343105
v 0.668016 -0.486139 -0.034650
v 0.726598 -0.473158 0.006904
v 0.372623 0.049277 -0.131038
v 0.016350 0.077547 -0.144655
v -0.540587 -0.387159 0.338951
v 0.394748 -0.236200 -0.249255
v 0.521597 -0.227871 -0.171090
v 0.352017 0.112291 -0.076804
v -0.086251 -0.688050 -0.292048
v 0.085923 -0.134486 -0.308098
v -0.400098 -0.763521 -0.111663
v -0.177878 -0.654810 -0.271229
v -0.234509 0.080493 -0.136741
v 0.331878 0.037975 -0.154969
v 0.594361 -0.494285 -0.034584
v -0.338864 -0.742901 -0.123808
v 0.241455 -0.157164 -0.296832
v -0.029059 -0.173087 -0.346369
v 0.047178 0.119663 -0.097121
v 0.656067 -0.417682 0.016953
v 0.137138 -0.118235 -0.274032
v -0.363980 0.265030 -0.016580
v -0.304892 0.203275 0.016909
v 0.212660 0.102144 -0.139314
v 0.144158 0.126793 -0.103825
v -0.080325 -0.143680 -0.251621
v -0.254961 -0.739341 -0.272536
v -0.375874 0.238232 -0.039920
v -0.337386 0.231406 -0.010872
v 0.194048 -0.132833 -0.284071
v 0.089845 0.179861 -0.019430
v 0.233120 0.197992 0.009288
v 0.515437 -0.179519 -0.156546
v -0.509869 0.706629 -0.581910
v -0.169146 0.012897 -0.180784
v 0.212639 0.140469 -0.094291
v -0.065694 -0.168332 -0.320318
v -0.321813 0.195805 -0.013229
v 0.160192 0.180032 -0.032490
v 0.192969 -0.203684 -0.336284
v 0.242561 0.017419 -0.195543
v 0.455920 -0.190687 -0.203702
v -0.367893 0.141485 -0.073470
v -0.309428 0.104183 -0.128130
v -0.028154 0.108660 -0.095488
v -0.482466 0.697655 -0.597586
v -0.349033 -0.726056 -0.117634
v -0.353235 0.190723 -0.041187
v -0.285336 0.186889 0.015819
v 0.137537 0.189685 -0.010688
v 0.240138 0.169936 -0.052074
v 0.284701 0.169755 -0.031851
v 0.698572 -0.405172 0.031291
v -0.462203 0.678835 -0.603936
v 0.450056 -0.458347 -0.206980
v 0.512010 -0.051960 -0.102249
v 0.477760 -0.023235 -0.110584
v -0.321836 0.045792 -0.159667
v -0.160209 0.127790 -0.059088
v -0.339921 0.169389 -0.048183
v -0.185009 0.152521 -0.031543
v 0.732561 -0.402745 0.049192
v 0.005604 0.148958 -0.036500
v -0.001696 0.009719 -0.195864
v -0.372873 -0.704448 -0.105447
v -0.173897 -0.627120 -0.223015
v 0.304999 -0.163118 -0.264277
v 0.176808 -0.109911 -0.243557
v -0.296586 0.170135 -0.048843
v -0.249347 0.166500 -0.041742
v -0.041997 0.129104 -0.061190
v 0.046704 0.154997 -0.052008
v 0.124186 0.161815 -0.069495
v 0.182094 -0.754440 -0.232652
v 0.019546 -0.751551 -0.260719
v -0.045987 -0.754309 -0.279588
v 0.288100 -0.742641 -0.217358
v 0.206257 -0.740968 -0.238781
v -0.343387 -0.136084 -0.220951
v -0.380125 -0.121235 -0.214254
v -0.107962 0.595722 -0.181704
v 0.301607 -0.708486 -0.224963
v 0.211927 -0.715516 -0.241703
v 0.099530 -0.737815 -0.251771
v 0.035206 -0.725264 -0.263918
v -0.308719 -0.741094 -0.133012
v -0.287893 -0.016877 -0.187967
v -0.332949 -0.003168 -0.185045
v -0.489658 -0.737565 -0.072073
v -0.066550 0.580213 -0.188229
v 0.122090 -0.718214 -0.254129
v -0.081533 -0.727849 -0.291527
v 0.458086 -0.728678 -0.002747
v 0.088539 -0.687361 -0.259113
v -0.000030 -0.704722 -0.275654
v -0.483553 0.301194 -0.076849
v -0.302793 -0.695253 -0.118698
v -0.516698 -0.727483 -0.049557
v 0.541277 -0.700165 -0.008585
v 0.521507 -0.689690 -0.028075
v 0.219829 -0.686897 -0.240657
v 0.354615 -0.099182 -0.221273
v -0.437100 -0.027415 -0.170423
v -0.455735 -0.700799 -0.074040
v 0.422578 -0.707421 -0.040251
v 0.165725 -0.668311 -0.251244
v 0.086920 -0.667869 -0.261401
v -0.005616 -0.669886 -0.276652
v -0.096159 -0.655520 -0.282097
v 0.206073 -0.007827 -0.202038
v -0.414316 -0.145356 -0.206160
v -0.493216 -0.678847 -0.027539
v -0.441591 -0.160530 -0.190157
v 0.481531 -0.675767 -0.046745
v -0.167401 -0.738834 0.490900
v 0.340536 -0.658904 -0.230672
v 0.274385 -0.660644 -0.249262
v 0.211851 -0.644193 -0.267890
v 0.085502 -0.650773 -0.284411
v 0.010524 -0.651821 -0.278778
v 0.457911 -0.655282 -0.061863
v 0.249695 -0.651730 -0.251787
v 0.158379 -0.648478 -0.273083
v 0.150975 -0.624068 -0.299289
v -0.147350 -0.654856 -0.280794
v -0.168188 0.466887 -0.110249
v -0.339504 -0.671164 -0.100187
v 0.536917 -0.628728 -0.061057
v 0.417764 -0.675814 -0.070170
v 0.413632 -0.618564 -0.196728
v 0.307649 -0.646468 -0.247065
v 0.301769 -0.615957 -0.265515
v 0.205317 -0.620980 -0.290260
v 0.080061 -0.631692 -0.298816
v 0.030470 -0.583609 -0.322435
v -0.044000 -0.635689 -0.279513
v 0.564944 -0.645674 -0.045274
v 0.504282 -0.615083 -0.063905
v -0.485513 -0.109314 -0.168201
v 0.180876 -0.598423 -0.303574
v 0.086211 -0.603802 -0.310714
v -0.003835 -0.620155 -0.297419
v -0.092486 -0.625335 -0.261495
v -0.679462 0.005575 0.394884
v -0.345161 -0.619553 -0.079310
v -0.657057 0.174289 -0.046796
v 0.554645 -0.585293 -0.066910
v -0.588423 -0.107856 -0.119276
v 0.370853 -0.588768 -0.248954
v 0.227444 -0.592493 -0.291194
v -0.087275 -0.587533 -0.268847
v -0.187619 -0.608261 -0.128650
v -0.260182 0.519758 -0.103375
v -0.487928 0.664311 -0.605047
v -0.173503 0.642020 -0.133126
v 0.604740 -0.600638 -0.059844
v -0.335416 0.452360 -0.051928
v 0.422650 -0.561963 -0.216910
v 0.269506 -0.609675 -0.277506
v -0.052424 -0.566140 -0.301356
v -0.160747 -0.585484 -0.108887
v -0.208130 -0.606912 -0.116261
v -0.239498 -0.609409 -0.112862
v -0.295844 -0.627352 -0.100860
v 0.612740 -0.569330 -0.063328
v 0.500064 -0.592054 -0.072383
v 0.324792 -0.590567 -0.263978
v 0.236350 -0.552158 -0.305611
v 0.189433 -0.547232 -0.313344
v 0.173937 -0.573581 -0.305138
v 0.131527 -0.583570 -0.314579
v 0.073763 -0.548268 -0.336540
v -0.025013 -0.520012 -0.339197
v -0.442835 0.236359 -0.072249
v -0.265089 -0.545692 -0.114021
v -0.442797 0.581117 -0.591921
v 0.643755 -0.572824 -0.051300
v -0.206022 0.012817 -0.182433
v 0.367733 -0.558163 -0.271082
v 0.221983 -0.518434 -0.309038
v 0.061972 -0.566231 -0.334033
v -0.181975 -0.578944 -0.103474
v -0.296704 -0.589217 -0.098300
v -0.511445 0.047100 -0.095107
v -0.542474 0.413849 -0.446793
v 0.109104 -0.754354 -0.242245
v 0.336430 -0.546703 -0.282846
v 0.275119 -0.555384 -0.297675
v 0.156181 -0.507336 -0.333609
v 0.115682 -0.545370 -0.328402
v -0.349050 -0.577552 -0.074047
v -0.358255 -0.501822 -0.089567
v -0.557978 -0.124633 -0.144345
v 0.611321 -0.544080 -0.060363
v 0.552642 -0.552912 -0.061823
v 0.556394 -0.524177 -0.052585
v 0.075993 -0.507159 -0.344371
v -0.184617 -0.549411 -0.105451
v -0.215356 -0.557225 -0.109053
v -0.009267 -0.739365 0.522222
v 0.668073 -0.521302 -0.046212
v 0.629348 -0.509472 -0.047770
v 0.319111 -0.504062 -0.286458
v 0.271132 -0.526395 -0.299952
v 0.106655 -0.499692 -0.346958
v 0.044826 -0.508296 -0.352685
v 0.023339 -0.470900 -0.368659
v -0.298494 -0.503851 -0.121358
v -0.397713 0.145767 -0.071886
v -0.624367 0.103282 -0.056745
v -0.625340 0.153805 -0.061176
v 0.391408 -0.517338 -0.260141
v 0.244279 -0.481277 -0.311358
v 0.201110 -0.497692 -0.324811
v -0.000111 -0.489508 -0.359293
v -0.156911 -0.530297 -0.121047
v -0.173074 -0.487594 -0.130531
v -0.170962 -0.532007 -0.110476
v -0.218228 -0.519227 -0.115058
v -0.282076 -0.475021 -0.133904
v -0.400952 0.237614 -0.056271
v -0.280531 0.472343 -0.086732
v -0.618087 -0.405691 0.118107
v -0.069292 -0.083644 -0.238364
v -0.113221 -0.109036 -0.235801
v -0.332759 0.397505 -0.036420
v -0.162476 -0.142674 -0.234265
v 0.363212 -0.481612 -0.272925
v -0.220639 -0.068861 -0.206414
v -0.321521 -0.539449 -0.102209
v -0.371922 0.347605 -0.011093
v -0.287297 -0.117152 -0.217295
v -0.341101 -0.094803 -0.216194
v 0.400466 -0.474335 -0.250480
v 0.265421 -0.470446 -0.311414
v 0.159347 -0.456664 -0.344909
v 0.082744 -0.462243 -0.358505
v -0.316507 -0.454319 -0.130299
v -0.355243 -0.040779 -0.192712
v -0.384645 -0.080592 -0.198971
v -0.422412 -0.111938 -0.192230
v -0.410459 -0.058910 -0.185257
v -0.103126 0.630956 -0.185389
v 0.396328 -0.431434 -0.262975
v 0.313199 -0.456305 -0.298557
v 0.282721 -0.426446 -0.309012
v -0.009385 -0.439652 -0.376573
v -0.482589 0.242950 -0.080900
v -0.590285 0.322200 -0.058090
v -0.245615 -0.485887 -0.128138
v -0.393471 -0.483045 -0.057541
v -0.453253 -0.473807 -0.045203
v -0.204917 0.542646 -0.136271
v -0.030181 0.548689 -0.176090
v 0.230889 -0.448097 -0.325630
v 0.108758 -0.407104 -0.359335
v 0.062622 -0.422268 -0.365171
v -0.185849 -0.434086 -0.154349
v -0.371937 -0.455873 -0.093255
v -0.470515 -0.446537 -0.069393
v -0.471201 0.175164 -0.085495
v -0.101399 -0.740420 0.533518
v 0.364195 -0.432186 -0.283561
v 0.290760 -0.402921 -0.315532
v 0.222273 -0.419780 -0.327305
v 0.123924 -0.436068 -0.348702
v -0.051105 -0.430812 -0.365358
v -0.288423 0.444435 -0.072969
v -0.348726 -0.433753 -0.121204
v -0.413044 -0.437601 -0.100443
v -0.401914 0.328926 -0.022403
v -0.638503 0.209725 -0.044398
v -0.397435 0.182834 -0.062015
v 0.345589 -0.400875 -0.294047
v 0.232989 -0.394341 -0.335253
v 0.175591 -0.397915 -0.344626
v 0.035649 -0.409332 -0.379175
v -0.505900 0.086709 -0.087301
v -0.213187 -0.460637 -0.138291
v 0.186536 0.028076 -0.197943
v -0.591500 -0.420554 0.181180
v 0.067988 -0.375545 -0.376614
v -0.011753 -0.396122 -0.384439
v -0.062352 -0.374475 -0.380726
v -0.093193 -0.390485 -0.354515
v -0.517346 0.290677 -0.078047
v -0.184622 -0.391584 -0.180119
v -0.247574 -0.404520 -0.167741
v -0.360309 -0.399271 -0.148650
v -0.501780 -0.425870 -0.068094
v 0.065563 0.687323 -0.295389
v -0.584718 0.165750 -0.080242
v -0.705591 0.022571 0.420495
v 0.255511 -0.359244 -0.333982
v -0.474487 0.502242 -0.570415
v -0.275532 -0.368538 -0.178744
v -0.289618 -0.407807 -0.159288
v -0.311566 -0.376830 -0.161070
v -0.410218 -0.406880 -0.144165
v -0.552708 -0.386879 -0.074714
v 0.422737 -0.361315 -0.249385
v 0.325205 -0.364697 -0.297478
v 0.216222 -0.364620 -0.345525
v 0.145480 -0.363047 -0.358872
v 0.094173 -0.354264 -0.372238
v -0.034245 -0.331308 -0.390443
v -0.172154 -0.381247 -0.208232
v -0.216926 -0.373861 -0.175022
v -0.475917 -0.371097 -0.153353
v -0.476799 -0.400387 -0.122618
v -0.070535 0.514193 -0.145042
v 0.389053 -0.375334 -0.269001
v 0.323332 -0.336390 -0.296069
v 0.283749 -0.353654 -0.313839
v 0.020693 -0.325853 -0.384907
v 0.007820 -0.359372 -0.388644
v -0.343028 -0.371541 -0.162431
v -0.411887 -0.362081 -0.175223
v -0.528076 -0.379031 -0.109344
v -0.591953 0.069153 -0.065577
v -0.211868 -0.027115 -0.199758
v 0.274970 -0.303368 -0.320096
v 0.114575 -0.319614 -0.374769
v -0.092812 -0.340347 -0.367802
v -0.223602 0.469628 -0.105805
v -0.488091 -0.343660 -0.167501
v -0.533768 -0.345627 -0.138392
v -0.574906 -0.354176 -0.093538
v -0.466281 0.616279 -0.614122
v 0.474857 -0.344991 -0.207781
v 0.361058 -0.312081 -0.277440
v 0.082016 -0.308873 -0.379052
v -0.063993 -0.336575 -0.383865
v -0.213170 -0.338359 -0.186444
v -0.274303 -0.325619 -0.190266
v -0.342247 -0.345209 -0.181869
v -0.537943 0.197223 -0.087629
v 0.449485 -0.314406 -0.224325
v 0.244024 -0.307901 -0.337146
v 0.217511 -0.321988 -0.344098
v 0.009425 -0.290605 -0.391856
v -0.017013 -0.268821 -0.390107
v -0.629385 0.258425 -0.041482
v -0.141794 0.561206 -0.162412
v -0.189490 -0.329777 -0.193740
v -0.321439 -0.311396 -0.195757
v -0.382650 -0.321368 -0.197555
v 0.405068 -0.299856 -0.254501
v 0.290549 -0.267693 -0.307716
v 0.186558 -0.255332 -0.348385
v 0.165922 -0.312846 -0.357821
v 0.163737 -0.272786 -0.363807
v 0.123907 -0.274315 -0.374672
v -0.164015 -0.044428 -0.206476
v -0.224062 -0.286896 -0.205710
v -0.435546 -0.304594 -0.193755
v -0.249710 -0.062589 -0.208329
v 0.055968 -0.275127 -0.384896
v -0.063807 -0.285390 -0.383292
v -0.104324 -0.296551 -0.366207
v -0.186694 -0.300299 -0.223259
v -0.280634 -0.282281 -0.204735
v -0.338471 -0.279166 -0.213659
v -0.387218 -0.282984 -0.213538
v -0.712888 0.011288 0.185161
v -0.552353 0.008532 0.453614
v -0.165590 0.596379 -0.154490
v -0.500382 -0.480555 0.215768
v 0.475314 -0.282570 -0.200405
v 0.330251 -0.237456 -0.289520
v -0.530548 -0.099471 -0.148478
v -0.470354 -0.285214 -0.189089
v -0.511140 -0.300897 -0.171282
v -0.289513 0.531815 -0.081780
v 0.285284 -0.222152 -0.308601
v 0.241343 -0.249560 -0.328294
v 0.133652 -0.232081 -0.364610
v -0.101633 -0.257132 -0.363617
v -0.197526 -0.249098 -0.225762
v -0.219903 -0.249933 -0.219176
v -0.408761 -0.239677 -0.210983
v -0.457810 -0.238315 -0.191693
v -0.545945 0.144625 -0.085944
v 0.316024 -0.111851 -0.228429
v -0.043620 0.646925 -0.219771
v 0.019766 -0.229372 -0.383171
v -0.064849 -0.207580 -0.360272
v -0.347948 -0.258039 -0.216010
v -0.526802 -0.245696 -0.171984
v -0.541164 -0.026775 -0.114966
v 0.469461 -0.239420 -0.204081
v -0.387773 0.054509 -0.146460
v 0.087027 -0.211559 -0.365522
v -0.644055 0.018249 -0.008830
v -0.019714 -0.203880 -0.369917
v -0.042996 -0.236383 -0.378491
v -0.090091 -0.213364 -0.350823
v -0.321840 -0.194942 -0.218172
v -0.190741 -0.754500 -0.308452
v -0.163636 -0.766195 -0.297219
v -0.091632 -0.767390 -0.263211
v 0.000833 -0.766144 -0.246254
v 0.114522 -0.763970 -0.226004
v 0.232852 -0.759330 -0.208549
v 0.307512 -0.753460 -0.186129
v -0.256652 -0.760369 -0.272606
v -0.164403 -0.766472 -0.267194
v 0.230822 -0.760602 -0.187642
v -0.274650 -0.765623 -0.219144
v -0.068706 -0.765950 -0.232178
v 0.052422 -0.763306 -0.210543
v 0.147602 -0.761721 -0.193311
v 0.185332 -0.757663 -0.166079
v -0.105153 -0.763159 -0.150479
v 0.027627 -0.756579 -0.125554
v 0.263895 -0.760188 -0.154241
v -0.183983 -0.763908 -0.205083
v 0.175842 -0.748463 -0.075749
v 0.243823 -0.757793 -0.097341
v 0.308562 -0.757426 -0.144957
v -0.226811 -0.766078 -0.236125
v -0.204367 -0.762200 -0.063990
v 0.326713 -0.758098 -0.029667
v -0.310712 -0.760897 -0.154183
v -0.307208 -0.766033 -0.128046
v 0.287670 -0.758906 -0.059571
v 0.372156 -0.746584 -0.037807
v 0.367689 -0.753820 -0.018985
v -0.282576 -0.766255 -0.125275
v -0.346990 -0.764969 -0.120825
v 0.458874 -0.744260 0.035631
v -0.391644 -0.766961 -0.091246
v 0.331643 -0.758312 0.022949
v 0.351826 -0.757276 0.118975
v 0.405539 -0.755553 0.039885
v 0.491700 -0.744100 0.070246
v -0.469151 -0.764491 -0.080066
v -0.474661 -0.766635 -0.051253
v 0.466598 -0.752459 0.098349
v -0.359292 -0.767281 -0.018118
v 0.524068 -0.736994 0.098155
v -0.502775 -0.763859 -0.061688
v 0.419316 -0.756791 0.110126
v 0.450494 -0.751796 0.160167
v -0.502322 -0.450800 0.272929
v 0.407316 -0.754093 0.177392
v 0.595199 -0.702489 0.089322
v -0.418033 -0.767638 -0.002167
v -0.541610 -0.758803 -0.007837
v -0.522654 -0.765084 -0.001976
v -0.480248 -0.767201 0.028222
v 0.502767 -0.737787 0.162670
v 0.540504 -0.727161 0.148158
v 0.616773 -0.689950 0.160083
v -0.556732 -0.739701 0.015533
v -0.546973 -0.757730 0.042026
v 0.403903 -0.743354 0.253377
v 0.580622 -0.696409 0.207519
v -0.309745 -0.767480 0.041789
v 0.466693 -0.739772 0.198722
v 0.368820 -0.750533 0.280188
v 0.417898 -0.721214 0.294296
v 0.503849 -0.719221 0.229287
v 0.658165 -0.656524 0.206595
v -0.414252 -0.436187 0.350503
v -0.505300 -0.763796 0.087266
v 0.619378 -0.656006 0.255165
v -0.520757 -0.000042 0.390046
v -0.408797 -0.766033 0.140403
v -0.364097 -0.766407 0.095796
v 0.518485 -0.692521 0.269704
v -0.528846 -0.757472 0.097984
v 0.556839 -0.691930 0.249766
v 0.390924 -0.731727 0.331010
v 0.457492 -0.710660 0.272348
v -0.709727 0.015881 0.371443
v 0.590974 -0.647902 0.290409
v -0.675405 0.036541 0.465135
v -0.569949 -0.012697 0.392172
v -0.344425 -0.459868 0.342580
v -0.449766 -0.762081 0.169006
v -0.640937 -0.005538 0.379102
v -0.730218 0.036460 0.328453
v -0.528547 -0.414976 0.311279
v -0.616490 -0.003377 0.425179
v -0.590233 -0.022770 0.371288
v -0.389398 -0.760980 0.266744
v 0.322498 -0.753736 0.369849
v 0.359290 -0.745854 0.366423
v -0.468642 -0.441782 0.318281
v 0.564056 -0.652865 0.299924
v -0.634935 -0.385236 0.159953
v -0.373846 -0.429033 0.369356
v -0.563094 0.382457 -0.287485
v -0.421992 -0.364745 0.411971
v -0.427199 -0.491857 -0.023754
v -0.459910 -0.756292 0.235056
v -0.250947 -0.765577 0.172781
v 0.253296 -0.753380 0.362651
v -0.730031 0.047551 0.427716
v -0.487446 -0.357956 0.391681
v -0.478434 -0.485028 0.002255
v 0.370511 -0.731928 0.393272
v -0.502056 -0.469331 -0.017494
v -0.476790 -0.495745 0.042343
v -0.404188 -0.532255 0.049176
v -0.575620 -0.377890 0.314300
v -0.452182 -0.758828 0.318833
v -0.300700 -0.757819 0.305131
v 0.332402 -0.745909 0.412810
v -0.522864 0.018241 0.453201
v -0.550108 0.383872 -0.346395
v -0.527380 -0.471513 0.035758
v -0.680631 -0.318339 0.164620
v -0.743880 0.056629 0.247055
v -0.720269 0.033657 0.238736
v -0.545020 0.030276 0.494445
v -0.380761 -0.399437 0.388282
v -0.604081 -0.030671 0.347383
v -0.444410 -0.512186 0.080917
v -0.490848 -0.752009 0.294165
v -0.410886 -0.758064 0.362658
v -0.350469 -0.757557 0.346352
v -0.146429 -0.755046 0.252002
v 0.290250 -0.750485 0.426206
v -0.580974 0.043626 0.507765
v -0.636683 0.033536 0.466434
v -0.573067 -0.406400 0.272644
v -0.622018 -0.338867 0.292481
v -0.484963 -0.754470 0.337443
v -0.168556 -0.758819 0.369141
v 0.217327 -0.754112 0.434621
v 0.281483 -0.740130 0.446523
v -0.437684 -0.390715 0.386538
v -0.721787 0.042827 0.284460
v -0.517427 -0.491355 0.105578
v -0.659101 0.062637 0.485185
v -0.251124 -0.757583 0.332000
v 0.139746 -0.753407 0.456114
v -0.477604 -0.507419 0.130617
v -0.417806 -0.524245 0.134295
v 0.045944 -0.767700 0.377034
v 0.200915 -0.743925 0.460246
v -0.684288 0.017811 0.304169
v -0.688439 0.010912 0.342348
v -0.577296 -0.435453 0.046953
v -0.543122 -0.474745 0.087996
v -0.443486 -0.513916 0.165394
v -0.301115 -0.755988 0.397397
v -0.239595 -0.755578 0.404925
v -0.095223 -0.755680 0.434735
v 0.136172 -0.739961 0.478731
v -0.631397 -0.010592 0.341198
v -0.429114 -0.470607 0.287892
v -0.343758 -0.421641 0.373983
v -0.333258 -0.392929 0.394810
v -0.559893 -0.458261 0.152059
v -0.517104 -0.490114 0.153541
v -0.225424 -0.747858 0.424926
v 0.086702 -0.752177 0.475024
v -0.492799 -0.400233 0.355529
v -0.518018 0.396968 -0.400513
v -0.549213 -0.432030 0.249598
v -0.583142 -0.436690 0.102441
v -0.483458 -0.742804 0.397751
v -0.200978 -0.743014 0.447942
v 0.073228 -0.742484 0.494342
v -0.683751 0.068421 0.481394
v -0.465656 -0.474357 0.256476
v -0.498325 -0.492243 0.181012
v -0.413668 -0.502408 0.226061
v -0.474114 -0.752334 0.394019
v -0.366250 -0.756660 0.427824
v -0.012307 -0.753660 0.492648
v 0.053604 -0.725852 0.502757
v -0.583645 0.013169 0.467072
v -0.603676 -0.403996 0.050606
v -0.560005 -0.458434 0.120891
v -0.612212 -0.392308 0.213221
v -0.444626 -0.755356 0.419949
v -0.376029 -0.752187 0.448746
v -0.289535 -0.750190 0.435181
v -0.170316 -0.750572 0.469579
v -0.118568 -0.751426 0.505494
v 0.014944 -0.749796 0.501338
v -0.484828 0.456985 -0.498659
v -0.496670 0.384894 -0.315793
v -0.452952 0.536572 -0.583859
v -0.464741 0.422313 -0.322217
v -0.269549 0.375081 -0.021433
v -0.488961 0.353903 -0.189747
v -0.499128 0.433622 -0.490971
v 0.063180 0.564569 -0.217461
v -0.459437 0.537493 -0.593983
v -0.536124 0.310660 -0.084591
v -0.447296 0.301503 -0.062735
v 0.053484 0.619803 -0.268450
v -0.469303 0.555444 -0.601036
v -0.114180 0.473554 -0.109995
v -0.016705 0.494512 -0.111695
v -0.498999 0.421417 -0.452664
v -0.330956 0.364826 -0.018614
v -0.146488 0.443786 -0.076802
v -0.506469 0.448507 -0.515942
v 0.058942 0.662670 -0.292463
v -0.552828 0.394295 -0.392659
v -0.474300 0.385521 -0.258997
v -0.462558 0.331905 -0.074908
v -0.362425 0.306995 -0.004741
v -0.224686 0.418263 -0.066204
v -0.479961 0.418801 -0.361855
v -0.475995 0.481180 -0.542564
v -0.493773 0.319575 -0.093766
v -0.509506 0.358261 -0.233333
v -0.479308 0.438747 -0.404648
v -0.074648 0.466509 -0.078509
v 0.010776 0.528974 -0.163966
v -0.540869 0.338202 -0.149085
v -0.275410 0.409121 -0.056860
v -0.460960 0.367218 -0.130986
v -0.469546 0.340627 -0.113957
v -0.514137 0.336833 -0.149842
v -0.334706 0.331396 0.015153
v -0.117348 0.518588 -0.147860
v -0.490099 0.333652 -0.125854
v -0.393784 0.275180 -0.040674
v -0.520661 0.370074 -0.287399
v -0.441646 0.597951 -0.608394
v 0.029053 0.576457 -0.218972
v -0.526122 0.409925 -0.445385
v -0.382390 -0.529163 0.169909
vn -0.8249 -0.1275 -0.5507
vn -0.9689 0.2378 -0.0680
vn -0.2070 0.9088 0.3622
vn 0.3857 0.8209 0.4211
vn -0.0740 0.8264 0.5582
vn -0.4285 0.6926 0.5802
vn -0.1263 0.9849 0.1180
vn 0.7836 0.5640 0.2605
vn -0.8632 -0.5044 -0.0208
vn 0.2977 -0.9015 -0.3141
vn -0.9675 -0.2480 0.0494
vn 0.8302 0.4256 0.3600
vn -0.5368 0.8306 0.1484
vn -0.1343 0.9829 0.1257
vn -0.8454 -0.5311 -0.0572
vn 0.0678 0.9027 0.4249
vn 0.8103 0.4977 0.3095
vn 0.7158 0.6164 0.3281
vn -0.6782 0.1525 -0.7189
vn 0.3809 0.8830 0.2742
vn 0.6377 0.7495 0.1776
vn 0.0669 0.6697 0.7396
vn 0.1217 0.9049 0.4078
vn -0.2006 0.2505 -0.9471
vn 0.1164 0.9413 0.3168
vn -0.3309 0.8598 0.3889
vn -0.8591 0.5111 -0.0275
vn -0.1828 0.9614 -0.2055
vn -0.8983 0.1471 -0.4141
vn -0.9702 -0.2189 -0.1042
vn -0.8701 -0.4229 0.2533
vn -0.1738 0.9800 -0.0965
vn -0.1826 0.9771 -0.1095
vn -0.1313 0.9384 -0.3196
vn -0.0782 0.9414 0.3280
vn -0.1522 0.9844 -0.0886
vn -0.3825 0.2299 -0.8949
vn -0.9512 0.2887 -0.1088
vn -0.1576 0.9623 -0.2214
vn -0.5751 0.7072 0.4113
vn 0.1653 0.7171 0.6770
vn 0.5380 0.8054 0.2488
vn -0.1617 0.9855 0.0520
vn -0.9504 0.2813 -0.1327
vn -0.0967 0.9937 -0.0571
vn -0.1071 0.9942 0.0006
vn 0.2718 0.8505 0.4503
vn -0.2438 0.9328 0.2653
vn -0.3815 0.8862 0.2628
vn -0.0696 0.9902 -0.1207
vn -0.8679 -0.4862 0.1023
vn 0.6897 0.6206 0.3729
vn 0.7816 0.6026 0.1612
vn 0.8084 0.4529 0.3759
vn -0.7786 0.4406 -0.4468
vn 0.0530 0.9807 -0.1883
vn 0.3646 0.6998 -0.6143
vn 0.1013 0.8554 0.5080
vn -0.8376 -0.5461 -0.0164
vn -0.2683 0.9037 0.3336
vn -0.5459 0.7967 0.2593
vn -0.0268 0.8962 0.4429
vn -0.9908 -0.0087 -0.1349
vn -0.3723 0.8440 0.3862
vn -0.6993 -0.7059 -0.1126
vn -0.0689 0.8140 0.5768
vn 0.5616 0.3182 0.7638
vn 0.5483 0.7156 0.4328
vn -0.9562 -0.2701 0.1133
vn -0.4113 -0.0428 0.9105
vn -0.1962 0.2985 0.9340
vn -0.2033 0.3172 0.9263
vn -0.0976 0.9770 0.1897
vn -0.3944 0.7742 0.4950
vn -0.1059 0.5751 0.8112
vn 0.5527 0.8314 0.0567
vn -0.7758 -0.6232 -0.0984
vn 0.5524 0.7620 0.3381
vn -0.1584 -0.2245 0.9615
vn -0.3322 0.6326 0.6996
vn 0.3016 0.9083 0.2899
vn -0.4150 0.8208 0.3925
vn -0.3527 0.3666 0.8609
vn -0.8887 0.4013 -0.2219
vn 0.0182 -0.5278 -0.8491
vn 0.0525 0.0623 -0.9967
vn 0.1660 0.8825 0.4400
vn -0.2138 -0.2322 0.9489
vn 0.1373 0.1190 0.9834
vn -0.0911 0.5029 0.8595
vn 0.8973 0.2851 -0.3370
vn -0.9893 -0.1335 -0.0583
vn -0.2444 0.9662 -0.0822
vn 0.7827 0.6011 0.1614
vn -0.9963 -0.0391 -0.0766
vn -0.9837 0.0694 -0.1658
vn 0.7177 0.6185 0.3199
vn 0.0296 0.9993 0.0233
vn -0.0421 0.4648 0.8844
vn -0.1238 0.6411 0.7574
vn -0.0330 0.5913 0.8057
vn -0.7774 0.2892 0.5586
vn -0.3486 0.8549 0.3842
vn 0.4113 0.7458 0.5241
vn 0.3104 0.9079 0.2817
vn 0.0803 0.9924 -0.0936
vn -0.0988 0.8680 0.4866
vn -0.3788 -0.1716 0.9094
vn 0.2324 0.1361 0.9630
vn 0.0647 0.4498 0.8908
vn 0.1571 0.3596 -0.9198
vn 0.5253 -0.8454 0.0974
vn -0.9162 -0.3711 -0.1513
vn -0.9645 0.2415 -0.1072
vn -0.9446 0.1706 -0.2803
vn -0.9125 0.3114 -0.2654
vn 0.1510 -0.1432 -0.9781
vn -0.2477 0.1836 -0.9513
vn -0.3039 -0.2270 0.9253
vn 0.2862 0.2817 0.9158
vn -0.1023 0.7485 0.6552
vn -0.8408 0.0840 -0.5348
vn -0.9798 0.0331 -0.1972
vn 0.3570 0.1589 -0.9205
vn 0.0012 0.0719 0.9974
vn 0.0885 0.2290 0.9694
vn 0.1710 0.4854 0.8574
vn -0.0668 0.7009 0.7101
vn -0.1566 -0.4568 0.8757
vn 0.8558 0.1121 -0.5051
vn -0.1249 0.9601 0.2503
vn -0.9568 -0.1096 -0.2692
vn -0.1990 -0.4170 -0.8869
vn 0.0806 0.5648 0.8213
vn 0.9242 0.3285 -0.1949
vn 0.5316 -0.5391 -0.6533
vn -0.1239 -0.3836 -0.9152
vn -0.2131 0.9101 0.3553
vn 0.6985 -0.6937 -0.1757
vn 0.0946 -0.1036 0.9901
vn 0.1880 0.4385 0.8788
vn 0.5951 -0.4987 -0.6302
vn 0.9158 0.3973 -0.0596
vn 0.6655 -0.2790 -0.6923
vn 0.6808 0.4389 -0.5865
vn -0.2221 0.9744 0.0335
vn -0.0513 0.9887 0.1411
vn -0.3997 0.2791 0.8731
vn 0.0479 -0.4184 0.9070
vn 0.0966 -0.1046 0.9898
vn 0.0282 -0.3561 0.9340
vn 0.2196 0.5959 0.7724
vn 0.5130 -0.8574 -0.0400
vn 0.8245 -0.2512 -0.5070
vn 0.9811 0.0151 -0.1927
vn -0.6039 0.6217 -0.4988
vn -0.8931 0.1968 -0.4045
vn -0.7358 -0.6550 -0.1720
vn -0.7682 -0.6332 -0.0950
vn -0.3300 0.3011 0.8947
vn -0.2608 0.3635 0.8944
vn -0.1755 0.1517 0.9727
vn 0.1283 0.2866 0.9494
vn 0.2062 0.5250 0.8258
vn 0.2402 -0.2928 0.9255
vn 0.2371 0.4239 0.8741
vn 0.9870 0.1579 -0.0302
vn -0.9370 0.3422 0.0697
vn -0.7139 -0.1260 -0.6888
vn 0.0200 0.9217 -0.3873
vn 0.0045 0.8848 0.4659
vn -0.3259 0.3834 0.8642
vn 0.9172 -0.3776 -0.1271
vn -0.0711 -0.7687 0.6356
vn 0.0251 0.6470 0.7621
vn 0.8836 -0.4092 0.2277
vn -0.9997 0.0131 0.0201
vn 0.0867 -0.7112 -0.6977
vn 0.9567 0.2908 0.0098
vn -0.9997 0.0094 0.0238
vn 0.9902 0.1325 0.0443
vn -0.7211 -0.6916 0.0410
vn -0.3349 0.8728 0.3550
vn -0.2270 0.9529 -0.2013
vn -0.8898 -0.4540 0.0453
vn 0.1785 0.9585 -0.2224
vn -0.3070 0.3373 0.8899
vn 0.1786 -0.4165 0.8914
vn 0.0134 -0.8379 0.5457
vn -0.0522 -0.7661 0.6406
vn 0.1616 -0.0170 0.9867
vn 0.9793 0.1295 -0.1555
vn 0.8140 -0.2941 -0.5009
vn 0.8586 -0.4302 -0.2788
vn 0.6873 -0.5285 -0.4983
vn -0.0348 0.9970 0.0697
vn -0.4617 0.1785 0.8689
vn 0.0490 0.1085 0.9929
vn 0.2483 0.7073 0.6619
vn 0.2008 0.3524 0.9140
vn 0.1921 -0.0792 0.9782
vn 0.5642 0.3782 0.7339
vn 0.9885 0.1076 -0.1060
vn 0.9267 -0.0718 -0.3690
vn -0.3032 0.9479 0.0981
vn -0.2412 0.9676 -0.0753
vn 0.0171 0.9080 0.4186
vn -0.1459 0.9641 -0.2217
vn 0.4279 0.9002 -0.0811
vn -0.3684 -0.3598 0.8572
vn -0.4126 -0.2066 0.8872
vn -0.2167 -0.0158 0.9761
vn -0.4061 0.2883 0.8672
vn -0.2299 0.1480 0.9619
vn -0.1695 0.2807 0.9447
vn 0.3380 0.4207 0.8419
vn 0.2390 0.5205 0.8198
vn 0.9394 -0.0103 -0.3426
vn -0.1589 -0.5270 0.8349
vn -0.2461 0.6209 0.7442
vn 0.2579 -0.2436 0.9350
vn 0.0623 -0.0328 0.9975
vn 0.4192 0.4324 0.7983
vn 0.0278 0.9105 0.4126
vn -0.1120 -0.0356 0.9931
vn 0.2487 -0.4504 0.8575
vn 0.7591 -0.2607 0.5965
vn -0.8063 -0.3610 0.4685
vn 0.8628 0.4684 0.1902
vn -0.9897 0.0328 -0.1396
vn -0.4735 -0.2909 -0.8314
vn -0.0986 -0.3389 0.9356
vn -0.3172 -0.0252 0.9480
vn -0.1751 0.2795 0.9440
vn 0.3764 -0.2534 0.8911
vn -0.3639 -0.5142 -0.7766
vn -0.3424 0.2058 0.9167
vn 0.8634 -0.4738 0.1732
vn 0.7843 0.5058 0.3593
vn -0.2331 0.2639 0.9360
vn -0.3064 0.3540 0.8836
vn -0.1321 0.3470 0.9285
vn -0.1492 0.4360 0.8875
vn -0.2209 -0.1559 0.9628
vn 0.2021 -0.5385 0.8181
vn 0.5989 0.1968 -0.7763
vn -0.9594 0.0228 0.2811
vn -0.8856 0.4644 0.0034
vn -0.2568 0.8562 0.4484
vn 0.2327 -0.7350 -0.6369
vn -0.3044 -0.8781 -0.3691
vn -0.2044 -0.1662 0.9647
vn -0.1169 -0.3337 0.9354
vn -0.0619 -0.1482 0.9870
vn -0.0892 -0.1138 0.9895
vn -0.0518 -0.0626 0.9967
vn -0.1960 0.3208 0.9266
vn 0.2794 0.7206 0.6346
vn -0.2306 0.6564 0.7183
vn 0.9835 0.0480 -0.1745
vn 0.0213 0.5126 0.8584
vn 0.1980 0.3560 0.9133
vn -0.3194 0.8668 0.3829
vn -0.8756 -0.1571 -0.4568
vn -0.0015 -0.2572 0.9664
vn -0.0000 -0.1851 0.9827
vn -0.1319 0.2699 0.9538
vn 0.0822 0.2701 0.9593
vn 0.0036 0.4239 0.9057
vn 0.5523 -0.1476 0.8205
vn -0.0128 0.1559 0.9877
vn -0.6395 -0.2733 -0.7186
vn -0.1286 0.2977 0.9460
vn -0.1505 0.5919 0.7919
vn -0.5348 0.3159 -0.7837
vn 0.1170 -0.1460 0.9823
vn 0.3945 -0.5967 0.6988
vn -0.6773 -0.2219 0.7015
vn 0.3975 0.8839 0.2465
vn 0.5844 0.7253 0.3639
vn -0.3020 0.4367 -0.8474
vn -0.0718 -0.4194 0.9050
vn 0.0631 0.3282 0.9425
vn -0.0327 0.3821 0.9235
vn 0.0017 0.5208 0.8537
vn 0.0491 -0.1159 0.9920
vn 0.2274 0.1477 0.9625
vn 0.9798 -0.1764 -0.0942
vn 0.1101 0.6901 0.7153
vn -0.1647 -0.2941 0.9415
vn -0.1950 0.8559 0.4790
vn -0.1529 -0.8299 -0.5366
vn 0.0248 0.0572 -0.9981
vn -0.2867 -0.1895 0.9391
vn -0.3295 -0.0575 0.9424
vn 0.0659 0.3317 0.9411
vn -0.1579 0.4594 0.8741
vn -0.0832 -0.1865 0.9789
vn 0.0231 0.1636 0.9863
vn 0.9901 0.0221 0.1386
vn -0.1730 -0.1490 0.9736
vn -0.0267 0.5622 0.8266
vn 0.2818 0.7647 0.5795
vn 0.2234 0.0713 -0.9721
vn 0.1700 -0.9403 -0.2950
vn -0.0169 -0.5774 0.8163
vn -0.0571 -0.4027 0.9135
vn -0.1030 -0.3395 0.9349
vn -0.2701 0.0309 0.9623
vn -0.2403 -0.0643 0.9686
vn 0.1230 -0.1266 0.9843
vn 0.0864 -0.0840 0.9927
vn -0.0141 0.2166 0.9762
vn 0.0109 0.3382 0.9410
vn 0.1270 0.4528 0.8825
vn -0.0206 -0.5148 0.8571
vn -0.1706 0.2989 0.9389
vn 0.1538 0.2204 0.9632
vn -0.0979 0.5109 0.8540
vn 0.4394 -0.8977 0.0321
vn -0.2743 0.8576 0.4351
vn -0.3430 0.2683 -0.9002
vn 0.0423 -0.4186 0.9072
vn 0.1187 -0.1253 0.9850
vn 0.3327 0.3713 0.8669
vn -0.3056 -0.3524 0.8846
vn 0.2938 0.2767 0.9149
vn 0.0949 0.5610 0.8224
vn -0.2893 0.5695 0.7694
vn 0.1476 0.2486 0.9573
vn 0.0799 0.3392 0.9373
vn 0.0935 0.7361 0.6704
vn 0.7358 -0.6560 -0.1679
vn 0.3486 0.5345 0.7699
vn -0.5489 0.7408 -0.3872
vn 0.8041 0.4696 0.3647
vn -0.3285 -0.3962 0.8574
vn -0.6741 -0.0235 0.7383
vn 0.1138 -0.1640 0.9799
vn 0.1148 -0.1575 0.9808
vn -0.0708 0.1441 0.9870
vn -0.0301 0.1443 0.9891
vn -0.0159 0.2174 0.9759
vn 0.0701 0.2769 0.9583
vn 0.0670 0.3413 0.9376
vn -0.0199 0.6244 0.7809
vn 0.0978 0.5925 0.7996
vn -0.0241 0.5397 0.8415
vn -0.0605 -0.1119 0.9919
vn 0.0495 -0.1785 0.9827
vn 0.2649 0.4849 0.8335
vn -0.1320 -0.7332 0.6671
vn 0.1526 0.2195 0.9636
vn 0.8349 0.5136 0.1980
vn -0.1532 -0.3112 0.9379
vn 0.1189 0.4451 0.8875
vn 0.0896 0.4143 0.9057
vn 0.0279 0.5414 0.8403
vn 0.0943 -0.0454 0.9945
vn -0.0802 0.7681 0.6353
vn 0.1209 0.3742 0.9194
vn 0.0298 0.7806 0.6243
vn -0.0699 -0.2034 0.9766
vn 0.1493 -0.3849 0.9108
vn 0.0383 -0.2237 0.9739
vn -0.1169 0.1490 0.9819
vn 0.0215 0.1328 0.9909
vn 0.1422 0.3953 0.9075
vn 0.0451 0.4915 0.8697
vn 0.8723 -0.3499 -0.3416
vn 0.2000 0.2139 0.9562
vn 0.1076 0.2721 0.9562
vn 0.9916 0.0524 0.1184
vn 0.2928 0.6391 0.7112
vn 0.9042 0.1352 0.4052
vn 0.2679 -0.9282 -0.2581
vn -0.0146 0.0548 0.9984
vn 0.0135 0.3019 0.9532
vn 0.0979 0.4128 0.9056
vn 0.0852 0.3759 0.9227
vn -0.2318 0.1626 0.9591
vn -0.1643 0.0727 0.9837
vn 0.1215 0.0407 0.9918
vn 0.3771 -0.3159 0.8706
vn -0.1244 0.3755 0.9184
vn -0.2408 0.8699 0.4305
vn -0.0819 0.9942 -0.0701
vn 0.1728 -0.7095 -0.6832
vn -0.9413 -0.1769 -0.2876
vn -0.1528 0.2697 0.9507
vn -0.0215 0.3920 0.9197
vn 0.1172 0.5183 0.8471
vn -0.0275 0.4128 0.9104
vn -0.0476 -0.7132 0.6993
vn 0.0270 -0.5082 0.8608
vn 0.0812 0.4880 0.8690
vn -0.0519 -0.4160 0.9079
vn -0.2218 0.6577 0.7198
vn 0.2932 0.3811 0.8768
vn -0.1459 0.7607 0.6325
vn -0.7689 0.4348 0.4687
vn 0.0617 0.9809 -0.1843
vn 0.0535 -0.4551 0.8888
vn 0.1065 -0.2261 0.9683
vn 0.2083 0.1692 0.9633
vn -0.0907 0.0539 0.9944
vn -0.2549 0.3025 0.9184
vn -0.0448 0.6155 0.7869
vn 0.4915 -0.8271 -0.2727
vn 0.1569 0.5867 0.7944
vn -0.3817 0.5287 0.7582
vn -0.3444 0.1126 0.9320
vn -0.1351 0.9906 0.0191
vn 0.2396 -0.1623 0.9572
vn 0.2405 -0.2576 0.9359
vn 0.3338 -0.0091 0.9426
vn 0.2963 0.0381 0.9543
vn -0.9680 0.2445 -0.0560
vn 0.3490 -0.7055 0.6168
vn -0.1518 0.6382 0.7548
vn 0.1496 0.6796 0.7182
vn -0.1764 0.8755 0.4499
vn 0.2599 -0.2808 0.9239
vn 0.3600 0.0695 0.9303
vn 0.3321 0.1581 0.9299
vn 0.3331 0.1597 0.9293
vn 0.3711 0.2844 0.8839
vn -0.3123 0.3526 0.8821
vn 0.4040 0.5370 0.7405
vn 0.3884 0.4893 -0.7809
vn 0.2450 0.1611 0.9561
vn 0.2526 0.4183 0.8725
vn -0.0745 -0.8661 -0.4943
vn 0.1777 0.5091 0.8422
vn 0.2128 0.4364 0.8742
vn -0.7543 0.2153 -0.6202
vn -0.0456 0.5890 0.8068
vn 0.1194 0.6468 0.7532
vn -0.1900 0.2951 0.9364
vn 0.3685 0.8528 0.3700
vn 0.4894 -0.1601 -0.8572
vn 0.1954 -0.0541 0.9792
vn 0.3888 -0.2010 0.8991
vn 0.0381 0.1236 0.9916
vn -0.1044 0.3659 0.9248
vn -0.0212 0.4733 0.8806
vn -0.0590 0.4892 0.8701
vn -0.0899 0.7345 0.6727
vn -0.1488 -0.7236 -0.6740
vn 0.2504 -0.8291 -0.4999
vn 0.5142 0.0829 0.8536
vn 0.2403 0.4753 0.8464
vn -0.8687 0.2974 -0.3960
vn -0.2385 -0.0575 0.9694
vn 0.0722 0.2116 0.9747
vn 0.0230 0.6513 0.7584
vn 0.0134 0.6066 0.7949
vn -0.0446 0.7040 0.7088
vn 0.8953 -0.2248 0.3847
vn 0.6134 -0.7749 -0.1526
vn -0.0290 0.3682 0.9293
vn 0.0185 -0.3432 0.9391
vn -0.9085 -0.0469 -0.4153
vn 0.0262 0.9987 -0.0434
vn -0.0380 0.9913 0.1263
vn -0.2394 -0.4171 0.8768
vn -0.0544 -0.1371 0.9891
vn -0.1157 0.1051 0.9877
vn 0.1427 -0.2391 0.9604
vn 0.0614 0.4956 0.8664
vn 0.1095 0.5764 0.8098
vn 0.4424 -0.8475 -0.2933
vn 0.1514 0.0548 0.9870
vn 0.1777 0.3423 0.9226
vn 0.2012 0.4358 0.8773
vn -0.1157 0.6255 0.7716
vn -0.9373 0.0960 0.3351
vn -0.3558 -0.1418 0.9237
vn 0.2333 -0.0110 0.9723
vn 0.4863 -0.2273 0.8437
vn 0.3867 0.0546 0.9206
vn 0.4244 0.1835 0.8867
vn 0.2969 0.2138 0.9307
vn 0.4217 0.2690 0.8659
vn -0.9973 0.0394 -0.0622
vn 0.9355 -0.3534 0.0073
vn 0.2618 0.0782 0.9620
vn -0.1339 0.8208 0.5553
vn -0.0654 -0.0097 0.9978
vn 0.2446 0.5194 0.8188
vn 0.0293 -0.2345 0.9717
vn -0.1928 -0.1476 0.9701
vn 0.0107 -0.1307 0.9914
vn 0.3166 0.0446 0.9475
vn 0.2302 0.0172 0.9730
vn 0.2623 0.0939 0.9604
vn 0.9965 -0.0592 0.0589
vn -0.5084 0.8537 0.1126
vn -0.0706 0.1129 0.9911
vn -0.0952 0.4556 0.8851
vn 0.0587 0.4421 0.8950
vn 0.0377 0.3209 0.9463
vn -0.0643 -0.1311 0.9893
vn -0.0225 -0.0768 0.9968
vn -0.3545 -0.0168 0.9349
vn -0.2876 0.0485 0.9565
vn -0.3156 0.0763 0.9458
vn 0.1176 0.2634 0.9575
vn 0.9888 0.1365 -0.0599
vn -0.1818 -0.1051 0.9777
vn -0.1691 0.5871 0.7917
vn 0.7717 -0.5587 -0.3039
vn 0.5214 -0.8367 0.1677
vn -0.0337 0.2491 0.9679
vn 0.1359 -0.1651 0.9769
vn -0.0694 0.0971 0.9928
vn -0.2884 -0.0927 0.9530
vn -0.2866 0.0842 0.9543
vn -0.1204 0.3655 0.9230
vn 0.3681 0.3655 0.8549
vn 0.3658 0.2756 0.8889
vn 0.0905 0.5797 0.8098
vn 0.1131 0.5863 0.8021
vn -0.0478 0.7226 0.6896
vn -0.4348 0.9002 0.0243
vn 0.0219 -0.4634 0.8859
vn 0.3189 0.2101 0.9242
vn -0.0861 0.6427 0.7612
vn -0.0043 0.6679 0.7442
vn -0.9943 0.0856 -0.0630
vn 0.3630 0.2309 0.9027
vn -0.0461 -0.1191 0.9918
vn -0.0109 -0.0228 0.9997
vn 0.9654 0.0010 -0.2606
vn 0.3503 0.1911 0.9170
vn 0.1377 -0.0994 0.9855
vn 0.0262 -0.1062 0.9940
vn 0.0413 -0.0889 0.9952
vn -0.0918 0.0530 0.9944
vn -0.0214 0.1067 0.9941
vn -0.1043 -0.2105 0.9720
vn -0.3566 0.1220 0.9263
vn -0.2418 0.3007 0.9226
vn -0.1025 0.4858 0.8680
vn -0.0486 0.4512 0.8911
vn -0.0337 0.5097 0.8597
vn 0.0871 0.6059 0.7908
vn 0.2565 -0.2556 0.9321
vn 0.9232 0.3735 0.0903
vn 0.6425 -0.7539 -0.1373
vn -0.8577 0.4428 -0.2614
vn 0.2399 0.4237 0.8735
vn 0.3671 -0.0650 0.9279
vn 0.2598 -0.2176 0.9408
vn 0.2710 -0.1958 0.9424
vn 0.1105 -0.1887 0.9758
vn 0.2728 -0.1867 0.9438
vn -0.2218 0.5149 0.8281
vn 0.0834 0.5523 0.8295
vn 0.0398 0.0434 0.9983
vn 0.2940 0.1685 0.9408
vn 0.2098 -0.1353 0.9683
vn 0.7355 -0.2828 0.6157
vn -0.1423 0.2658 0.9535
vn 0.2565 0.0668 0.9642
vn 0.1413 -0.0635 0.9879
vn 0.2513 -0.0760 0.9649
vn 0.2705 0.1027 0.9572
vn -0.1248 -0.2042 0.9709
vn -0.2285 0.4711 0.8520
vn 0.0295 0.5721 0.8197
vn -0.0566 -0.1572 0.9859
vn 0.2412 -0.5463 0.8021
vn 0.1241 0.4932 0.8610
vn 0.6158 0.4196 0.6669
vn -0.3269 -0.0720 0.9423
vn 0.7483 -0.3049 0.5891
vn 0.6332 0.7694 0.0843
vn 0.2540 -0.2073 0.9447
vn 0.3918 -0.1746 0.9033
vn 0.3952 -0.0809 0.9150
vn 0.4322 -0.2445 0.8680
vn 0.2756 -0.0616 0.9593
vn -0.1365 -0.4341 0.8904
vn -0.0081 0.6647 0.7471
vn 0.0057 0.3061 0.9520
vn 0.4570 -0.1791 0.8712
vn -0.0691 -0.1727 0.9826
vn -0.2044 0.4918 0.8464
vn -0.0394 0.5656 0.8237
vn 0.0838 0.6271 0.7744
vn 0.1986 0.7825 0.5901
vn 0.1418 0.0621 0.9880
vn -0.0289 0.4760 0.8790
vn 0.3064 -0.9067 -0.2899
vn 0.1938 0.6652 0.7211
vn -0.8675 -0.4946 -0.0532
vn -0.0425 0.9715 0.2332
vn -0.0596 0.9626 0.2643
vn 0.3348 0.0671 0.9399
vn 0.4117 -0.1938 0.8905
vn 0.4167 -0.0993 0.9036
vn 0.2176 -0.0454 0.9750
vn -0.0532 -0.1408 0.9886
vn -0.1356 0.1794 0.9744
vn -0.2491 0.3007 0.9206
vn -0.8596 -0.4056 -0.3109
vn -0.9549 0.2326 -0.1847
vn 0.4072 -0.1779 0.8959
vn -0.0714 -0.1038 0.9920
vn -0.1315 -0.1702 0.9766
vn -0.1825 -0.0496 0.9820
vn -0.1715 0.4147 0.8936
vn -0.1827 0.4526 0.8728
vn 0.1311 0.4985 0.8569
vn 0.0884 0.2469 0.9650
vn 0.7325 -0.5800 -0.3564
vn -0.9630 -0.2406 -0.1216
vn 0.3481 -0.1623 0.9233
vn 0.3216 -0.2268 0.9193
vn 0.2692 -0.1123 0.9565
vn -0.0968 -0.3065 0.9469
vn -0.0279 -0.1325 0.9908
vn -0.4037 -0.2584 0.8776
vn -0.0951 -0.0826 0.9920
vn -0.4171 -0.4161 0.8080
vn -0.0435 -0.1890 0.9810
vn 0.2264 0.2937 0.9287
vn -0.1624 0.4864 0.8585
vn -0.0874 0.6079 0.7892
vn 0.9880 0.1411 0.0628
vn 0.3821 -0.4118 0.8273
vn 0.5204 -0.1043 0.8475
vn -0.0153 0.0489 0.9987
vn 0.6349 0.1169 0.7637
vn -0.8937 -0.0809 0.4413
vn -0.0397 -0.1505 0.9878
vn 0.8857 0.1923 -0.4225
vn 0.2675 0.2701 0.9249
vn -0.0857 0.7748 0.6264
vn 0.0739 0.3560 0.9316
vn 0.0169 0.4004 0.9162
vn -0.8869 0.2039 -0.4146
vn -0.6886 -0.7134 -0.1298
vn 0.1606 0.9846 0.0697
vn 0.1208 -0.1616 0.9794
vn -0.0303 -0.1040 0.9941
vn 0.0933 -0.2045 0.9744
vn 0.3971 0.8962 -0.1979
vn -0.3004 0.9418 0.1509
vn 0.2563 0.2197 0.9413
vn 0.8137 0.4857 -0.3193
vn 0.1630 0.7399 0.6527
vn 0.1434 -0.0939 0.9852
vn -0.0492 0.2823 0.9581
vn -0.3536 -0.4830 -0.8011
vn -0.3693 0.8738 0.3162
vn 0.9941 0.0756 0.0782
vn 0.7232 -0.6548 -0.2197
vn -0.4453 0.7784 0.4426
vn -0.4161 -0.2564 0.8724
vn -0.4379 -0.2774 0.8551
vn -0.2294 0.2115 0.9501
vn -0.1490 0.4918 0.8579
vn -0.2545 0.5160 0.8179
vn -0.2083 0.6121 0.7628
vn -0.2373 0.7004 -0.6732
vn 0.1276 -0.1113 0.9856
vn 0.0137 0.0696 -0.9975
vn 0.2505 0.5842 0.7720
vn 0.0625 -0.4421 0.8948
vn 0.9121 -0.3815 -0.1503
vn -0.7057 -0.0682 0.7053
vn -0.8448 -0.2147 0.4901
vn -0.9693 -0.1773 0.1703
vn -0.0139 0.7805 0.6250
vn 0.7110 -0.0870 0.6978
vn -0.1124 -0.1497 0.9823
vn 0.0488 0.2785 0.9592
vn -0.2941 0.5138 0.8059
vn -0.1498 0.6641 0.7325
vn -0.1337 0.7401 0.6591
vn 0.2434 0.3117 0.9185
vn 0.2257 0.1737 0.9586
vn -0.1435 0.0588 0.9879
vn -0.0040 0.3070 0.9517
vn 0.1441 0.1337 0.9805
vn -0.1748 0.8841 0.4335
vn -0.1841 -0.4781 -0.8588
vn -0.2078 -0.4768 -0.8541
vn -0.1627 0.7151 0.6798
vn 0.0315 0.8897 0.4555
vn 0.3309 0.9436 -0.0129
vn -0.0470 0.2432 0.9688
vn -0.1649 0.0055 0.9863
vn -0.1112 0.3329 0.9364
vn -0.3402 0.5920 0.7306
vn 0.3037 0.3095 0.9011
vn 0.1960 0.0508 0.9793
vn 0.0829 0.6246 0.7766
vn 0.1692 0.0146 0.9855
vn -0.0630 -0.0644 0.9959
vn 0.2111 0.1524 0.9655
vn -0.3284 0.5324 0.7802
vn -0.1471 0.9065 0.3956
vn -0.1553 0.8381 0.5230
vn 0.4458 0.8442 0.2975
vn 0.4960 0.4151 0.7627
vn -0.2565 0.3179 0.9128
vn 0.9682 0.0967 -0.2306
vn 0.1553 -0.8603 -0.4856
vn 0.7713 -0.2700 0.5763
vn 0.6014 0.3720 0.7071
vn -0.1217 0.7579 0.6409
vn -0.3385 0.5758 0.7442
vn -0.1431 0.4460 0.8835
vn -0.1732 0.7429 0.6465
vn -0.1458 0.8733 0.4649
vn -0.0263 0.3338 0.9423
vn 0.2370 0.9689 -0.0714
vn -0.9799 0.0161 -0.1987
vn -0.9593 0.2613 -0.1073
vn 0.2566 0.8400 0.4780
vn 0.8245 0.2934 0.4838
vn -0.1267 0.2395 0.9626
vn 0.2219 -0.2075 0.9527
vn 0.0616 0.2652 0.9622
vn 0.3191 0.0106 0.9477
vn 0.4779 0.7468 0.4625
vn 0.9887 -0.1490 -0.0165
vn 0.0191 0.8155 0.5785
vn -0.9688 0.1237 -0.2146
vn -0.1868 0.4351 0.8808
vn -0.3090 0.4983 0.8101
vn 0.7878 0.1570 -0.5957
vn -0.0817 0.4589 0.8847
vn 0.6354 0.2711 0.7231
vn 0.1972 0.4811 0.8542
vn 0.7736 0.2451 -0.5843
vn -0.5519 0.5611 0.6169
vn -0.7391 -0.1576 0.6550
vn 0.2457 0.9547 -0.1679
vn 0.2569 0.9654 -0.0452
vn -0.3836 -0.4707 -0.7946
vn 0.5931 0.7551 0.2793
vn 0.4547 0.6490 0.6099
vn 0.0108 0.2556 0.9667
vn -0.0098 -0.0821 0.9966
vn 0.9475 -0.3137 0.0622
vn 0.1933 0.7271 0.6588
vn 0.1384 0.8868 0.4409
vn -0.4301 0.8191 0.3797
vn -0.8735 0.4865 0.0166
vn 0.0205 0.7852 0.6189
vn 0.3915 0.9011 -0.1863
vn -0.2841 0.9490 -0.1370
vn 0.3876 -0.8940 -0.2247
vn 0.0187 0.2836 0.9588
vn -0.0465 0.4105 0.9107
vn -0.3767 0.6212 0.6872
vn -0.3596 0.6184 0.6988
vn -0.4024 0.3174 -0.8587
vn 0.0824 0.6262 0.7753
vn 0.2111 -0.1334 0.9683
vn 0.2274 0.0757 0.9709
vn 0.2598 0.6825 0.6831
vn 0.2419 0.6638 0.7077
vn -0.0573 0.6854 0.7259
vn -0.0696 0.3656 0.9282
vn -0.6081 -0.0975 0.7879
vn -0.2584 0.9609 0.0990
vn 0.1712 0.9810 0.0914
vn 0.1083 -0.9149 -0.3890
vn -0.4363 -0.1137 0.8926
vn -0.1204 0.5931 0.7961
vn -0.0447 0.4640 0.8847
vn -0.1456 -0.0783 0.9862
vn 0.2520 0.4650 0.8487
vn 0.3978 0.9159 0.0538
vn -0.2548 0.2810 0.9253
vn 0.0909 0.8389 0.5366
vn 0.0508 0.2612 0.9639
vn -0.1895 0.5096 0.8393
vn -0.2391 0.6389 0.7312
vn 0.6291 -0.0742 -0.7738
vn 0.0088 0.5648 0.8252
vn 0.2843 -0.1695 0.9436
vn -0.4921 0.8690 0.0528
vn -0.5784 -0.2750 0.7680
vn 0.0723 0.9805 0.1828
vn 0.0813 0.9599 0.2683
vn -0.2341 -0.2306 0.9445
vn -0.1925 -0.2234 0.9555
vn -0.0687 0.1679 0.9834
vn 0.4018 0.9148 -0.0397
vn 0.9313 0.0112 -0.3641
vn 0.2043 0.6529 0.7294
vn 0.2196 0.0033 0.9756
vn 0.2149 0.0837 0.9730
vn -0.6692 -0.3238 0.6689
vn -0.2491 -0.2507 0.9355
vn -0.2581 0.2699 0.9276
vn -0.3733 0.4212 0.8266
vn 0.2415 0.9268 0.2876
vn 0.0073 -0.9967 0.0810
vn -0.0049 0.1518 0.9884
vn -0.1890 0.3174 0.9293
vn -0.3589 0.5520 0.7527
vn -0.2656 0.7731 0.5760
vn 0.0168 -0.5798 0.8146
vn -0.1339 0.0548 0.9895
vn 0.1594 0.1122 0.9808
vn 0.1402 -0.0505 0.9888
vn -0.3594 -0.4416 0.8221
vn 0.1689 0.7045 0.6894
vn -0.5381 -0.2131 0.8155
vn -0.1804 -0.2823 0.9422
vn -0.2513 -0.2472 0.9358
vn -0.1837 -0.2287 0.9560
vn -0.1471 -0.0843 0.9855
vn 0.3641 -0.3068 0.8794
vn 0.2889 0.1384 0.9473
vn -0.1869 0.2518 0.9496
vn -0.3200 0.5879 0.7430
vn -0.8745 0.1028 -0.4739
vn 0.3436 0.9375 0.0547
vn -0.2639 0.5426 0.7974
vn -0.3867 0.7163 0.5809
vn 0.5951 -0.7728 -0.2205
vn 0.9254 -0.1256 -0.3576
vn -0.1180 0.5228 0.8442
vn -0.1308 -0.5744 0.8081
vn 0.1946 -0.2709 0.9427
vn -0.1201 0.0045 0.9928
vn 0.0474 0.3394 0.9395
vn -0.2670 0.5143 0.8150
vn 0.2752 -0.2549 0.9270
vn 0.2229 0.2940 0.9294
vn -0.0681 0.1242 0.9899
vn 0.1804 0.6426 0.7447
vn -0.4100 -0.4801 0.7755
vn -0.3721 -0.3724 0.8502
vn 0.5531 -0.7717 -0.3140
vn 0.1986 -0.2105 0.9572
vn -0.3305 -0.3251 0.8860
vn -0.2651 -0.0953 0.9595
vn -0.1557 0.0496 0.9866
vn -0.0693 0.1103 0.9915
vn 0.0840 0.8257 0.5578
vn -0.2084 0.1663 0.9638
vn -0.1392 0.2139 0.9669
vn -0.1540 0.4316 0.8888
vn -0.2498 0.4459 0.8595
vn -0.2796 0.8150 0.5076
vn 0.2796 0.4839 0.8293
vn -0.0149 0.5392 0.8421
vn -0.1184 0.2844 0.9514
vn -0.3454 -0.3644 0.8648
vn -0.3431 -0.3228 0.8821
vn -0.2376 -0.1315 0.9624
vn -0.3324 -0.3235 0.8859
vn -0.1968 -0.2242 0.9545
vn -0.1961 -0.1645 0.9667
vn -0.1096 0.3109 0.9441
vn -0.1354 0.5740 0.8076
vn 0.9920 0.0879 -0.0907
vn 0.0479 0.1157 0.9921
vn -0.2289 0.8202 0.5242
vn 0.3481 -0.3331 0.8763
vn -0.0907 -0.1494 0.9846
vn -0.0342 0.0774 0.9964
vn 0.0731 0.5327 0.8431
vn 0.7085 -0.6512 -0.2719
vn -0.2342 -0.4181 0.8777
vn 0.0779 0.9593 0.2715
vn 0.2462 0.9635 0.1053
vn 0.0530 0.1426 0.9884
vn 0.0596 0.1616 0.9850
vn 0.9466 0.2744 -0.1695
vn 0.0152 0.2086 0.9779
vn -0.0340 0.0447 0.9984
vn -0.1820 0.2220 0.9579
vn -0.1745 0.7014 0.6911
vn -0.9854 -0.1378 -0.0997
vn 0.2837 0.5790 0.7644
vn -0.2905 -0.2651 -0.9194
vn -0.1492 0.5607 0.8144
vn -0.1411 0.4752 0.8685
vn -0.1539 0.5503 0.8207
vn -0.1304 0.5848 0.8006
vn -0.0487 -0.4169 0.9076
vn -0.0409 -0.7164 0.6965
vn -0.0162 0.1719 0.9850
vn 0.0518 0.6514 0.7569
vn 0.0710 0.0374 0.9968
vn -0.1084 -0.6669 0.7373
vn -0.1531 0.9835 0.0965
vn -0.2325 -0.0621 0.9706
vn -0.2134 -0.0304 0.9765
vn -0.3315 -0.1348 0.9338
vn -0.0670 -0.1142 0.9912
vn -0.0646 0.0679 0.9956
vn -0.0292 0.1768 0.9838
vn -0.3304 -0.0778 0.9406
vn -0.1431 0.4731 0.8693
vn 0.8628 -0.2216 -0.4545
vn 0.1951 -0.0197 0.9806
vn 0.1882 -0.0912 0.9779
vn -0.1332 -0.6914 0.7101
vn -0.3804 -0.3338 0.8625
vn -0.3364 -0.3245 0.8841
vn -0.3235 -0.1750 0.9299
vn -0.0417 0.0519 0.9978
vn -0.1023 0.1411 0.9847
vn -0.1040 0.1457 0.9838
vn -0.0461 0.5065 0.8610
vn -0.1870 0.8688 0.4585
vn -0.0604 0.3277 0.9428
vn -0.1494 0.7559 0.6374
vn -0.1548 0.7797 0.6068
vn 0.2860 0.3074 0.9076
vn 0.3218 0.3106 0.8944
vn -0.2110 -0.0483 0.9763
vn 0.2538 0.0350 0.9666
vn -0.0164 0.3353 0.9420
vn 0.5930 0.0127 -0.8051
vn -0.0318 0.9564 0.2902
vn -0.1252 0.5845 0.8017
vn 0.9111 0.2012 -0.3597
vn 0.3009 0.1308 0.9447
vn -0.1016 -0.6904 0.7163
vn -0.2273 -0.4139 0.8815
vn 0.0146 -0.4630 0.8862
vn -0.0487 -0.1351 0.9896
vn -0.1955 -0.4730 0.8591
vn 0.2120 0.1802 0.9605
vn 0.0107 -0.9602 -0.2792
vn 0.0845 0.0977 0.9916
vn -0.2963 -0.0523 0.9537
vn 0.0450 -0.4237 0.9047
vn -0.2739 -0.1157 0.9548
vn -0.1916 0.0282 0.9811
vn -0.1877 0.0675 0.9799
vn -0.0261 0.1423 0.9895
vn -0.9580 0.2864 0.0113
vn 0.1499 0.2126 0.9656
vn 0.0656 0.2081 0.9759
vn 0.3804 -0.0864 0.9208
vn 0.7781 -0.2665 0.5688
vn 0.3779 -0.0808 0.9223
vn -0.3410 0.8050 0.4854
vn 0.4842 0.4104 0.7727
vn 0.4837 -0.2850 0.8275
vn 0.4066 -0.3183 0.8564
vn 0.1699 -0.7887 0.5909
vn 0.4384 0.3837 0.8127
vn 0.3578 -0.1867 -0.9149
vn 0.4367 0.2365 0.8680
vn 0.3156 -0.3229 0.8923
vn 0.5545 -0.0750 0.8288
vn 0.8222 -0.1488 0.5495
vn 0.9746 0.0327 -0.2217
vn 0.2261 0.1988 0.9536
vn 0.7264 -0.0177 0.6870
vn 0.5733 -0.2553 0.7786
vn -0.0938 -0.5213 -0.8482
vn 0.4022 -0.5396 0.7396
vn 0.5227 0.0788 0.8488
vn 0.3146 0.3108 0.8969
vn 0.5249 -0.7965 -0.3001
vn 0.6297 -0.3911 -0.6712
vn 0.9206 0.1184 -0.3722
vn 0.1572 0.7922 0.5897
vn 0.4873 -0.2899 0.8237
vn 0.9256 0.3271 0.1906
vn -0.2418 0.7199 -0.6506
vn 0.4245 0.3181 0.8477
vn 0.2567 0.4110 0.8747
vn 0.5530 -0.3105 0.7732
vn 0.9109 -0.1017 0.3999
vn -0.0031 -0.6743 0.7385
vn 0.4642 0.3310 0.8216
vn 0.5222 0.2799 0.8056
vn 0.8082 0.4863 -0.3322
vn 0.5750 0.3422 0.7431
vn -0.9343 0.2666 0.2365
vn 0.2363 0.4426 0.8650
vn 0.4637 0.3259 0.8239
vn 0.3352 -0.1871 0.9234
vn 0.1637 0.7407 0.6516
vn 0.2090 -0.7106 0.6718
vn -0.0685 -0.6220 -0.7800
vn 0.6413 -0.5086 0.5745
vn -0.6563 -0.7377 -0.1586
vn 0.6472 0.0849 0.7576
vn 0.7601 0.3290 0.5604
vn 0.3564 0.3271 0.8752
vn 0.5926 -0.1100 0.7980
vn 0.4597 0.4512 0.7649
vn 0.6692 -0.5390 0.5116
vn 0.6969 -0.3604 0.6201
vn 0.5844 0.2972 0.7551
vn 0.0219 0.9063 0.4221
vn 0.7852 0.0347 0.6183
vn 0.7354 0.1880 0.6510
vn 0.9583 0.0427 0.2825
vn 0.5487 -0.7073 0.4457
vn 0.8520 -0.1028 0.5134
vn 0.8481 -0.1539 0.5071
vn 0.7973 0.2274 0.5591
vn 0.6893 0.3792 0.6173
vn 0.6866 0.3994 0.6075
vn 0.7896 -0.1679 0.5901
vn 0.7454 -0.0356 0.6657
vn 0.7521 -0.1166 0.6487
vn 0.7899 0.3393 0.5109
vn 0.2275 0.4399 0.8688
vn -0.1215 0.2212 -0.9676
vn 0.5452 -0.7787 0.3104
vn 0.7400 -0.5561 0.3784
vn 0.7852 0.1829 0.5916
vn 0.9507 -0.2394 -0.1973
vn 0.6803 0.2928 0.6719
vn 0.7735 -0.0517 0.6316
vn 0.6941 0.0837 0.7150
vn 0.4215 0.2281 0.8777
vn 0.4955 0.4629 0.7350
vn 0.7080 -0.6199 0.3384
vn 0.8693 -0.3447 0.3542
vn 0.7707 0.4095 0.4882
vn 0.6576 -0.0953 0.7473
vn 0.8038 -0.0648 0.5913
vn 0.8340 0.2112 0.5097
vn 0.7721 0.0937 0.6286
vn 0.0570 0.2948 -0.9538
vn 0.5775 -0.2529 0.7762
vn 0.3862 -0.0452 0.9213
vn 0.8087 0.2698 0.5226
vn 0.4901 -0.0072 0.8717
vn 0.8841 -0.0825 0.4599
vn 0.7757 0.3732 0.5090
vn 0.8997 0.0800 0.4291
vn 0.3073 0.3013 0.9026
vn 0.5039 -0.2956 0.8116
vn 0.6288 -0.5151 0.5824
vn 0.4906 0.3734 0.7873
vn 0.4648 -0.8295 0.3097
vn 0.2699 -0.1784 0.9462
vn 0.8403 0.3259 0.4333
vn 0.8425 -0.0038 0.5387
vn 0.6928 -0.6119 0.3816
vn 0.8789 0.0649 0.4725
vn -0.1307 0.3005 -0.9448
vn 0.8693 -0.0838 0.4872
vn 0.4840 -0.4520 0.7492
vn 0.5909 -0.1727 0.7880
vn 0.5104 0.2074 0.8345
vn 0.5356 0.1251 0.8351
vn 0.6051 -0.3575 0.7114
vn 0.5162 -0.6994 -0.4944
vn 0.7741 -0.4105 0.4818
vn 0.6652 -0.5411 0.5145
vn 0.7912 0.0415 0.6101
vn 0.4929 0.3086 0.8135
vn 0.5761 0.4357 0.6916
vn 0.5946 0.4083 0.6926
vn 0.6295 0.4750 0.6149
vn 0.7489 0.2671 0.6065
vn 0.8272 -0.1376 0.5448
vn 0.8180 0.0604 0.5720
vn 0.5279 -0.4583 0.7150
vn 0.8378 -0.1909 0.5116
vn 0.6362 -0.6761 -0.3717
vn 0.4433 -0.1877 0.8765
vn 0.7259 -0.5843 0.3629
vn 0.3756 -0.1351 0.9169
vn -0.0755 0.1725 -0.9821
vn 0.5069 0.6052 0.6138
vn 0.2871 0.2337 0.9289
vn 0.5312 -0.2417 0.8120
vn 0.5556 0.2642 0.7883
vn -0.2032 0.7611 0.6160
vn 0.0149 0.1614 0.9868
vn 0.0859 0.0908 0.9922
vn 0.5274 -0.6528 -0.5437
vn -0.7569 -0.3227 -0.5683
vn 0.4647 0.4861 0.7401
vn -0.0077 0.1693 0.9855
vn 0.4280 -0.0273 0.9034
vn 0.5592 -0.7571 0.3377
vn 0.5667 0.5051 0.6509
vn -0.0934 -0.7273 -0.6800
vn 0.4340 -0.4722 0.7672
vn 0.3581 -0.5185 0.7765
vn 0.4297 -0.4799 0.7649
vn 0.7178 -0.0401 0.6951
vn 0.3618 -0.6101 0.7049
vn 0.2788 0.6128 0.7394
vn 0.1916 0.4562 0.8690
vn 0.5808 0.2288 0.7812
vn 0.4152 0.4021 0.8161
vn 0.4508 0.1816 0.8740
vn 0.7295 -0.1391 0.6697
vn 0.6896 -0.3648 0.6255
vn 0.6295 -0.1955 0.7520
vn 0.5409 0.1919 0.8189
vn 0.4715 -0.8614 -0.1889
vn 0.4632 -0.7569 0.4610
vn 0.2847 0.6566 0.6984
vn 0.4034 -0.4971 0.7682
vn 0.5629 -0.2671 0.7822
vn 0.5631 -0.2634 0.7833
vn 0.4857 0.4386 0.7561
vn 0.4088 0.4366 0.8014
vn 0.5274 0.3722 0.7637
vn 0.2883 0.6349 0.7168
vn 0.4616 0.4974 0.7345
vn 0.5960 0.2162 0.7733
vn 0.5415 0.3036 0.7840
vn 0.6089 0.1689 0.7751
vn 0.7810 -0.0212 0.6242
vn 0.7783 -0.0044 0.6279
vn 0.7738 0.3122 -0.5511
vn 0.0928 -0.7255 -0.6819
vn 0.6333 -0.1668 0.7557
vn 0.6387 0.1214 0.7598
vn 0.8381 -0.0836 0.5390
vn -0.1065 -0.6398 0.7611
vn 0.3714 0.2613 0.8910
vn 0.1948 0.4985 0.8447
vn 0.2638 0.3029 0.9158
vn 0.5021 -0.7847 0.3634
vn 0.2303 0.7526 0.6169
vn 0.8781 0.4575 0.1403
vn 0.7102 0.2581 0.6550
vn 0.5963 0.4405 0.6711
vn 0.5777 -0.7984 -0.1698
vn 0.3316 0.6076 0.7217
vn 0.6485 0.0960 0.7551
vn 0.9101 -0.4065 -0.0801
vn 0.4293 0.1988 0.8810
vn 0.3030 -0.0527 0.9515
vn 0.6728 -0.5310 0.5151
vn 0.5664 0.4500 0.6904
vn 0.7078 -0.1313 0.6941
vn 0.0593 -0.9702 0.2351
vn 0.7471 -0.6026 -0.2805
vn 0.4490 0.2904 0.8450
vn 0.3163 0.6207 0.7174
vn 0.5054 0.3167 0.8027
vn 0.9149 0.3986 -0.0637
vn 0.5987 -0.2861 0.7481
vn -0.3361 0.3213 -0.8853
vn 0.4550 0.0815 0.8868
vn 0.6708 0.2560 0.6961
vn 0.7824 0.1177 0.6115
vn 0.2922 0.0401 0.9555
vn 0.2893 0.0997 0.9520
vn 0.6697 0.2385 0.7033
vn 0.7447 -0.5035 0.4381
vn 0.6975 0.4493 0.5581
vn 0.7588 -0.1336 0.6375
vn 0.5388 -0.2006 0.8182
vn 0.6635 -0.2444 0.7072
vn 0.5875 -0.5397 0.6030
vn 0.5008 -0.0104 0.8655
vn 0.6655 -0.2997 0.6836
vn 0.4913 0.1885 0.8503
vn 0.7266 -0.1416 0.6723
vn 0.2910 0.0422 0.9558
vn 0.4526 -0.2833 0.8455
vn 0.8582 0.0210 0.5129
vn -0.3682 -0.9038 -0.2180
vn 0.5287 -0.2164 0.8208
vn 0.5414 -0.1821 0.8208
vn 0.4306 0.2020 0.8796
vn 0.7096 -0.1792 0.6815
vn 0.7804 0.0529 0.6230
vn 0.8401 0.1109 0.5310
vn 0.8512 0.0721 0.5199
vn 0.4840 -0.5899 0.6464
vn 0.5436 -0.0572 0.8374
vn 0.6160 0.1026 0.7810
vn -0.0193 0.7138 0.7001
vn 0.4345 0.5495 0.7136
vn 0.7651 -0.3046 0.5673
vn 0.4885 -0.2730 0.8288
vn 0.3914 0.1997 0.8983
vn 0.2382 0.4211 0.8752
vn 0.4229 0.4238 0.8010
vn 0.8198 -0.0715 0.5682
vn -0.8958 0.4263 -0.1256
vn 0.6964 -0.2572 0.6700
vn 0.6928 0.2960 0.6576
vn 0.6055 0.2705 0.7485
vn 0.3092 -0.5707 -0.7607
vn 0.5857 -0.1012 0.8041
vn 0.4021 -0.0831 0.9118
vn 0.5293 0.0813 0.8445
vn 0.4541 -0.7263 -0.5160
vn -0.4435 0.5217 0.7288
vn 0.6709 0.2405 0.7015
vn 0.3892 0.1623 0.9067
vn 0.5563 -0.0555 0.8291
vn 0.6696 0.4822 0.5649
vn 0.9391 -0.1274 0.3191
vn 0.5733 0.3532 0.7393
vn 0.4913 -0.1471 0.8584
vn 0.9016 0.4266 0.0716
vn 0.9940 0.0841 0.0701
vn 0.6854 -0.0348 0.7274
vn 0.3341 -0.3272 0.8839
vn 0.5358 -0.2442 0.8082
vn 0.4031 0.1891 0.8954
vn 0.7808 -0.1808 0.5980
vn 0.1793 -0.7917 -0.5840
vn 0.5902 0.1215 0.7981
vn -0.8040 -0.0048 -0.5946
vn 0.7638 0.0350 0.6445
vn 0.7701 0.1964 0.6070
vn 0.6966 0.2958 0.6537
vn 0.7319 0.4406 0.5197
vn 0.7666 0.1607 0.6217
vn 0.5016 -0.4880 0.7144
vn 0.6078 0.0254 0.7937
vn 0.5414 -0.2915 0.7886
vn 0.5395 0.2886 0.7910
vn 0.5582 0.1310 0.8193
vn 0.6239 -0.2501 0.7404
vn 0.5568 -0.0421 0.8296
vn 0.7193 0.4575 0.5227
vn 0.5425 -0.0507 0.8385
vn 0.6638 -0.2146 0.7164
vn 0.5529 0.2601 0.7916
vn 0.6036 0.0820 0.7931
vn 0.4792 0.4914 0.7272
vn 0.3015 -0.2876 0.9090
vn 0.9003 0.1335 0.4144
vn -0.7980 -0.5697 0.1964
vn 0.3710 -0.0546 0.9270
vn 0.8566 0.1575 0.4914
vn -0.3465 0.7943 0.4991
vn 0.4132 0.3443 0.8430
vn 0.8115 -0.5559 -0.1799
vn 0.4017 0.3931 0.8271
vn 0.5451 -0.0503 0.8369
vn -0.9754 -0.1901 0.1116
vn 0.5213 0.1998 0.8297
vn 0.6282 0.1262 0.7678
vn 0.5758 -0.1014 0.8113
vn 0.4756 0.0909 0.8750
vn 0.8565 0.0879 0.5086
vn 0.8738 0.0174 0.4860
vn 0.7950 0.4307 0.4272
vn 0.2123 0.0352 0.9766
vn 0.5111 -0.3942 0.7638
vn 0.7357 0.4216 0.5301
vn 0.4761 -0.5038 0.7208
vn 0.5638 0.0181 0.8257
vn 0.5314 0.0125 0.8471
vn 0.6286 0.3605 0.6891
vn 0.7600 -0.3185 0.5665
vn 0.8369 -0.0389 0.5459
vn 0.6360 0.0351 0.7709
vn 0.7164 -0.0292 -0.6971
vn 0.7855 -0.5654 -0.2515
vn 0.8794 0.0327 0.4750
vn -0.4557 0.8072 -0.3752
vn -0.2031 -0.4193 -0.8848
vn 0.4751 -0.4382 0.7630
vn 0.6006 0.1133 0.7915
vn 0.2282 0.4085 0.8838
vn 0.7035 -0.3940 0.5915
vn 0.5285 -0.2565 0.8093
vn 0.8527 0.1375 0.5040
vn 0.5795 -0.3119 0.7529
vn 0.5580 -0.2833 0.7800
vn -0.5567 0.1960 -0.8073
vn 0.8774 0.2487 0.4102
vn 0.1635 -0.9129 -0.3740
vn 0.1169 0.0736 0.9904
vn 0.3152 0.4328 0.8446
vn 0.1260 -0.0466 0.9909
vn 0.8211 -0.0043 0.5708
vn 0.7876 -0.0992 0.6082
vn 0.5823 -0.7104 -0.3953
vn 0.4604 -0.2544 0.8505
vn 0.4237 0.4282 0.7982
vn 0.7787 0.2843 0.5593
vn 0.3811 0.4557 0.8044
vn 0.9109 -0.4046 -0.0814
vn 0.2280 0.0566 0.9720
vn 0.5325 -0.7043 0.4694
vn 0.4996 0.0915 0.8614
vn 0.5610 -0.0757 0.8243
vn -0.2542 -0.2228 -0.9411
vn -0.7672 -0.1757 0.6168
vn 0.4597 -0.6678 0.5855
vn 0.6273 0.2830 0.7255
vn -0.9891 -0.1390 -0.0483
vn 0.8862 -0.0490 0.4607
vn 0.2136 0.0318 0.9764
vn 0.4670 -0.0067 0.8842
vn 0.2469 0.1055 0.9633
vn 0.7421 0.2786 0.6097
vn 0.6698 0.3816 0.6370
vn 0.6410 -0.2551 0.7239
vn 0.0235 -0.6177 -0.7860
vn 0.5803 -0.3094 0.7534
vn 0.4302 -0.1853 0.8835
vn 0.7971 -0.3187 0.5129
vn 0.9992 -0.0184 0.0359
vn 0.9825 0.1270 -0.1365
vn 0.9947 0.0485 -0.0902
vn 0.4351 -0.5420 0.7190
vn 0.7456 0.3861 0.5432
vn 0.3336 -0.9222 -0.1956
vn 0.6263 -0.3766 0.6826
vn 0.6946 0.2940 0.6566
vn -0.2420 0.3318 -0.9118
vn 0.2491 0.7412 0.6233
vn 0.5587 -0.0531 0.8276
vn -0.0583 -0.9040 -0.4235
vn 0.6881 0.5334 0.4919
vn 0.5692 0.1664 0.8052
vn 0.9993 0.0361 -0.0097
vn 0.7560 0.6478 -0.0935
vn 0.6273 0.0084 0.7787
vn -0.0065 -0.4895 0.8720
vn 0.0375 0.0335 0.9987
vn -0.0675 0.2167 0.9739
vn -0.0632 0.2244 0.9725
vn 0.5309 -0.6255 0.5717
vn 0.8365 -0.5109 -0.1982
vn 0.2041 0.8207 0.5337
vn 0.3413 0.1280 0.9312
vn -0.9576 -0.2521 0.1392
vn 0.6358 0.7460 -0.1983
vn 0.3900 -0.0494 0.9195
vn 0.6409 0.1005 0.7610
vn 0.5439 -0.4460 0.7108
vn 0.2481 0.6887 0.6813
vn 0.8505 -0.2854 0.4418
vn 0.2260 0.4759 0.8500
vn 0.6173 -0.2302 0.7523
vn 0.2976 0.6254 0.7214
vn 0.8535 0.0757 0.5155
vn 0.3272 0.3232 0.8880
vn 0.8632 -0.3521 0.3619
vn 0.7723 -0.2166 0.5971
vn 0.3665 0.8410 -0.3979
vn 0.8522 -0.5232 -0.0058
vn 0.8725 0.4886 -0.0042
vn 0.4681 -0.4375 -0.7678
vn 0.2509 0.5480 0.7980
vn 0.8894 0.2816 0.3600
vn 0.9021 -0.0791 0.4243
vn 0.4566 0.7556 0.4697
vn 0.7118 0.4109 -0.5696
vn 0.3157 0.0314 0.9483
vn 0.0103 -0.9979 0.0645
vn -0.6395 0.7392 0.2111
vn 0.3187 0.3962 0.8611
vn 0.8893 0.3469 -0.2981
vn 0.2954 -0.2381 0.9252
vn 0.6235 0.4608 0.6316
vn 0.7744 -0.2541 0.5794
vn 0.7160 -0.0666 0.6949
vn 0.3196 0.6429 0.6961
vn 0.6413 -0.1198 0.7579
vn 0.1478 0.5196 0.8415
vn 0.2925 -0.0420 0.9553
vn 0.1603 0.2093 0.9646
vn 0.9043 -0.0457 0.4245
vn 0.5244 -0.3483 0.7770
vn 0.7765 -0.0364 0.6291
vn 0.9070 -0.3115 -0.2834
vn 0.8182 -0.0455 0.5732
vn 0.5165 0.0672 0.8536
vn 0.3057 0.3092 0.9005
vn 0.2482 0.7421 0.6227
vn 0.7997 0.0398 0.5991
vn 0.5016 -0.1583 0.8505
vn 0.7163 -0.0923 0.6916
vn 0.6699 0.2435 0.7014
vn 0.6788 -0.5707 0.4620
vn 0.9430 0.1160 -0.3120
vn 0.5564 -0.2707 0.7856
vn -0.0150 0.0681 -0.9976
vn -0.5116 0.1719 -0.8418
vn 0.8613 -0.1866 0.4726
vn 0.9011 -0.1096 0.4196
vn 0.8530 0.1129 0.5096
vn -0.0309 0.2959 0.9547
vn 0.7255 0.3806 0.5733
vn -0.8918 -0.4446 0.0833
vn 0.7827 0.0204 0.6221
vn 0.7636 -0.0720 0.6416
vn 0.6519 -0.3778 0.6574
vn 0.5018 0.2076 0.8397
vn 0.7768 0.4955 -0.3888
vn 0.4891 -0.6843 -0.5409
vn 0.9583 0.2854 0.0158
vn 0.3586 0.1316 0.9241
vn 0.5111 -0.2826 0.8117
vn 0.9469 0.2384 0.2156
vn 0.2430 -0.0907 0.9658
vn 0.4058 -0.5949 -0.6938
vn -0.0933 -0.6067 -0.7895
vn 0.6460 -0.1001 0.7568
vn 0.6528 0.2000 0.7306
vn 0.6850 -0.6643 -0.2992
vn 0.8936 0.2807 -0.3502
vn 0.3599 0.2576 0.8967
vn 0.5243 -0.2085 0.8256
vn 0.7818 -0.3250 -0.5320
vn -0.1412 0.1857 -0.9724
vn 0.8429 -0.0054 0.5381
vn 0.5402 -0.4015 0.7396
vn 0.7764 0.0371 0.6291
vn 0.5276 -0.1615 0.8340
vn 0.3398 0.6530 0.6769
vn 0.2854 0.5134 0.8093
vn 0.4629 -0.2233 0.8578
vn 0.5921 0.0944 0.8003
vn 0.3248 -0.5836 0.7442
vn 0.3752 -0.1750 0.9103
vn 0.2782 0.9271 0.2511
vn 0.4715 -0.5341 0.7017
vn 0.4247 0.0212 0.9051
vn 0.9470 0.2640 0.1830
vn 0.5856 -0.8072 -0.0745
vn 0.4095 -0.0420 0.9113
vn 0.7700 -0.1248 0.6258
vn 0.7729 -0.3531 -0.5272
vn 0.4616 -0.5202 0.7185
vn -0.9762 0.0140 0.2164
vn -0.2194 0.6386 -0.7376
vn 0.3182 -0.1575 0.9348
vn 0.9077 -0.0318 0.4183
vn 0.8382 0.2945 0.4590
vn 0.3730 0.2033 0.9053
vn -0.2460 0.4420 0.8626
vn 0.1415 0.8669 0.4780
vn 0.3713 -0.1059 0.9224
vn 0.7475 0.0729 0.6602
vn 0.8100 -0.0493 0.5844
vn 0.2563 -0.2188 0.9415
vn 0.8681 0.1666 0.4677
vn 0.6088 0.2290 0.7596
vn 0.5741 0.1412 0.8065
vn 0.2118 -0.7106 0.6709
vn 0.7978 -0.1956 0.5704
vn 0.9572 0.0215 0.2885
vn 0.5775 -0.4506 0.6808
vn 0.3011 0.3422 0.8901
vn 0.3604 0.7340 0.5756
vn -0.1044 -0.1231 -0.9869
vn 0.8843 0.3113 -0.3479
vn 0.3293 0.0204 0.9440
vn 0.7650 -0.2179 0.6060
vn 0.4528 0.4482 0.7708
vn 0.6199 -0.0549 0.7828
vn 0.7342 -0.2705 0.6227
vn 0.5637 0.3240 0.7598
vn 0.7197 -0.2054 0.6632
vn 0.9284 0.2427 -0.2815
vn -0.2403 -0.4665 -0.8512
vn 0.5029 -0.1351 0.8537
vn 0.3087 0.3114 0.8987
vn 0.5315 -0.4029 0.7451
vn 0.2667 0.1958 0.9437
vn 0.9683 0.0505 0.2446
vn -0.1961 0.7653 -0.6131
vn 0.7538 0.0311 0.6564
vn 0.7804 0.3570 0.5133
vn 0.3593 0.2286 0.9048
vn 0.6887 -0.6168 -0.3811
vn 0.6275 -0.7572 0.1816
vn 0.4695 -0.8493 -0.2412
vn 0.3125 0.0069 0.9499
vn 0.6154 -0.1457 0.7746
vn 0.4065 -0.1468 0.9018
vn 0.6792 -0.4548 0.5761
vn 0.3782 -0.1358 0.9157
vn 0.5837 0.0805 0.8080
vn 0.6755 -0.0465 0.7359
vn 0.8325 0.1491 0.5336
vn 0.8986 0.4360 0.0497
vn 0.5794 -0.1572 0.7997
vn 0.7539 -0.1604 0.6371
vn 0.5809 0.2459 0.7760
vn 0.3592 0.1124 0.9265
vn 0.8301 -0.0991 -0.5487
vn 0.8633 0.1083 0.4929
vn 0.4249 -0.1810 0.8869
vn 0.5060 -0.0225 0.8622
vn 0.4681 -0.2475 0.8483
vn 0.3569 0.5037 0.7867
vn 0.7457 0.3124 0.5885
vn 0.5528 -0.4421 0.7064
vn 0.4549 -0.0648 0.8882
vn 0.3595 -0.6297 0.6886
vn 0.8716 -0.0046 -0.4902
vn -0.4958 0.7457 -0.4451
vn 0.4202 0.2261 0.8788
vn 0.5098 -0.1475 0.8476
vn 0.4714 -0.7204 -0.5087
vn 0.6672 -0.7214 0.1858
vn 0.9283 -0.0802 -0.3630
vn 0.5996 -0.3982 0.6942
vn 0.9313 -0.0374 -0.3623
vn -0.0311 0.0908 -0.9954
vn 0.4664 -0.3711 0.8029
vn 0.5006 -0.6755 0.5413
vn -0.0492 -0.0580 0.9971
vn 0.5477 -0.5523 0.6285
vn 0.0426 0.6682 0.7427
vn 0.3533 0.3983 0.8465
vn -0.0026 0.8132 0.5820
vn 0.4812 -0.3682 0.7955
vn 0.3178 0.0981 0.9431
vn 0.2870 -0.0518 0.9565
vn 0.3989 0.1600 0.9029
vn 0.2288 0.7509 0.6195
vn 0.5233 -0.0323 0.8515
vn 0.6857 -0.2964 0.6648
vn 0.5468 -0.5867 0.5974
vn 0.6663 -0.2297 0.7094
vn 0.6085 0.3648 0.7048
vn 0.8790 0.0108 -0.4767
vn 0.5348 -0.0842 0.8407
vn 0.5478 -0.0478 0.8352
vn 0.8817 -0.0776 0.4654
vn 0.3368 -0.0868 0.9376
vn 0.0272 -0.8411 -0.5402
vn 0.5313 -0.3481 0.7724
vn 0.4494 -0.1190 0.8854
vn 0.8828 -0.0795 0.4630
vn 0.7471 -0.0568 -0.6623
vn 0.7979 -0.2364 0.5544
vn 0.3024 -0.0783 0.9500
vn 0.4265 0.5105 0.7467
vn 0.9872 0.0212 -0.1582
vn 0.7314 -0.2933 0.6157
vn 0.3600 -0.9219 -0.1430
vn 0.2976 -0.2068 0.9320
vn 0.6583 0.4061 0.6338
vn 0.2410 0.4052 0.8819
vn 0.5638 -0.7662 0.3084
vn 0.3066 0.5921 0.7452
vn 0.7050 -0.1543 0.6922
vn 0.7208 -0.1207 0.6826
vn 0.9905 0.0468 0.1295
vn -0.5401 -0.0700 0.8387
vn 0.3567 0.4923 0.7940
vn 0.0329 0.4375 0.8986
vn 0.2359 0.5103 0.8270
vn 0.5130 0.0094 0.8583
vn 0.5120 0.1235 0.8500
vn 0.3031 0.8153 0.4933
vn 0.6632 -0.2313 0.7118
vn 0.6593 0.1346 0.7397
vn 0.7690 -0.3100 0.5590
vn 0.5894 -0.5650 0.5774
vn -0.3960 -0.8879 -0.2341
vn 0.2731 0.1769 -0.9456
vn 0.7108 -0.3131 0.6299
vn 0.5828 -0.4188 0.6963
vn 0.6667 -0.0908 0.7398
vn 0.6002 0.1174 0.7912
vn -0.1683 0.8299 0.5318
vn -0.8465 0.4617 0.2652
vn 0.6873 -0.0120 0.7263
vn 0.7035 -0.3939 0.5915
vn 0.6939 0.1941 0.6935
vn 0.6333 0.3905 0.6681
vn -0.1168 0.1259 -0.9851
vn 0.4766 -0.1173 0.8713
vn 0.7158 -0.3383 0.6109
vn 0.5113 0.4051 0.7579
vn 0.4569 0.2858 0.8423
vn 0.3060 0.3216 0.8961
vn 0.5898 0.7447 0.3124
vn 0.7341 -0.0399 0.6779
vn 0.0594 0.7992 0.5982
vn 0.7097 -0.4260 0.5610
vn -0.0083 0.8128 0.5824
vn 0.8013 -0.1560 0.5776
vn -0.7086 -0.7031 0.0596
vn 0.8916 0.4390 -0.1111
vn 0.6666 -0.2264 0.7102
vn 0.7528 -0.2255 0.6185
vn 0.6038 0.0735 0.7938
vn 0.7617 0.0340 0.6470
vn 0.6949 0.2086 0.6882
vn 0.3301 0.1832 0.9260
vn 0.3640 -0.3783 0.8511
vn 0.5928 -0.1853 0.7837
vn 0.3772 0.2082 0.9025
vn 0.0583 -0.0583 -0.9966
vn -0.0909 0.2564 0.9623
vn 0.4619 0.5267 0.7137
vn 0.4697 0.5194 0.7139
vn 0.4931 -0.0130 0.8699
vn 0.7435 0.1881 0.6418
vn 0.3370 -0.1861 0.9229
vn 0.2577 0.2961 0.9197
vn 0.4796 0.1033 0.8714
vn -0.0058 0.3131 0.9497
vn -0.8915 0.3436 0.2953
vn 0.3425 0.5945 0.7276
vn 0.4718 0.3678 0.8013
vn 0.3432 0.4138 0.8432
vn 0.8951 -0.4359 -0.0943
vn 0.7196 -0.2065 0.6629
vn 0.9514 0.1550 -0.2661
vn -0.8716 -0.4160 0.2593
vn -0.9605 0.2775 0.0199
vn -0.9990 0.0428 -0.0106
vn 0.9856 -0.1575 -0.0621
vn 0.9839 -0.1738 -0.0420
vn 0.9449 0.3249 0.0393
vn 0.3717 -0.9137 -0.1641
vn -0.9702 -0.2201 -0.1017
vn -0.8798 0.4490 -0.1561
vn -0.6827 0.0934 0.7247
vn -0.7814 -0.5366 0.3185
vn -0.4640 -0.0003 0.8859
vn -0.9935 0.0214 -0.1121
vn -0.9281 0.2287 0.2939
vn -0.9809 0.0630 0.1840
vn -0.9469 0.3014 0.1120
vn -0.3270 0.8923 -0.3111
vn -0.4892 0.8483 -0.2026
vn 0.4193 -0.8186 -0.3926
vn -0.8966 0.4246 0.1255
vn 0.9458 0.3176 0.0682
vn -0.9628 0.2644 0.0552
vn 0.6985 0.0526 -0.7137
vn -0.9285 -0.3612 -0.0863
vn -0.9489 -0.1606 0.2718
vn 0.7663 -0.1873 -0.6146
vn 0.2713 -0.8453 0.4602
vn -0.0004 -0.9995 -0.0323
vn 0.5108 0.1243 -0.8507
vn 0.9637 0.1901 0.1875
vn -0.9724 0.0436 -0.2292
vn -0.9726 -0.2032 -0.1130
vn -0.6169 0.7401 0.2678
vn -0.7093 0.6583 0.2521
vn 0.9880 -0.0256 -0.1522
vn -0.8851 0.3795 0.2695
vn 0.8410 -0.4292 -0.3294
vn -0.5317 0.7228 -0.4415
vn -0.9165 -0.3733 0.1436
vn 0.9179 -0.3253 -0.2271
vn 0.9856 0.1408 0.0940
vn 0.8320 -0.5136 -0.2098
vn -0.7702 0.4066 -0.4914
vn -0.0144 -0.6441 -0.7648
vn -0.9028 0.2167 -0.3715
vn 0.7804 0.3517 0.5171
vn -0.7463 -0.3718 -0.5521
vn 0.6289 -0.6646 -0.4035
vn 0.9484 0.2396 0.2075
vn 0.1880 0.8870 -0.4218
vn 0.8462 -0.2055 -0.4916
vn 0.8232 -0.2118 -0.5267
vn 0.1031 -0.2207 -0.9699
vn 0.7071 -0.5171 -0.4823
vn -0.2747 -0.8094 -0.5191
vn 0.7572 -0.6253 0.1885
vn 0.5310 -0.6424 -0.5526
vn 0.9947 0.0773 0.0680
vn 0.8852 0.4170 0.2063
vn -0.9142 0.2756 -0.2972
vn 0.7486 0.0416 -0.6617
vn 0.4751 -0.8739 -0.1026
vn 0.8394 -0.5305 -0.1180
vn 0.9714 0.1374 0.1939
vn -0.0137 0.5648 -0.8251
vn -0.8498 -0.4089 0.3325
vn -0.7164 -0.6076 -0.3430
vn 0.9920 -0.1257 0.0128
vn 0.7579 -0.2554 -0.6002
vn -0.7116 0.6916 0.1239
vn -0.8631 -0.4923 0.1125
vn 0.8581 0.0072 -0.5134
vn 0.1869 -0.9319 -0.3108
vn 0.8970 -0.4008 -0.1862
vn 0.7885 0.2733 -0.5510
vn 0.0809 0.2792 -0.9568
vn 0.9316 0.3585 0.0594
vn 0.7085 -0.6935 -0.1310
vn -0.4740 0.2296 -0.8500
vn 0.7724 -0.5244 -0.3584
vn 0.6074 0.0761 -0.7908
vn -0.5280 0.8487 -0.0301
vn 0.7679 0.3740 0.5200
vn 0.6343 -0.0612 -0.7706
vn 0.7723 0.1277 -0.6223
vn 0.7098 -0.6499 -0.2717
vn -0.8654 -0.4821 -0.1365
vn 0.0661 -0.4753 0.8773
vn -0.8913 -0.1860 -0.4136
vn -0.7787 -0.5016 -0.3768
vn 0.7847 -0.3253 -0.5276
vn 0.9880 -0.0866 -0.1278
vn -0.9490 -0.0799 -0.3050
vn 0.7486 -0.1866 -0.6362
vn 0.6288 -0.1219 -0.7680
vn -0.9090 -0.0422 -0.4147
vn -0.8641 -0.3917 -0.3162
vn -0.9763 -0.1434 -0.1619
vn -0.8837 -0.3795 0.2739
vn 0.1737 0.9557 -0.2376
vn 0.0997 0.7249 -0.6816
vn -0.2122 -0.4569 -0.8638
vn 0.7350 -0.3391 -0.5872
vn -0.1619 0.7317 0.6621
vn 0.7132 -0.5435 0.4426
vn 0.7471 0.0621 -0.6618
vn 0.9757 -0.2171 0.0293
vn -0.9988 0.0495 0.0062
vn 0.7529 0.0701 -0.6544
vn 0.7695 0.2475 -0.5887
vn 0.9874 -0.0962 -0.1259
vn 0.1456 -0.7311 -0.6665
vn 0.7863 0.2983 0.5411
vn 0.9773 -0.1109 -0.1805
vn 0.8597 -0.1662 -0.4830
vn -0.9392 0.3269 0.1053
vn 0.7615 -0.4603 -0.4564
vn -0.9665 0.0677 0.2476
vn 0.6236 -0.6348 -0.4562
vn 0.8999 0.3481 0.2627
vn -0.3813 -0.4250 0.8210
vn -0.3341 0.8886 -0.3143
vn -0.9950 0.0590 -0.0804
vn -0.2928 0.8405 -0.4559
vn 0.7572 0.0324 -0.6523
vn 0.7792 -0.0254 -0.6263
vn 0.2188 0.3117 0.9246
vn 0.7548 -0.4705 0.4571
vn -0.9247 0.3390 -0.1735
vn -0.6129 0.3173 -0.7237
vn 0.8667 -0.2668 -0.4214
vn -0.8746 0.0630 -0.4808
vn -0.9264 0.2157 -0.3086
vn 0.7025 -0.4591 -0.5438
vn 0.7519 -0.5837 -0.3066
vn 0.8272 -0.5266 -0.1957
vn 0.9943 0.0402 0.0991
vn 0.9916 0.0490 0.1194
vn 0.6573 -0.7523 -0.0458
vn -0.9623 -0.2695 0.0359
vn 0.9364 0.1776 0.3027
vn 0.9880 -0.1537 -0.0137
vn -0.9505 0.1389 -0.2778
vn -0.7280 0.6022 0.3277
vn -0.9106 -0.3825 -0.1565
vn -0.8020 0.1515 -0.5778
vn 0.8646 -0.2744 -0.4209
vn 0.5395 -0.3210 0.7784
vn 0.7962 -0.5642 -0.2184
vn 0.5638 -0.8056 0.1822
vn 0.7069 -0.3650 -0.6059
vn 0.7957 -0.1896 -0.5753
vn -0.3323 0.8230 0.4606
vn -0.9353 0.2744 -0.2235
vn -0.9777 -0.0503 -0.2038
vn 0.6370 -0.7400 -0.2158
vn 0.1062 0.6208 0.7767
vn 0.3987 -0.9158 -0.0481
vn -0.9889 -0.0034 -0.1486
vn 0.9934 0.0865 0.0758
vn -0.8125 -0.5737 0.1030
vn 0.0923 -0.9200 -0.3810
vn -0.9871 0.1231 0.1026
vn 0.7441 -0.2397 -0.6237
vn 0.7335 0.1193 -0.6691
vn -0.1467 -0.3739 -0.9158
vn -0.4258 0.8784 0.2169
vn -0.9597 0.0115 -0.2809
vn 0.3751 -0.8161 0.4396
vn 0.7566 -0.6258 0.1894
vn -0.2187 -0.7126 -0.6666
vn -0.7042 0.4487 -0.5502
vn -0.8238 -0.2642 -0.5015
vn 0.7433 -0.2732 -0.6106
vn -0.8754 -0.0302 -0.4824
vn 0.7610 -0.4794 0.4372
vn -0.2174 0.5505 -0.8061
vn 0.6871 0.3285 -0.6480
vn 0.5106 -0.4965 -0.7020
vn 0.8380 0.2355 -0.4922
vn -0.1592 0.1888 -0.9690
vn -0.8413 -0.4503 0.2991
vn 0.8911 0.1440 0.4303
vn -0.5755 -0.3480 0.7401
vn -0.0775 0.0761 -0.9941
vn 0.0680 -0.8484 -0.5250
vn 0.7766 -0.1270 -0.6171
vn 0.2783 0.0560 0.9589
vn -0.9291 -0.0502 -0.3665
vn 0.6621 -0.0150 -0.7493
vn 0.1624 -0.3787 -0.9112
vn 0.7109 -0.6532 0.2607
vn 0.8242 0.3959 0.4048
vn -0.0312 0.4227 -0.9057
vn 0.9144 0.3553 0.1939
vn 0.6530 -0.6791 -0.3353
vn -0.6693 0.7376 -0.0894
vn 0.8843 -0.0443 -0.4649
vn 0.8688 0.0256 -0.4946
vn 0.9717 0.1696 -0.1646
vn -0.9105 -0.0355 -0.4121
vn -0.1536 -0.3908 -0.9076
vn 0.7329 0.0694 -0.6768
vn 0.9227 0.3537 0.1533
vn 0.9095 0.1554 -0.3856
vn 0.8386 0.3070 -0.4500
vn 0.8906 -0.2302 -0.3922
vn -0.0023 0.9039 -0.4278
vn -0.7647 0.4982 0.4086
vn -0.4903 0.7336 0.4706
vn 0.7183 -0.0436 -0.6943
vn 0.9740 0.0781 -0.2129
vn -0.3484 0.7415 0.5734
vn -0.7476 -0.6000 -0.2849
vn 0.7096 -0.5311 -0.4631
vn 0.4338 0.3346 -0.8366
vn 0.5154 -0.1895 -0.8357
vn 0.9517 0.3057 -0.0271
vn 0.9882 -0.1524 -0.0116
vn 0.7534 -0.1045 -0.6492
vn 0.8432 -0.1057 -0.5270
vn -0.9874 -0.1401 0.0737
vn -0.9370 0.1979 0.2878
vn 0.9000 0.3940 0.1865
vn -0.7867 0.5213 0.3307
vn 0.6959 -0.4209 0.5819
vn 0.8162 0.5266 -0.2377
vn 0.5421 -0.2529 0.8013
vn 0.8843 0.3306 0.3297
vn 0.5235 -0.4328 -0.7339
vn 0.1042 -0.9504 0.2930
vn 0.7494 -0.1127 -0.6525
vn 0.6909 -0.6296 -0.3553
vn 0.8546 -0.4547 -0.2509
vn 0.7737 -0.5863 -0.2401
vn 0.9839 -0.1573 -0.0850
vn -0.5103 0.8291 -0.2283
vn 0.9143 0.1805 -0.3627
vn -0.3095 0.3928 -0.8660
vn 0.8162 -0.3807 -0.4345
vn 0.6343 -0.0213 -0.7728
vn 0.1980 -0.8816 -0.4285
vn 0.8480 -0.1240 -0.5154
vn 0.9858 0.1025 -0.1332
vn -0.6987 -0.4605 -0.5476
vn -0.4398 0.0821 -0.8943
vn -0.9647 0.1657 -0.2047
vn 0.5174 -0.0825 -0.8518
vn 0.7557 -0.2369 -0.6106
vn -0.8783 0.4499 -0.1618
vn 0.9805 -0.1409 0.1372
vn -0.9778 0.1171 -0.1738
vn 0.6610 0.0833 -0.7457
vn 0.9415 0.3008 0.1520
vn 0.9948 -0.1011 -0.0120
vn -0.8832 -0.2859 -0.3718
vn -0.9099 0.2925 -0.2941
vn -0.8370 -0.1217 -0.5336
vn -0.9041 -0.1186 -0.4104
vn -0.8224 -0.0552 -0.5662
vn 0.6326 -0.7408 -0.2259
vn 0.8851 -0.0426 -0.4635
vn 0.7400 0.0920 -0.6663
vn 0.9744 0.0156 0.2241
vn -0.8032 0.1538 -0.5755
vn 0.9177 0.0378 -0.3955
vn 0.6847 -0.6509 -0.3277
vn 0.8144 -0.1708 -0.5547
vn 0.9947 -0.0824 -0.0611
vn 0.8782 0.0093 0.4782
vn 0.9579 -0.2703 -0.0969
vn 0.7686 -0.4655 -0.4388
vn -0.5408 0.1559 -0.8266
vn -0.9466 -0.3121 0.0805
vn 0.8339 -0.4682 -0.2921
vn 0.8442 -0.3806 -0.3774
vn 0.5098 -0.8387 -0.1915
vn 0.8757 0.2906 0.3856
vn 0.7509 -0.2328 -0.6180
vn 0.2384 -0.7227 -0.6487
vn 0.8455 0.3325 -0.4178
vn 0.6341 0.0654 -0.7705
vn 0.9491 0.0847 0.3035
vn 0.7582 0.0624 -0.6491
vn -0.9511 -0.0614 -0.3029
vn 0.8876 0.1584 0.4325
vn 0.8972 0.2595 0.3573
vn 0.8693 0.3484 0.3506
vn 0.8428 0.5243 -0.1216
vn 0.1415 -0.7860 -0.6018
vn -0.4457 0.7184 0.5341
vn 0.9633 0.1652 0.2115
vn 0.7827 -0.5660 -0.2589
vn 0.0824 -0.6380 -0.7656
vn 0.1643 0.5700 -0.8050
vn 0.8777 -0.1970 -0.4369
vn 0.8463 -0.2589 -0.4656
vn 0.9777 0.1637 0.1317
vn -0.8691 -0.3268 -0.3714
vn 0.8272 0.4592 0.3240
vn 0.9423 0.0333 0.3330
vn -0.0205 -0.5891 -0.8078
vn 0.8467 -0.2621 -0.4630
vn 0.2884 -0.1889 -0.9387
vn 0.8419 -0.3024 -0.4470
vn 0.8519 -0.4344 -0.2925
vn 0.7560 -0.1851 -0.6279
vn -0.9461 0.1009 -0.3079
vn 0.9352 0.1054 0.3382
vn 0.9453 0.0787 0.3165
vn 0.9355 0.2657 0.2330
vn 0.8891 0.3883 0.2424
vn 0.6967 -0.7173 -0.0042
vn -0.4838 -0.2510 -0.8384
vn 0.8506 0.4094 0.3300
vn 0.9618 0.1714 0.2133
vn 0.9097 -0.4069 -0.0830
vn 0.5619 -0.6624 0.4955
vn 0.7013 -0.4588 -0.5456
vn 0.7415 -0.2256 -0.6319
vn -0.9850 -0.1637 -0.0542
vn -0.8210 -0.5286 0.2160
vn -0.9975 -0.0581 0.0409
vn 0.9377 0.2702 0.2185
vn 0.9193 0.3568 0.1664
vn 0.9769 0.0538 0.2069
vn 0.9759 0.0367 0.2149
vn 0.9404 -0.2253 -0.2548
vn -0.8403 -0.5097 0.1847
vn 0.8104 0.5066 0.2942
vn 0.3195 -0.9236 -0.2121
vn -0.9349 -0.3050 0.1816
vn 0.9670 0.0796 0.2421
vn 0.9084 0.3792 0.1761
vn 0.9492 0.3090 0.0589
vn -0.2850 -0.3603 -0.8882
vn -0.2578 -0.3099 -0.9152
vn 0.8799 0.3414 0.3305
vn 0.3236 0.5578 -0.7643
vn 0.2768 0.3263 0.9038
vn 0.8651 -0.3386 0.3701
vn 0.8481 -0.5147 -0.1255
vn 0.3399 -0.4682 0.8157
vn 0.7660 0.3626 0.5309
vn 0.8988 -0.4344 -0.0586
vn 0.9519 0.2460 0.1829
vn -0.2826 -0.0379 -0.9585
vn 0.9419 -0.1093 -0.3176
vn 0.8626 0.3974 0.3131
vn 0.9458 0.2753 -0.1720
vn 0.6128 -0.7593 0.2189
vn 0.6947 -0.6732 0.2532
vn 0.9645 -0.0689 0.2550
vn 0.4504 -0.8773 -0.1659
vn 0.9847 0.1194 0.1267
vn 0.7117 -0.7020 -0.0258
vn -0.8884 -0.4033 0.2193
vn -0.7570 0.2157 -0.6168
vn -0.0121 -0.9999 -0.0095
vn -0.5071 -0.5854 -0.6326
vn 0.4756 -0.7179 0.5083
vn 0.8368 0.4374 0.3293
vn 0.9626 0.1399 0.2321
vn 0.9687 0.0972 0.2284
vn 0.9086 0.2461 0.3374
vn 0.8900 -0.4258 0.1631
vn 0.9649 -0.0659 0.2544
vn 0.8542 0.0568 -0.5169
vn 0.6532 -0.7571 0.0108
vn 0.9956 0.0805 0.0488
vn 0.5164 -0.8086 -0.2820
vn 0.8836 0.4473 0.1386
vn -0.1408 0.7056 0.6945
vn 0.7506 -0.6422 0.1555
vn 0.8538 -0.5060 0.1228
vn 0.9900 0.1368 0.0350
vn -0.0555 0.9880 0.1440
vn 0.9832 -0.1788 0.0363
vn 0.9958 0.0891 0.0207
vn 0.8853 0.3327 0.3249
vn -0.7518 -0.2767 -0.5985
vn 0.9371 -0.3383 0.0865
vn 0.9677 -0.2035 0.1490
vn 0.9720 0.1887 0.1402
vn 0.9894 0.1128 0.0910
vn 0.9661 0.2396 0.0965
vn 0.8986 0.4312 0.0807
vn 0.8681 0.4875 0.0935
vn 0.9599 -0.2595 -0.1063
vn 0.8454 0.5074 0.1670
vn 0.9685 -0.2167 0.1229
vn 0.5188 0.7193 0.4620
vn 0.7735 0.5505 0.3141
vn 0.0447 0.9307 0.3630
vn 0.5954 0.7226 0.3512
vn 0.2091 -0.7661 0.6078
vn -0.3664 -0.8144 -0.4501
vn -0.4172 0.7862 0.4559
vn 0.8723 0.3999 0.2813
vn 0.7799 0.6103 0.1388
vn -0.1173 0.8985 0.4231
vn 0.8919 0.4049 0.2015
vn -0.2146 -0.0641 0.9746
vn 0.7809 0.4916 0.3853
vn 0.5403 0.6134 0.5760
vn 0.6132 0.6105 0.5012
vn 0.8742 0.4444 0.1958
vn 0.8151 0.5574 -0.1577
vn 0.7880 0.5666 -0.2407
vn 0.4190 0.3728 0.8279
vn 0.7218 0.6794 0.1322
vn 0.5386 0.7714 0.3389
vn 0.5947 0.6752 0.4364
vn 0.4915 0.6766 0.5482
vn -0.0914 0.9754 0.2005
vn -0.3882 0.8840 0.2604
vn -0.5049 0.5143 0.6932
vn 0.8465 0.4900 -0.2082
vn 0.1288 -0.4486 0.8844
vn 0.0365 0.9230 0.3832
vn 0.7056 0.6207 0.3418
vn 0.5911 0.7921 -0.1524
vn 0.4933 0.8698 -0.0063
vn 0.5017 0.8649 0.0117
vn 0.3720 0.9124 0.1706
vn 0.4496 0.8134 0.3692
vn 0.8044 0.5837 0.1110
vn 0.6187 -0.0645 -0.7830
vn 0.0815 0.8870 0.4545
vn 0.0252 0.9064 0.4218
vn -0.0963 0.6881 0.7192
vn 0.0542 0.8369 0.5447
vn 0.3493 0.8806 -0.3201
vn 0.1649 0.9822 -0.0905
vn 0.0746 0.9923 0.0993
vn -0.0509 0.9621 0.2678
vn -0.1142 0.9218 0.3705
vn 0.1347 0.9789 -0.1537
vn 0.0637 0.9969 0.0470
vn -0.1883 0.9441 0.2707
vn -0.1802 0.8586 0.4799
vn -0.2677 0.9477 0.1738
vn -0.3896 0.9080 -0.1539
vn -0.2853 0.8991 0.3319
vn 0.6759 0.5607 0.4782
vn 0.6327 0.5732 0.5208
vn -0.3092 0.9489 -0.0634
vn 0.7208 0.4457 0.5308
vn 0.2295 0.6497 0.7247
vn 0.8876 0.2192 0.4051
vn -0.3858 0.8967 0.2172
vn -0.9572 -0.0691 0.2811
vn -0.5847 0.2586 -0.7690
vn -0.5305 -0.8462 0.0507
vn 0.0574 0.9856 -0.1593
vn -0.0503 0.9558 -0.2898
vn 0.0329 0.9777 0.2072
vn 0.6260 0.7772 0.0648
vn -0.9909 0.1041 0.0850
vn 0.6613 0.0085 0.7501
vn -0.8396 -0.5424 -0.0312
vn -0.9473 0.1691 -0.2720
vn 0.1320 0.8973 0.4212
vn -0.9334 0.3531 0.0646
vn -0.9354 0.3470 0.0684
vn 0.0448 0.4666 -0.8833
vn 0.9405 0.2967 -0.1656
vn 0.9744 0.1466 0.1705
vn 0.8224 0.2164 0.5262
vn -0.3595 0.8101 0.4631
vn 0.1716 0.9823 0.0745
vn 0.4965 0.8591 0.1244
vn 0.5619 0.5968 0.5728
vn -0.0150 -0.6816 -0.7316
vn 0.2582 0.9654 -0.0360
vn 0.8445 0.5241 0.1105
vn -0.0801 0.8815 0.4653
vn -0.2030 0.8249 0.5276
vn -0.3534 0.0085 -0.9354
vn -0.9158 0.2103 -0.3421
vn -0.6792 0.3219 -0.6596
vn -0.3324 0.7513 0.5701
vn -0.3211 0.9258 -0.1994
vn -0.2884 0.9483 -0.1325
vn 0.1842 0.9825 0.0273
vn 0.1356 0.9722 0.1909
vn -0.0161 0.9804 0.1961
vn -0.2999 0.9523 -0.0560
vn -0.3251 0.9447 -0.0419
vn -0.3303 0.9438 -0.0132
vn -0.0550 0.8800 0.4718
vn 0.5944 0.7409 0.3128
vn 0.1332 0.9669 0.2176
vn -0.4379 0.8767 0.1990
vn -0.2418 0.9702 0.0133
vn -0.1709 0.9838 0.0540
vn 0.3482 0.9060 -0.2406
vn -0.0488 0.9982 -0.0349
vn -0.3506 0.8681 0.3515
vn -0.7004 0.6822 -0.2096
vn -0.1652 0.9862 0.0070
vn -0.0076 0.9932 -0.1161
vn 0.4493 0.8487 0.2792
vn 0.5407 0.7802 0.3145
vn 0.2092 0.9717 0.1096
vn 0.0506 0.9594 0.2775
vn 0.7171 0.6490 0.2540
vn 0.7320 0.6362 0.2437
vn 0.7006 0.6280 0.3388
vn 0.4811 0.7857 0.3890
vn 0.4577 0.7901 0.4078
vn 0.0840 0.9285 0.3618
vn -0.9289 -0.2700 0.2534
vn 0.3784 0.9189 -0.1116
vn 0.9667 0.1798 0.1824
vn 0.6587 0.6243 0.4199
vn -0.6760 0.7070 0.2076
vn -0.6866 -0.4321 0.5847
vn -0.3510 0.9099 -0.2209
vn -0.6627 0.7380 0.1277
vn -0.1191 0.9874 -0.1044
vn 0.3022 0.9485 -0.0947
vn 0.8060 0.5247 0.2739
vn 0.8516 0.3868 0.3537
vn 0.1594 0.6611 0.7332
vn 0.1646 0.9233 0.3470
vn 0.8737 0.2984 0.3842
vn 0.4784 0.5649 0.6723
vn -0.1534 0.9552 0.2532
vn 0.0802 0.9968 0.0050
vn -0.3271 0.9437 0.0485
vn 0.3984 -0.1200 0.9093
vn 0.8675 0.3967 0.3003
vn 0.9021 0.2370 0.3607
vn 0.9001 0.3408 -0.2716
vn -0.9619 0.1662 0.2170
vn 0.0330 0.9220 0.3858
vn -0.2340 0.8287 0.5084
vn -0.2226 0.9689 0.1081
vn 0.8639 0.2983 0.4058
vn -0.4474 0.8521 0.2715
vn -0.0623 0.9723 0.2253
vn -0.9767 -0.2140 -0.0190
vn 0.4016 0.9147 0.0445
vn -0.0871 0.9189 0.3848
vn -0.0180 0.9903 0.1377
vn -0.0033 0.9983 -0.0590
vn 0.1240 0.9746 0.1864
vn -0.9505 0.2377 0.2002
vn 0.2351 0.9651 0.1154
vn 0.3745 0.9111 -0.1720
vn 0.0621 0.9978 -0.0227
vn 0.2978 0.9527 0.0608
vn 0.3322 0.4680 0.8189
vn 0.2750 0.9166 0.2904
vn -0.0330 0.9497 0.3115
vn 0.0367 0.9991 -0.0191
vn 0.2677 0.8554 0.4434
vn -0.8776 0.4692 0.0982
vn 0.2068 0.9481 0.2414
vn 0.1667 0.9742 -0.1521
vn -0.0551 0.8232 0.5651
vn -0.1329 0.6718 0.7287
vn -0.2649 0.9524 0.1511
vn 0.6490 0.7157 0.2579
vn 0.2805 0.9499 0.1375
vn -0.1874 0.9599 -0.2087
vn -0.4870 0.7530 0.4425
vn 0.0692 0.9772 -0.2009
vn -0.4262 -0.0855 -0.9006
vn 0.6045 0.7412 0.2919
vn 0.8367 0.5469 0.0273
vn 0.7307 0.6687 0.1377
vn -0.9482 -0.0181 0.3173
vn -0.3860 0.8166 0.4292
vn 0.1360 0.2278 0.9642
vn 0.1646 0.9411 0.2953
vn 0.1060 0.9424 0.3174
vn -0.9394 -0.3331 0.0811
vn -0.0264 0.7937 0.6077
vn -0.4362 0.8950 -0.0933
vn -0.9421 0.1923 0.2748
vn 0.8953 -0.4384 -0.0789
vn 0.4344 0.7619 0.4804
vn -0.1364 0.9903 0.0249
vn -0.0113 0.9934 -0.1144
vn 0.1387 0.9842 -0.1104
vn -0.0564 0.9982 0.0183
vn -0.7738 0.6041 -0.1905
vn -0.9646 0.2627 0.0213
vn -0.0161 0.8623 0.5061
vn 0.3338 -0.1093 0.9363
vn 0.6780 0.4885 0.5492
vn -0.6587 0.3659 -0.6574
vn -0.3375 0.8288 0.4463
vn -0.0717 0.8708 0.4865
vn -0.0914 0.8489 0.5205
vn -0.3004 0.9368 0.1795
vn 0.7309 0.6810 -0.0456
vn 0.8652 0.4323 0.2541
vn 0.8998 0.0021 0.4363
vn -0.2895 0.9497 0.1194
vn -0.1011 0.9949 -0.0001
vn 0.0154 0.8640 0.5033
vn 0.8314 0.5550 -0.0278
vn 0.2959 0.4736 0.8295
vn 0.1520 0.9567 0.2482
vn 0.8299 0.4003 0.3885
vn -0.0079 0.9923 0.1238
vn -0.8401 0.3733 0.3936
vn 0.8268 0.5605 -0.0480
vn 0.3415 -0.3982 0.8514
vn 0.8131 0.5811 0.0359
vn 0.8278 0.5291 0.1864
vn -0.1492 0.8748 0.4609
vn 0.6186 0.7535 0.2228
vn -0.9236 0.3244 0.2045
vn 0.0702 0.9961 0.0536
vn 0.4688 0.7516 0.4641
vn -0.0028 0.9997 -0.0235
vn 0.2418 0.8448 0.4773
vn 0.0402 0.9989 -0.0243
vn -0.5533 0.7906 -0.2623
vn 0.8179 0.5743 0.0336
vn 0.8086 0.5829 0.0804
vn 0.9277 0.3715 -0.0374
vn 0.0617 0.9937 0.0937
vn -0.5442 0.7930 -0.2740
vn -0.5252 0.8219 -0.2206
vn -0.1260 0.7556 0.6428
vn -0.8058 -0.3613 0.4692
vn 0.3143 0.9455 -0.0851
vn 0.3105 0.9461 -0.0917
vn -0.2314 0.9416 0.2448
vn 0.4133 0.8528 0.3191
vn 0.0683 0.9018 0.4267
vn -0.0387 0.9335 0.3564
vn 0.7288 -0.5399 -0.4212
vn 0.7235 0.5791 0.3758
vn 0.1301 -0.2677 -0.9547
vn 0.3662 0.8977 -0.2451
vn 0.6674 0.6825 0.2978
vn 0.7995 0.2430 0.5493
vn -0.2849 0.9153 0.2846
vn -0.0674 0.8015 0.5942
vn -0.3007 0.9510 -0.0713
vn -0.7185 0.6916 0.0738
vn 0.8047 0.5389 -0.2492
vn 0.5732 0.5702 0.5884
vn 0.5596 0.6554 0.5072
vn -0.5150 0.6440 0.5658
vn -0.8180 0.1573 -0.5533
vn 0.0562 0.3558 -0.9329
vn -0.2562 0.7594 0.5980
vn -0.3068 0.8626 0.4022
vn 0.0852 0.9919 -0.0940
vn 0.7954 0.6060 0.0108
vn 0.7430 0.6635 0.0879
vn 0.6836 0.6679 0.2942
vn 0.7304 0.6467 0.2199
vn 0.7046 0.6249 0.3363
vn 0.6076 0.6731 0.4217
vn -0.6886 0.4679 -0.5540
vn -0.5542 0.8306 0.0536
vn 0.2222 0.9744 -0.0343
vn 0.5950 0.7406 0.3122
vn 0.7845 0.5959 0.1717
vn 0.8052 0.5903 -0.0568
vn 0.3771 0.9121 -0.1609
vn 0.8029 0.5937 -0.0534
vn 0.7229 0.6903 0.0306
vn 0.7182 0.6947 0.0392
vn 0.4540 0.8121 0.3666
vn 0.6385 0.7538 0.1552
vn -0.3785 0.8524 0.3607
vn -0.6432 0.5675 -0.5141
vn 0.8360 0.4718 -0.2803
vn 0.7635 0.5837 -0.2763
vn 0.6836 0.7272 -0.0618
vn 0.6510 0.7566 0.0610
vn 0.7297 0.6522 -0.2055
vn 0.1236 0.9398 0.3187
vn 0.2809 0.8429 0.4588
vn 0.0561 0.6813 0.7299
vn -0.9171 0.2253 -0.3290
vn 0.4880 0.8261 0.2817
vn 0.1897 0.9706 -0.1480
vn 0.7647 0.5713 0.2980
vn -0.2283 0.9514 -0.2067
vn -0.4619 0.7303 -0.5033
vn 0.2995 0.2097 0.9308
vn -0.4322 0.6522 -0.6228
vn -0.2659 0.7661 0.5851
vn 0.6717 0.7280 -0.1373
vn 0.6980 0.7144 -0.0488
vn 0.5638 0.6535 0.5050
vn -0.2658 -0.1592 0.9508
vn 0.2675 0.9543 0.1335
vn 0.6453 0.7197 0.2563
vn 0.5208 0.7391 0.4271
vn 0.5999 0.7367 -0.3121
vn 0.1980 0.6286 0.7521
vn -0.9186 -0.3802 0.1078
vn -0.2772 -0.1053 -0.9550
vn 0.4060 0.8094 0.4243
vn -0.2135 0.9549 -0.2065
vn -0.4437 0.8362 0.3222
vn -0.9216 0.3881 -0.0078
vn 0.1352 0.8902 0.4351
vn 0.6468 0.7610 -0.0500
vn 0.6352 0.7705 0.0527
vn 0.5683 0.8031 0.1791
vn 0.3950 0.8123 0.4292
vn 0.3027 0.7738 0.5564
vn 0.0500 0.9270 0.3718
vn 0.1008 0.7605 0.6415
vn 0.5999 0.7256 -0.3372
vn 0.5960 0.7750 -0.2100
vn 0.6046 0.7667 -0.2160
vn 0.6231 0.7819 0.0184
vn 0.5659 0.8170 0.1107
vn 0.0486 0.7795 0.6245
vn 0.1853 0.9771 -0.1049
vn 0.2028 -0.0646 0.9771
vn 0.0825 0.9916 0.0998
vn 0.0632 0.9402 0.3348
vn 0.0916 0.7491 0.6561
vn 0.5704 0.7754 0.2710
vn 0.5989 0.7912 -0.1240
vn 0.3855 0.8690 0.3100
vn 0.1594 0.7584 0.6320
vn -0.9688 -0.2234 -0.1069
vn -0.0106 0.9426 0.3339
vn -0.5008 0.8413 0.2036
vn -0.4040 0.8961 0.1841
vn 0.1115 0.8950 0.4318
vn 0.9127 -0.3807 -0.1486
vn 0.6390 -0.5634 -0.5237
vn 0.4967 0.8649 0.0727
vn -0.9522 0.2764 -0.1299
vn 0.6399 0.0315 0.7678
vn -0.0890 0.8659 0.4922
vn -0.5286 0.8309 0.1736
vn -0.8743 0.0618 -0.4815
vn 0.5168 0.8495 -0.1060
vn 0.3553 0.8600 0.3664
vn 0.4534 0.6576 0.6016
vn 0.5519 0.8067 -0.2113
vn -0.5339 0.8429 0.0668
vn -0.0467 0.7024 0.7102
vn 0.5026 0.8609 -0.0785
vn 0.5133 0.8579 -0.0211
vn 0.4814 0.8761 0.0258
vn 0.4032 0.8602 0.3122
vn -0.0977 0.8605 0.4999
vn -0.0949 0.8612 0.4994
vn 0.8344 0.0159 0.5510
vn 0.5746 0.7842 -0.2341
vn 0.3722 0.9096 0.1844
vn 0.4517 0.8196 0.3523
vn 0.3238 0.7692 0.5509
vn 0.1929 0.7333 0.6519
vn -0.6638 -0.7300 -0.1625
vn 0.9142 0.3268 0.2395
vn -0.9836 -0.1776 0.0311
vn -0.2110 -0.2262 -0.9510
vn 0.0946 0.1373 -0.9860
vn 0.4308 0.9022 0.0235
vn 0.3179 0.8220 0.4725
vn -0.2484 0.8739 0.4180
vn -0.3102 0.8636 0.3974
vn 0.5079 0.8468 -0.1582
vn 0.4069 0.8919 0.1974
vn 0.3825 0.8953 0.2282
vn -0.0940 0.7320 0.6748
vn -0.2125 0.8898 0.4038
vn 0.0901 0.9940 0.0614
vn -0.1340 0.9834 -0.1221
vn 0.2594 0.8561 0.4470
vn 0.8618 -0.4400 -0.2525
vn 0.8369 0.4991 0.2245
vn -0.7102 0.6380 0.2976
vn -0.7290 0.5344 -0.4278
vn 0.3770 0.9236 0.0693
vn 0.8484 0.4948 0.1881
vn 0.3842 0.8839 0.2668
vn -0.0937 0.6592 0.7461
vn -0.7910 -0.4019 -0.4614
vn -0.8432 -0.5341 0.0610
vn -0.8867 0.0313 0.4613
vn -0.8071 0.4352 -0.3990
vn 0.4292 0.8798 -0.2043
vn 0.7304 0.4371 0.5249
vn -0.6790 0.5105 0.5276
vn 0.1299 -0.0547 -0.9900
vn -0.8679 0.1835 0.4615
vn -0.8045 0.5005 0.3198
vn -0.8184 0.5519 0.1598
vn -0.2482 -0.7681 0.5903
vn -0.7004 0.4022 0.5896
vn -0.8029 0.3755 0.4630
vn 0.3724 -0.6628 0.6496
vn -0.3701 0.8446 0.3868
vn -0.5918 0.6459 0.4823
vn -0.3368 0.8719 0.3554
vn -0.0536 0.3711 0.9271
vn -0.2260 0.0026 0.9741
vn -0.9664 0.1744 0.1887
vn -0.2068 0.1293 0.9698
vn -0.4050 0.0767 -0.9111
vn -0.5366 0.1090 -0.8368
vn -0.3431 0.6378 0.6896
vn -0.3488 0.4696 0.8110
vn -0.3324 0.0040 0.9431
vn -0.8329 -0.3251 0.4479
vn -0.6352 0.4339 0.6389
vn -0.1375 -0.8062 -0.5754
vn -0.8747 -0.0420 0.4829
vn -0.7657 -0.3119 0.5626
vn -0.6431 0.7032 0.3033
vn -0.8308 -0.2924 0.4736
vn -0.8251 -0.0088 0.5649
vn -0.6376 0.7090 0.3013
vn -0.9040 -0.4210 0.0748
vn -0.4918 0.4231 0.7610
vn -0.5640 0.7221 0.4006
vn -0.7993 0.3651 0.4773
vn 0.2359 0.1450 -0.9609
vn -0.0642 -0.3631 -0.9295
vn -0.0416 0.1787 0.9830
vn -0.7654 0.4537 -0.4565
vn 0.5819 -0.3515 -0.7334
vn -0.6612 -0.0025 0.7502
vn -0.5050 0.4139 0.7574
vn -0.4520 0.2674 0.8510
vn -0.6944 -0.2645 0.6692
vn 0.0880 0.1232 -0.9885
vn 0.9109 0.3528 0.2140
vn -0.6995 0.5339 0.4750
vn -0.4607 0.3697 -0.8069
vn -0.7972 -0.0391 0.6025
vn -0.6378 0.6938 0.3344
vn -0.7739 0.3249 0.5436
vn -0.8135 -0.3726 0.4466
vn -0.6045 0.7822 0.1509
vn -0.7593 -0.4720 0.4480
vn -0.6417 0.5846 0.4964
vn 0.0724 -0.8616 -0.5024
vn -0.9056 0.3373 0.2571
vn -0.8807 0.4344 0.1887
vn -0.4728 0.3860 0.7921
vn -0.6649 0.3446 0.6627
vn -0.3451 -0.4314 0.8335
vn -0.9010 -0.0770 0.4268
vn -0.2200 0.1322 -0.9665
vn -0.3716 -0.0425 -0.9274
vn -0.8409 -0.3362 0.4242
vn -0.3232 0.1030 -0.9407
vn -0.7106 -0.2231 -0.6673
vn -0.8240 -0.0677 0.5625
vn -0.8251 -0.2810 0.4902
vn -0.4353 -0.3933 0.8098
vn -0.0635 0.5823 0.8105
vn -0.6359 0.2997 0.7112
vn -0.9660 -0.2376 0.1015
vn -0.4519 -0.8063 0.3816
vn -0.2435 -0.8815 0.4046
vn -0.4221 -0.8321 0.3598
vn -0.6727 0.0143 0.7398
vn -0.6317 0.2879 0.7197
vn -0.5446 0.3669 0.7542
vn -0.9322 0.2669 0.2443
vn -0.5239 -0.1345 0.8411
vn -0.3474 0.8116 0.4696
vn -0.2194 -0.2274 0.9488
vn 0.4009 0.1322 0.9065
vn 0.8688 -0.4736 -0.1443
vn -0.2064 0.8026 0.5597
vn -0.4915 0.6571 0.5716
vn 0.8903 0.4508 0.0645
vn -0.3854 0.7306 0.5637
vn -0.9170 0.1662 0.3625
vn -0.6455 0.5820 0.4945
vn -0.5559 -0.1821 0.8110
vn 0.6399 -0.7219 0.2634
vn 0.0219 0.2499 0.9680
vn 0.8377 -0.4595 -0.2951
vn -0.5943 0.5768 0.5605
vn -0.3657 0.0678 0.9283
vn 0.1829 -0.8852 -0.4277
vn -0.2071 -0.8254 0.5253
vn -0.9166 0.3896 -0.0896
vn -0.5129 0.3085 0.8011
vn -0.5758 -0.1701 0.7997
vn -0.5187 0.2614 0.8140
vn -0.5470 -0.2750 0.7906
vn -0.1425 0.2758 0.9506
vn 0.3102 -0.0784 0.9474
vn -0.9234 -0.1939 0.3313
vn -0.6965 0.6531 0.2974
vn -0.6277 0.1390 0.7660
vn -0.4897 0.5989 0.6336
vn -0.3925 0.6642 0.6363
vn -0.4224 -0.2639 0.8672
vn -0.1760 -0.9613 -0.2121
vn -0.4026 0.8242 0.3981
vn 0.5838 0.7258 -0.3638
vn -0.8536 0.4416 0.2763
vn -0.3265 0.5979 0.7321
vn -0.2040 -0.3399 0.9181
vn -0.4437 0.2237 0.8678
vn -0.8267 0.0098 0.5625
vn -0.4618 0.3092 0.8313
vn -0.4455 0.8857 0.1303
vn -0.9816 0.1524 0.1152
vn -0.7019 0.3287 0.6319
vn -0.3399 0.0823 -0.9369
vn -0.9151 0.3978 -0.0664
vn -0.7303 -0.3237 0.6015
vn -0.3811 -0.1320 0.9150
vn -0.2349 0.0702 0.9695
vn -0.8421 -0.2758 0.4635
vn -0.5398 0.3216 0.7779
vn -0.6520 -0.0658 0.7554
vn -0.2842 0.9546 -0.0893
vn -0.3800 -0.4815 0.7898
vn -0.6809 -0.2928 0.6713
vn -0.9274 -0.2171 -0.3047
vn -0.5811 -0.4455 0.6811
vn -0.6798 -0.0366 0.7324
vn -0.7493 0.2274 0.6219
vn -0.8883 0.4526 -0.0780
vn -0.4271 -0.0359 -0.9035
vn 0.1135 -0.6645 -0.7386
vn -0.5208 -0.2341 0.8210
vn -0.3125 -0.1377 0.9399
vn -0.5132 -0.2353 0.8254
vn -0.6799 0.1939 0.7072
vn -0.7999 0.2548 0.5434
vn -0.5704 0.0807 0.8174
vn 0.0861 0.7610 0.6431
vn -0.8041 -0.2799 0.5245
vn -0.5692 0.6316 0.5265
vn -0.4518 0.3672 -0.8131
vn -0.5429 -0.3065 0.7818
vn -0.7085 -0.0052 0.7057
vn -0.4940 -0.1801 0.8506
vn 0.0211 -0.1567 0.9874
vn -0.3890 -0.3856 0.8366
vn -0.6528 -0.2362 0.7197
vn -0.5006 -0.2349 -0.8332
vn 0.0605 -0.8252 0.5616
vn -0.1019 0.0762 -0.9919
vn -0.9562 -0.1403 0.2567
vn -0.8647 0.4291 -0.2611
vn -0.7629 -0.3640 0.5343
vn -0.4929 0.3130 -0.8119
vn -0.6598 0.4374 0.6111
vn -0.8738 0.3555 -0.3317
vn 0.3494 0.2441 -0.9046
vn -0.9426 -0.1550 -0.2958
vn -0.0635 -0.4932 -0.8676
vn -0.0937 -0.0447 -0.9946
vn -0.7521 0.0120 0.6590
vn -0.6436 0.3129 -0.6985
vn -0.9931 0.0930 0.0710
vn 0.6653 -0.0509 0.7448
vn -0.5373 -0.3433 0.7704
vn -0.6218 0.0049 0.7832
vn -0.5064 -0.0976 0.8568
vn -0.3537 0.9032 0.2432
vn -0.3131 0.7446 0.5895
vn -0.9316 0.2676 0.2462
vn -0.8420 0.4864 0.2335
vn -0.8193 0.5617 -0.1148
vn 0.3640 0.2353 0.9012
vn -0.6623 0.0870 0.7441
vn -0.6167 0.7872 0.0037
vn -0.0043 -0.3683 -0.9297
vn 0.1926 -0.8163 -0.5446
vn 0.0206 -0.1565 0.9875
vn -0.4325 -0.2966 0.8514
vn -0.5851 -0.1355 -0.7996
vn -0.7600 0.1587 0.6302
vn -0.6782 0.4169 0.6051
vn 0.8053 0.3863 0.4497
vn -0.9146 0.1791 0.3626
vn -0.3802 0.1856 -0.9061
vn -0.4914 -0.3782 0.7846
vn -0.8640 0.1412 0.4833
vn -0.9882 -0.0960 -0.1196
vn -0.6543 0.2261 0.7217
vn -0.5993 -0.7830 0.1664
vn -0.3978 0.8147 0.4219
vn -0.6417 0.5554 0.5290
vn -0.6281 0.5799 0.5188
vn -0.5092 -0.0543 0.8589
vn -0.9038 -0.0875 0.4190
vn -0.8957 -0.1309 0.4250
vn -0.8842 0.2317 0.4057
vn -0.9028 0.1164 0.4140
vn -0.3872 0.7181 0.5783
vn -0.7656 -0.3117 0.5628
vn -0.5421 0.4881 0.6841
vn 0.5130 -0.8543 0.0840
vn -0.7570 0.0140 0.6532
vn -0.9335 0.2299 0.2754
vn -0.3267 0.8763 0.3541
vn -0.6846 0.3054 0.6619
vn -0.6245 0.4270 0.6540
vn -0.6145 0.5547 0.5609
vn -0.4773 0.6405 0.6016
vn -0.6876 0.6388 -0.3451
vn -0.2310 0.0278 0.9726
vn -0.8186 0.4828 0.3111
vn -0.8885 0.4316 -0.1557
vn -0.6870 0.3227 0.6510
vn -0.9222 0.2276 0.3127
vn -0.3995 0.6414 0.6549
vn -0.5547 0.7247 0.4089
vn 0.5090 -0.5210 -0.6852
vn -0.8477 0.0181 0.5301
vn 0.1551 -0.3174 -0.9355
vn -0.8846 0.3475 0.3109
vn -0.8919 -0.0958 0.4419
vn -0.3427 -0.8119 0.4727
vn -0.6603 0.1175 0.7418
vn -0.8212 -0.3536 0.4479
vn -0.8526 0.0746 0.5172
vn -0.2694 -0.0800 -0.9597
vn -0.8455 -0.3325 0.4177
vn -0.8418 -0.1662 0.5135
vn -0.7836 0.2122 0.5840
vn -0.2868 -0.8870 -0.3619
vn -0.7399 -0.1005 0.6652
vn -0.4773 0.2737 0.8350
vn -0.7257 0.4589 0.5125
vn -0.6074 0.3080 0.7323
vn -0.8155 0.0096 0.5787
vn -0.7926 0.3962 0.4635
vn -0.8410 0.1481 0.5203
vn 0.3325 -0.1432 0.9322
vn -0.5295 0.7596 0.3776
vn -0.8126 -0.0526 0.5804
vn -0.6778 0.4545 0.5780
vn -0.5407 0.1063 -0.8345
vn 0.1987 0.3763 -0.9049
vn -0.7045 0.0523 0.7077
vn -0.3644 0.5249 0.7692
vn -0.7833 -0.1181 0.6103
vn 0.3586 -0.8840 -0.2998
vn -0.0761 0.0210 -0.9969
vn -0.6181 0.1580 0.7701
vn -0.6193 0.1787 0.7645
vn -0.5656 0.5458 0.6182
vn -0.8415 0.1622 0.5153
vn -0.1562 0.0767 -0.9847
vn -0.2988 -0.2721 -0.9147
vn -0.8920 -0.2166 0.3967
vn -0.7816 -0.0915 0.6171
vn -0.7815 -0.0958 0.6164
vn -0.8290 -0.0783 0.5537
vn 0.7842 0.5327 0.3183
vn -0.1081 0.2280 -0.9676
vn 0.5239 0.7643 -0.3760
vn -0.4471 0.8030 0.3941
vn -0.7363 0.5448 0.4012
vn -0.7404 0.1791 0.6479
vn -0.8255 0.4870 0.2853
vn -0.3907 0.7955 0.4632
vn -0.8556 -0.2410 0.4582
vn -0.7522 0.1409 0.6437
vn -0.7486 0.1947 0.6338
vn -0.7611 0.1760 0.6244
vn -0.6780 0.1088 0.7270
vn -0.8105 -0.3065 0.4991
vn -0.5817 0.7305 0.3579
vn -0.1936 0.2494 -0.9488
vn -0.0959 0.9858 0.1378
vn -0.5082 -0.0550 0.8595
vn -0.7633 0.2175 0.6084
vn -0.5257 0.5921 0.6108
vn -0.6544 0.4765 0.5870
vn -0.9182 0.2542 0.3038
vn -0.7404 0.5382 0.4026
vn -0.5837 0.6971 0.4164
vn 0.9285 -0.3167 -0.1937
vn -0.6048 0.4198 0.6768
vn -0.5632 0.5406 0.6250
vn -0.3549 0.8335 0.4234
vn -0.7434 0.3572 0.5656
vn -0.4375 0.3596 -0.8242
vn -0.8349 -0.2120 0.5079
vn -0.8157 -0.0125 0.5784
vn -0.7277 0.2584 0.6354
vn -0.7936 0.2923 0.5336
vn -0.7921 -0.1022 0.6018
vn -0.4616 0.7983 0.3870
vn 0.2426 0.2542 -0.9362
vn -0.4193 0.0302 -0.9073
vn -0.9445 0.0706 0.3207
vn -0.8167 -0.2804 0.5044
vn -0.5339 -0.1489 0.8323
vn -0.5167 0.5273 0.6746
vn -0.7541 -0.5273 0.3915
vn 0.1744 -0.6361 -0.7517
vn -0.2541 0.1826 -0.9498
vn 0.0744 0.2123 -0.9744
vn -0.7493 0.2273 0.6220
vn -0.8959 0.1772 0.4074
vn -0.0493 0.1949 -0.9796
vn -0.8065 -0.2590 0.5315
vn -0.2223 0.1900 0.9563
vn -0.5504 0.7657 0.3327
vn -0.5219 0.7590 0.3893
vn -0.5925 0.7001 0.3985
vn -0.7716 0.2555 0.5826
vn -0.7662 0.2173 0.6047
vn -0.8532 -0.0815 0.5152
vn -0.6504 -0.1900 -0.7354
vn -0.7125 0.0561 0.6995
vn -0.7128 0.0676 0.6981
vn -0.4436 -0.0591 -0.8943
vn 0.9492 -0.2508 -0.1899
vn -0.8538 0.2651 0.4480
vn 0.0671 -0.9963 -0.0541
vn -0.8322 0.3732 0.4100
vn -0.7172 0.5365 0.4448
vn -0.6450 0.7565 -0.1076
vn 0.6503 -0.2505 -0.7171
vn -0.6683 0.4059 0.6234
vn -0.6045 0.5364 0.5889
vn -0.4548 0.3409 -0.8227
vn -0.6459 -0.4378 0.6254
vn -0.7152 -0.2836 0.6388
vn -0.7953 -0.2140 0.5672
vn -0.7959 -0.1303 0.5913
vn -0.8598 0.2959 0.4161
vn -0.7803 0.4325 0.4518
vn -0.5190 0.6768 0.5221
vn -0.4147 0.8104 0.4139
vn -0.5322 0.5117 0.6745
vn -0.0171 0.3923 0.9197
vn -0.5119 0.7754 0.3698
vn -0.5870 0.6089 0.5335
vn -0.5237 -0.5182 0.6762
vn -0.7631 0.0595 0.6436
vn 0.8351 -0.5288 -0.1516
vn -0.5551 0.5622 0.6130
vn -0.4748 0.4716 0.7430
vn -0.1940 0.5089 -0.8387
vn -0.6746 0.2536 0.6932
vn -0.6740 0.2099 0.7083
vn -0.7818 -0.2560 0.5685
vn -0.7808 0.2695 0.5637
vn -0.5467 0.6466 0.5319
vn 0.7299 -0.6815 -0.0533
vn -0.4188 -0.5772 0.7010
vn -0.3229 0.7421 0.5874
vn 0.4847 0.5702 0.6633
vn -0.2239 0.3768 -0.8988
vn -0.5294 -0.3699 -0.7635
vn -0.2730 -0.0308 -0.9615
vn -0.7147 0.0943 -0.6930
vn -0.7037 -0.2330 0.6712
vn -0.7432 -0.0468 0.6674
vn 0.4439 -0.5980 -0.6673
vn -0.1671 0.0045 0.9859
vn -0.7000 0.3265 0.6352
vn -0.9552 0.2953 -0.0189
vn -0.4463 0.8365 0.3178
vn -0.4666 0.7059 0.5329
vn -0.6530 0.0868 0.7523
vn -0.8252 0.1906 0.5317
vn -0.8401 0.2930 0.4566
vn -0.2407 -0.1927 -0.9513
vn 0.3610 0.3505 -0.8642
vn -0.0551 0.6250 -0.7787
vn -0.1533 0.3424 -0.9270
vn -0.0324 0.5900 -0.8068
vn -0.0223 0.9054 -0.4240
vn 0.0232 0.9102 -0.4135
vn 0.0353 0.6936 -0.7195
vn -0.1921 -0.4395 0.8774
vn 0.3050 0.6760 -0.6708
vn 0.2001 0.8246 -0.5291
vn 0.5304 0.3710 -0.7623
vn -0.3368 -0.0161 0.9414
vn -0.9944 -0.0094 0.1052
vn -0.9070 -0.1488 -0.3939
vn -0.3112 0.5174 -0.7971
vn -0.6649 0.2007 -0.7195
vn -0.6330 -0.5681 -0.5260
vn -0.5140 -0.3516 -0.7824
vn 0.4518 -0.8105 -0.3728
vn -0.6743 -0.4144 -0.6113
vn -0.7221 0.0336 -0.6910
vn -0.9602 0.0105 -0.2793
vn -0.6026 -0.5543 -0.5741
vn -0.9460 0.0036 -0.3243
vn -0.9597 0.0586 -0.2749
vn -0.9132 -0.2028 -0.3536
vn -0.5339 -0.5271 -0.6612
vn -0.3325 -0.6720 -0.6617
vn -0.8072 -0.3997 -0.4343
vn -0.5143 -0.6237 -0.5886
vn -0.9695 0.2397 0.0502
vn -0.9758 0.1336 -0.1728
vn -0.6872 -0.4715 -0.5527
vn -0.8101 0.5525 0.1959
vn -0.9670 -0.0929 -0.2371
vn -0.9081 -0.2119 -0.3612
vn -0.7642 -0.4952 -0.4132
vn -0.3551 0.9106 -0.2116
vn -0.3751 -0.7246 -0.5781
vn -0.6698 -0.5586 -0.4892
vn -0.6748 -0.5562 -0.4851
vn -0.9818 -0.0623 -0.1795
vn -0.4784 -0.6307 -0.6110
vn -0.9936 0.0364 -0.1072
vn -0.9716 0.1494 -0.1835
vn -0.6184 -0.6575 -0.4304
vn -0.4682 -0.7390 -0.4845
vn -0.8953 -0.3107 0.3193
vn -0.9740 0.1516 -0.1683
vn -0.9031 -0.3229 -0.2832
vn -0.8389 -0.4566 -0.2964
vn -0.7931 -0.3955 -0.4632
vn -0.5496 -0.6668 -0.5034
vn 0.0103 0.7614 -0.6482
vn -0.8376 0.5388 0.0903
vn -0.8984 -0.3552 -0.2582
vn -0.9783 0.1863 0.0907
vn -0.7615 -0.5717 -0.3055
vn -0.9311 0.3188 0.1771
vn 0.1176 0.5449 -0.8302
vn -0.4211 0.6872 -0.5920
vn -0.9779 -0.1680 -0.1248
vn -0.5778 -0.8029 -0.1469
vn -0.9686 0.2213 -0.1134
vn -0.9814 -0.0704 -0.1784
vn -0.1145 0.6634 -0.7394
vn -0.9779 0.1260 -0.1669
vn -0.0470 0.6087 -0.7920
vn -0.0031 0.3870 -0.9221
vn -0.6702 -0.3578 -0.6502
vn -0.6233 -0.1881 -0.7590
vn -0.7664 0.0637 -0.6392
vn -0.7515 0.1175 -0.6492
vn -0.9393 0.3095 -0.1482
vn -0.7684 -0.5380 -0.3466
vn 0.4938 0.6632 -0.5625
vn -0.7879 -0.3631 -0.4974
vn -0.8269 -0.3212 -0.4616
vn -0.5148 0.6542 -0.5541
vn -0.8705 0.2307 -0.4348
vn -0.5420 -0.7399 -0.3984
vn -0.8259 -0.4692 -0.3128
vn -0.9335 0.1907 0.3037
vn 0.2444 0.5613 -0.7907
vn -0.0741 0.4926 -0.8671
vn 0.8427 0.5355 0.0561
vn -0.8281 -0.3117 -0.4658
vn -0.7794 -0.3681 -0.5070
vn -0.8817 -0.2613 -0.3928
vn -0.9142 0.0006 -0.4052
vn -0.9164 0.0081 -0.4002
vn -0.8213 0.4054 -0.4014
vn -0.8106 0.4210 -0.4071
vn -0.9971 0.0751 -0.0109
vn -0.0309 0.3191 -0.9472
vn -0.0442 0.7108 -0.7020
vn -0.7602 -0.2678 -0.5919
vn -0.9592 0.0406 -0.2798
vn -0.8350 0.2463 -0.4920
vn 0.2874 0.6753 0.6793
vn -0.5709 -0.7262 -0.3830
vn -0.5293 0.8076 -0.2602
vn -0.9313 -0.3642 -0.0081
vn 0.1627 0.7665 -0.6213
vn 0.2476 0.5678 -0.7850
vn -0.7791 -0.2394 -0.5794
vn -0.7841 -0.3573 -0.5074
vn -0.8840 0.3426 -0.3180
vn -0.9731 0.0142 0.2301
vn -0.7492 -0.5805 -0.3190
vn -0.9343 -0.2955 -0.1996
vn -0.1342 0.7546 -0.6424
vn -0.9155 -0.2760 -0.2926
vn -0.7598 -0.2636 -0.5944
vn -0.9044 -0.2658 -0.3338
vn -0.7282 0.6321 -0.2649
vn -0.6836 -0.6787 -0.2683
vn -0.9814 -0.1883 -0.0362
vn -0.9531 -0.0338 -0.3008
vn -0.7613 0.6265 -0.1669
vn -0.9957 -0.0925 -0.0011
vn 0.0880 0.7819 0.6172
vn 0.3313 -0.2735 0.9030
vn 0.1839 0.6839 -0.7060
vn -0.7399 -0.1367 -0.6587
vn -0.9070 -0.2981 -0.2975
vn -0.8865 -0.3083 -0.3450
vn -0.9867 -0.0451 -0.1564
vn -0.8628 -0.3532 0.3617
vn -0.0733 0.2762 0.9583
vn -0.8866 -0.0988 -0.4519
vn -0.7477 0.4864 -0.4520
vn -0.7491 0.4562 -0.4804
vn -0.6767 0.5205 -0.5207
vn -0.7368 0.3197 0.5957
vn -0.9320 -0.1891 -0.3093
vn -0.9072 -0.2965 -0.2985
vn -0.9223 -0.0564 -0.3824
vn -0.7935 0.3558 -0.4938
vn -0.7843 0.3618 -0.5040
vn -0.9084 0.1770 0.3789
vn -0.8362 -0.1638 0.5233
vn -0.9349 0.2935 0.1995
vn -0.7954 -0.3204 0.5144
vn -0.9092 -0.2936 -0.2954
vn -0.9280 -0.2652 -0.2616
vn -0.9034 0.0708 -0.4229
vn -0.9099 -0.0323 -0.4136
vn -0.6321 0.3030 -0.7132
vn -0.7243 -0.5976 -0.3440
vn -0.9784 0.1085 0.1758
vn -0.0748 0.0705 -0.9947
vn -0.7802 -0.2179 -0.5864
vn -0.9405 -0.2208 -0.2584
vn 0.9918 0.0700 -0.1073
vn -0.8624 -0.5061 -0.0120
vn -0.6613 -0.7476 -0.0614
vn -0.9894 0.1085 -0.0970
vn 0.2376 0.8090 -0.5376
vn 0.0758 0.5394 -0.8386
vn -0.7014 0.4313 -0.5674
vn -0.7001 0.4040 -0.5888
vn -0.5867 0.8091 0.0345
vn -0.8876 -0.0246 -0.4600
vn -0.8967 -0.2576 -0.3601
vn -0.9212 -0.2316 -0.3128
vn -0.1913 0.7655 -0.6143
vn -0.9285 -0.2766 0.2478
vn -0.9567 -0.0453 0.2874
vn -0.6870 -0.7200 -0.0977
vn -0.7576 -0.6455 -0.0970
vn -0.9609 -0.2372 -0.1425
vn -0.9392 0.3214 -0.1206
vn -0.9867 -0.0687 -0.1470
vn -0.9247 0.1386 -0.3546
vn -0.9053 -0.2957 -0.3050
vn -0.8398 0.5424 -0.0245
vn -0.9896 0.0024 -0.1438
vn -0.7356 -0.5864 -0.3393
vn -0.6346 0.0085 -0.7728
vn -0.3554 0.8333 0.4235
vn -0.9365 0.1381 -0.3224
vn 0.1252 -0.7748 -0.6197
vn -0.3669 0.8936 -0.2588
vn -0.9047 -0.2946 -0.3078
vn -0.9263 -0.2274 -0.3004
vn -0.9816 -0.1314 0.1389
vn -0.7174 -0.6136 -0.3298
vn -0.6929 -0.6082 -0.3873
vn -0.7172 0.3011 -0.6284
vn -0.6131 0.4095 -0.6756
vn -0.8225 0.5181 -0.2346
vn -0.8057 0.4990 -0.3192
vn -0.9429 -0.0462 -0.3299
vn -0.2759 0.2773 -0.9203
vn -0.2148 -0.7029 -0.6781
vn -0.5202 0.7364 -0.4325
vn -0.9693 0.2438 -0.0317
vn -0.9949 0.0362 0.0942
vn -0.9158 -0.3755 -0.1426
vn -0.9750 0.1756 0.1362
vn -0.8998 0.4200 -0.1179
vn -0.7862 0.5890 -0.1869
vn -0.9619 -0.1139 -0.2485
vn -0.8013 -0.3510 -0.4844
vn -0.6685 -0.6401 -0.3787
vn -0.9362 0.3440 0.0716
vn -0.9137 -0.1818 -0.3634
vn -0.9116 -0.2532 -0.3238
vn -0.9119 -0.2525 -0.3235
vn 0.5583 0.2545 -0.7896
vn -0.1935 0.1517 -0.9693
vn -0.9672 0.2511 -0.0372
vn -0.9812 -0.1897 -0.0352
vn -0.8490 0.4331 0.3029
vn -0.8050 -0.5660 -0.1779
vn -0.9883 0.0223 0.1509
vn -0.5659 0.7442 -0.3548
vn -0.8633 0.3945 -0.3148
vn -0.9743 -0.1135 -0.1946
vn 0.4998 0.5897 -0.6344
vn -0.0124 -0.9878 0.1554
vn -0.8503 0.5241 -0.0485
vn -0.5071 -0.6619 -0.5520
vn -0.6958 -0.6528 0.2996
vn -0.9823 0.1820 0.0453
vn -0.8427 0.5383 -0.0076
vn -0.8787 0.4723 -0.0692
vn -0.9930 0.0956 0.0700
vn -0.8032 -0.5050 0.3160
vn -0.9568 0.1754 -0.2318
vn -0.8436 0.4102 -0.3465
vn -0.7609 0.5716 -0.3071
vn -0.7777 0.6235 0.0801
vn -0.8667 0.4492 -0.2169
vn -0.9591 -0.0152 -0.2826
vn 0.3349 0.3309 -0.8822
vn -0.0032 0.6031 -0.7977
vn -0.7746 0.4361 -0.4580
vn -0.9183 0.2975 -0.2613
vn -0.8624 0.5035 0.0525
vn -0.6171 0.7043 -0.3510
vn -0.5512 0.7391 -0.3872
vn -0.6746 -0.6461 -0.3570
vn -0.9948 -0.0110 -0.1017
vn -0.8015 -0.0635 0.5946
vn -0.2164 0.7573 0.6162
vn -0.9874 0.1509 0.0470
vn -0.6181 0.4102 -0.6706
vn -0.9334 -0.2484 -0.2589
vn 0.3880 0.5312 -0.7532
vn 0.1617 0.9604 -0.2270
vn 0.4823 0.3861 -0.7863
vn -0.8422 -0.5373 0.0455
vn -0.6314 0.7109 -0.3097
vn -0.3296 0.2792 -0.9019
vn -0.8518 -0.5020 -0.1501
vn -0.8767 -0.4635 -0.1286
vn -0.9406 0.0059 0.3394
vn -0.9808 -0.1477 0.1271
vn -0.5283 0.7811 -0.3329
vn -0.8941 -0.0362 -0.4464
vn -0.9293 -0.2498 -0.2719
vn 0.3615 0.5011 -0.7862
vn -0.6692 -0.3187 -0.6713
vn -0.1131 -0.9904 0.0793
vn -0.1773 0.9209 -0.3473
vn -0.9476 0.0138 -0.3192
vn -0.9129 0.0877 -0.3987
vn -0.5541 -0.7295 0.4011
vn -0.8178 0.5507 0.1669
vn 0.1409 -0.6709 0.7281
vn -0.6254 0.7248 -0.2889
vn -0.8343 0.4041 -0.3751
vn -0.7589 0.5793 -0.2974
vn -0.8783 0.0647 -0.4738
vn -0.8796 0.4543 0.1414
vn 0.2427 0.8142 -0.5274
vn -0.9586 0.2508 -0.1348
vn -0.8039 -0.5671 -0.1795
vn -0.9747 -0.1452 0.1702
vn 0.8881 -0.0068 0.4596
vn -0.9404 -0.3318 0.0744
vn -0.9957 -0.0846 0.0375
vn 0.2127 0.6151 0.7592
vn -0.4400 0.7189 0.5382
vn -0.3799 0.7485 0.5436
vn -0.5075 0.2684 -0.8188
vn -0.7290 -0.0238 -0.6841
vn -0.7213 0.0365 -0.6916
vn 0.4754 -0.7139 -0.5141
vn 0.0449 0.5244 -0.8503
vn -0.6526 -0.6718 -0.3505
vn -0.9705 -0.2222 -0.0940
vn -0.5988 0.6811 -0.4213
vn -0.2178 0.8308 0.5122
vn -0.9939 -0.1045 -0.0349
vn 0.1818 0.9016 -0.3925
vn -0.7268 -0.1510 -0.6701
vn -0.6943 0.3084 -0.6502
vn 0.5169 0.4490 -0.7288
vn -0.9356 -0.3518 -0.0292
vn -0.9672 0.2534 -0.0171
vn -0.8612 -0.4737 -0.1843
vn -0.9444 -0.3071 0.1177
vn -0.8854 -0.4495 0.1184
vn -0.1048 0.5586 -0.8228
vn -0.7965 -0.1079 -0.5950
vn -0.6902 0.2015 -0.6950
vn 0.0418 0.9653 -0.2579
vn -0.9783 0.0348 -0.2043
vn -0.8950 0.3010 0.3292
vn -0.7903 -0.5886 -0.1705
vn -0.9693 0.2452 -0.0163
vn -0.9311 -0.3542 -0.0878
vn -0.6236 0.7558 -0.1994
vn -0.6184 0.3658 -0.6956
vn -0.6306 0.5629 -0.5343
vn 0.2184 -0.1422 -0.9654
vn -0.9738 0.1764 0.1435
vn -0.9883 -0.0883 0.1243
vn 0.2680 0.7765 -0.5703
vn 0.5439 0.3128 -0.7787
vn 0.2791 -0.1839 -0.9425
vn -0.7348 0.0476 -0.6766
vn 0.4388 0.5378 -0.7199
vn -0.7852 -0.4933 -0.3744
vn -0.9137 0.2648 0.3083
vn -0.6211 0.5835 -0.5232
vn -0.9741 0.1242 0.1891
vn -0.8620 0.4370 0.2568
vn 0.6207 0.1768 -0.7639
vn 0.5001 0.3471 -0.7933
vn 0.0341 0.3324 -0.9425
vn -0.7976 -0.0564 -0.6006
vn -0.7524 0.1876 -0.6314
vn 0.0768 0.6273 -0.7750
vn 0.1388 0.3487 -0.9269
vn -0.9030 -0.3470 -0.2534
vn -0.9515 0.2160 0.2188
vn -0.8665 -0.4782 -0.1429
vn 0.1232 0.8417 -0.5257
vn 0.1592 0.0330 0.9867
vn -0.1737 0.6280 -0.7586
vn -0.9580 -0.1902 -0.2145
vn -0.6850 -0.1745 -0.7073
vn -0.7495 -0.0280 -0.6614
vn -0.1769 0.6459 -0.7426
vn -0.1901 0.7913 -0.5811
vn 0.1042 0.3628 -0.9260
vn 0.1418 0.3578 -0.9230
vn -0.0836 0.8168 -0.5709
vn 0.2997 0.4174 -0.8579
vn -0.0011 0.8945 -0.4471
vn -0.4858 0.6145 0.6216
vn -0.3144 0.7183 -0.6206
vn -0.8635 -0.0577 -0.5010
vn -0.5411 -0.5788 -0.6101
vn -0.5003 -0.7489 -0.4346
vn -0.7033 -0.1906 -0.6848
vn -0.2497 0.9093 -0.3328
vn 0.0411 0.5488 -0.8349
vn -0.1332 0.7346 -0.6653
vn -0.4708 -0.3440 -0.8124
vn -0.8039 -0.4874 -0.3409
vn -0.8987 0.2148 -0.3824
vn -0.7372 -0.1877 -0.6490
vn -0.8591 -0.5118 0.0008
vn -0.5004 0.6472 -0.5751
vn -0.7532 -0.3608 -0.5500
vn -0.7746 -0.4610 -0.4329
vn -0.6894 -0.2039 -0.6951
vn -0.8424 -0.0028 -0.5388
vn -0.7619 0.1938 -0.6180
vn -0.7564 0.2153 -0.6177
vn -0.6812 0.3685 -0.6326
vn 0.7916 0.3765 -0.4812
vn 0.2705 -0.1725 -0.9471
vn 0.0681 0.9364 -0.3444
vn -0.7280 -0.0337 -0.6847
vn -0.9941 0.1057 -0.0255
vn -0.9916 0.1284 0.0134
vn -0.6532 0.7120 -0.2576
vn -0.8000 0.5936 -0.0872
vn 0.0933 0.6313 -0.7699
vn -0.4932 -0.7256 -0.4798
vn -0.5622 -0.6901 -0.4557
vn -0.8225 -0.2744 -0.4983
vn -0.8434 -0.1768 -0.5074
vn -0.8743 0.0729 -0.4798
vn -0.7199 0.1531 -0.6770
vn -0.6831 0.2231 -0.6954
vn 0.0730 0.1761 -0.9817
vn -0.0901 0.4131 -0.9062
vn 0.0454 0.6283 -0.7766
vn -0.4732 0.1287 -0.8715
vn -0.9642 -0.1208 -0.2359
vn -0.9554 0.0964 -0.2791
vn -0.7286 0.5289 -0.4352
vn -0.6773 0.5669 -0.4689
vn -0.4272 0.8030 -0.4156
vn -0.8479 0.1005 -0.5205
vn -0.8773 -0.2755 -0.3930
vn -0.5731 -0.6201 -0.5358
vn -0.6541 -0.7124 -0.2542
vn -0.7497 -0.6005 -0.2781
vn -0.8122 -0.4340 -0.3897
vn -0.8737 -0.2003 -0.4433
vn -0.8898 0.0756 -0.4500
vn -0.7078 0.3486 -0.6144
vn 0.3191 0.8611 -0.3958
vn -0.1107 0.2454 -0.9631
vn -0.7535 0.1311 -0.6442
vn -0.7311 0.1707 -0.6606
vn -0.9432 0.2947 -0.1533
vn -0.2879 -0.8165 -0.5004
vn 0.5856 0.5917 0.5540
vn 0.8088 0.4681 -0.3559
vn -0.4604 0.6558 -0.5983
vn -0.8413 -0.2240 -0.4920
vn -0.9645 -0.0010 -0.2642
vn -0.8911 0.1909 -0.4117
vn -0.8705 0.2831 -0.4027
vn -0.8050 0.3536 -0.4764
vn -0.2192 0.7965 -0.5635
vn -0.8289 0.0855 -0.5528
vn -0.7390 0.1893 -0.6466
vn -0.7218 0.2857 -0.6305
vn -0.6902 0.3699 -0.6219
vn -0.5947 0.6795 -0.4296
vn -0.4136 0.8035 -0.4282
vn -0.4026 0.8219 -0.4030
vn -0.7765 -0.0266 -0.6296
vn -0.8948 -0.3318 -0.2987
vn -0.9000 0.1764 -0.3985
vn -0.8071 -0.0419 -0.5890
vn -0.8038 0.0292 -0.5942
vn 0.5600 0.1619 -0.8125
vn -0.6082 0.1604 -0.7774
vn -0.8102 0.2327 -0.5379
vn -0.6688 0.2619 -0.6958
vn -0.7139 0.3692 -0.5950
vn -0.9755 0.1166 -0.1868
vn -0.7291 -0.6115 -0.3074
vn -0.8965 -0.3059 -0.3204
vn -0.8079 -0.5218 -0.2739
vn -0.9498 0.0736 -0.3040
vn -0.6242 -0.4159 -0.6614
vn -0.6116 -0.4383 -0.6587
vn -0.8519 -0.0587 -0.5204
vn -0.7014 0.2291 -0.6749
vn 0.5239 0.4544 -0.7205
vn -0.7651 0.2450 -0.5955
vn -0.7975 0.2698 -0.5396
vn -0.7611 0.4840 -0.4318
vn -0.7346 0.6059 -0.3055
vn -0.6827 0.7306 -0.0097
vn -0.8278 0.5308 -0.1817
vn -0.9802 0.1356 0.1443
vn -0.7084 0.6589 0.2529
vn -0.7342 0.6530 -0.1860
vn -0.9751 0.1258 -0.1825
vn -0.8655 -0.4743 -0.1608
vn -0.5858 -0.7499 -0.3072
vn -0.6542 -0.7105 -0.2592
vn -0.7279 -0.6152 -0.3028
vn -0.8773 -0.2918 -0.3811
vn -0.9399 0.0659 -0.3351
vn -0.9319 -0.0155 -0.3625
vn -0.9054 0.1732 -0.3877
vn -0.8049 0.3358 -0.4893
vn -0.8524 0.1309 -0.5062
vn -0.8674 0.1613 -0.4707
vn -0.8557 0.2125 -0.4718
vn -0.6933 0.2782 -0.6648
vn -0.6503 0.3115 -0.6929
vn -0.8325 0.1311 -0.5382
vn -0.8023 0.5543 -0.2214
vn -0.8239 0.5416 -0.1668
vn -0.9895 0.0678 -0.1273
vn -0.9439 -0.0622 -0.3242
vn -0.6251 -0.4269 -0.6534
vn -0.7337 0.1777 -0.6558
vn -0.4852 0.7253 -0.4884
vn 0.4867 0.1246 -0.8646
vn -0.1130 -0.4264 -0.8974
vn -0.5573 0.8097 -0.1839
vn -0.6723 0.7400 0.0199
vn -0.3932 0.8896 -0.2324
vn -0.4179 0.8747 -0.2456
vn -0.0777 0.4738 -0.8772
vn -0.7754 -0.6026 -0.1890
vn -0.8991 -0.3075 -0.3115
vn -0.9090 0.1128 -0.4013
vn -0.9310 -0.0267 -0.3641
vn -0.9011 0.1815 -0.3937
vn -0.8869 0.2962 -0.3544
vn -0.9176 0.0543 -0.3939
vn -0.8204 0.3247 -0.4706
vn -0.4848 -0.1900 0.8537
vn -0.9340 0.3186 0.1618
vn -0.6800 0.7317 -0.0463
vn -0.9746 0.1728 0.1424
vn -0.3404 0.9358 -0.0920
vn -0.9800 0.1793 0.0863
vn -0.9659 -0.2091 0.1527
vn -0.0232 -0.4124 -0.9107
vn 0.0149 -0.2881 -0.9575
vn -0.2450 -0.0866 -0.9656
vn -0.7513 -0.5975 -0.2801
vn -0.8274 -0.5058 -0.2440
vn -0.8878 -0.3966 -0.2336
vn -0.7162 -0.4305 -0.5492
vn -0.7028 -0.4173 -0.5761
vn -0.8555 -0.1301 -0.5013
vn 0.3749 0.5459 -0.7493
vn 0.4012 0.2704 -0.8752
vn 0.4820 0.5375 -0.6919
vn 0.6511 -0.2492 -0.7169
vn 0.4192 0.2922 -0.8596
vn -0.0669 0.7589 -0.6478
vn 0.6232 0.7480 -0.2283
vn -0.0132 0.7377 -0.6749
vn -0.2522 0.6048 -0.7554
vn 0.6693 -0.6932 -0.2674
vn -0.1008 0.6905 -0.7163
vn 0.1502 0.8865 -0.4377
vn -0.3306 0.8904 -0.3129
vn 0.5770 0.6189 -0.5330
vn 0.5394 0.6354 -0.5525
vn -0.1321 0.0190 -0.9911
vn 0.7281 0.1531 -0.6682
vn -0.3472 0.9047 -0.2468
vn -0.1721 0.9103 -0.3764
vn 0.4017 0.3222 -0.8572
vn 0.1625 0.3493 -0.9228
vn 0.8172 0.5428 0.1936
vn 0.9926 0.1038 0.0627
vn 0.1591 -0.9721 -0.1722
vn 0.4547 0.7309 -0.5090
vn 0.5316 0.5456 -0.6478
vn 0.4482 0.3735 -0.8122
vn -0.0337 0.4723 -0.8808
vn 0.9230 -0.1019 -0.3712
vn 0.6996 0.4303 -0.5704
vn 0.9150 -0.1263 -0.3832
vn 0.6869 0.2882 -0.6671
vn 0.6933 0.4295 -0.5787
vn 0.6213 0.1600 -0.7671
vn 0.1902 0.4729 -0.8604
vn 0.3036 0.6477 -0.6988
vn -0.1072 0.8344 -0.5406
vn -0.1128 0.9076 -0.4045
vn 0.3468 0.7629 -0.5457
vn 0.4949 0.3321 -0.8030
vn 0.4256 0.4627 -0.7777
vn 0.4022 0.7191 -0.5668
vn 0.5358 0.6876 -0.4900
vn 0.4502 0.3805 -0.8078
vn 0.3874 0.4143 -0.8235
vn 0.3648 0.2902 -0.8847
vn 0.2345 0.7689 -0.5948
vn 0.3406 0.5339 -0.7739
vn 0.4298 0.6441 -0.6328
vn 0.1864 0.4234 -0.8865
vn 0.2157 0.3557 -0.9094
vn -0.0888 0.2313 -0.9688
vn 0.6791 0.2281 -0.6977
vn -0.3062 0.8569 -0.4146
vn -0.6105 0.5819 0.5373
vn -0.5862 0.5194 -0.6218
vn 0.3910 0.6181 -0.6820
vn 0.3414 0.2630 -0.9024
vn 0.6475 0.2057 -0.7338
vn -0.5485 0.0538 -0.8344
vn -0.7296 -0.1314 0.6711
vn 0.7397 0.4736 -0.4781
vn 0.4486 0.2111 -0.8684
vn 0.5970 -0.1440 -0.7892
vn -0.1243 0.2559 -0.9587
vn 0.6781 0.5923 -0.4353
vn -0.1128 0.7184 -0.6865
vn -0.0863 0.8796 -0.4678
vn 0.3083 0.4808 -0.8208
vn 0.5084 0.5323 -0.6769
vn 0.7122 0.4247 -0.5589
vn -0.0031 0.8984 -0.4392
vn -0.0755 0.5489 -0.8325
vn 0.5165 0.5112 -0.6870
vn 0.2779 0.8112 -0.5145
vn 0.4662 0.5962 -0.6536
vn 0.1216 0.7858 -0.6064
vn -0.0116 0.4726 -0.8812
vn 0.6761 -0.5807 0.4534
vn -0.0104 0.9251 -0.3795
vn -0.1752 0.9063 -0.3846
vn 0.6095 0.2481 -0.7530
vn 0.2985 0.5602 -0.7727
vn 0.4539 0.2842 -0.8445
vn 0.3858 0.4928 -0.7800
vn 0.7926 0.0105 -0.6096
vn 0.3855 0.7943 -0.4696
vn 0.1797 0.1106 -0.9775
vn 0.7582 -0.1164 -0.6415
vn 0.0468 0.9752 -0.2164
vn 0.0739 0.9670 -0.2440
vn 0.1178 0.5573 -0.8219
vn -0.0571 0.6326 -0.7723
vn -0.1551 0.7233 -0.6728
vn 0.0679 0.7179 -0.6929
vn 0.7000 0.4908 -0.5187
vn 0.0999 0.9899 0.1003
vn -0.8214 0.4820 -0.3049
vn 0.6913 0.6218 -0.3680
vn -0.2330 0.7072 -0.6675
vn 0.6395 0.5464 -0.5409
vn 0.4065 0.6077 -0.6822
vn 0.2876 0.7643 -0.5771
vn 0.2916 0.7180 -0.6321
vn -0.0181 0.4014 -0.9157
vn -0.2899 0.1702 -0.9418
vn -0.0780 0.5198 -0.8507
vn -0.1331 0.5531 -0.8224
vn -0.9428 -0.1120 -0.3139
vn -0.1173 0.7907 -0.6009
vn 0.4991 0.5078 -0.7022
vn 0.5881 0.5749 -0.5690
vn 0.2721 0.5611 -0.7817
vn 0.0405 0.5828 -0.8116
vn -0.6949 0.6228 -0.3594
vn -0.3944 0.2927 -0.8711
vn -0.3586 0.3418 -0.8687
vn 0.6875 0.1950 -0.6995
vn 0.0430 0.2002 -0.9788
vn 0.2756 0.3542 -0.8936
vn -0.3799 0.8724 -0.3077
vn -0.2556 0.5148 -0.8183
vn -0.6468 0.3259 -0.6895
vn 0.4204 0.4641 -0.7797
vn -0.1073 0.9428 -0.3155
vn -0.1419 0.8939 -0.4252
vn -0.2085 0.8908 -0.4037
vn 0.0449 0.5227 -0.8513
vn 0.6810 0.0275 -0.7318
vn 0.0049 0.4383 -0.8988
vn 0.0655 0.7805 -0.6217
vn -0.0507 0.4778 -0.8770
vn -0.0483 0.6952 -0.7172
vn -0.0233 0.6169 -0.7867
vn 0.3752 -0.6243 -0.6852
vn 0.4288 0.3145 -0.8469
vn 0.4145 0.4451 -0.7938
vn 0.1339 0.1473 -0.9800
vn 0.0214 0.6565 -0.7540
vn -0.3083 0.8077 -0.5025
vn -0.5136 -0.1560 -0.8437
vn -0.0970 -0.5214 -0.8478
vn 0.9578 -0.2700 -0.0990
vn 0.7631 0.0051 -0.6462
vn -0.3738 0.7283 -0.5743
vn 0.0468 0.5445 -0.8374
vn 0.2144 -0.7530 -0.6222
vn 0.0054 0.6975 -0.7166
vn -0.4833 0.7936 -0.3696
vn -0.1683 0.6488 -0.7421
vn 0.6520 -0.5937 -0.4716
vn -0.0196 0.4372 -0.8992
vn -0.4154 0.1588 0.8957
vn -0.0066 0.6768 -0.7362
vn 0.0494 0.5653 -0.8234
vn 0.0408 0.5455 -0.8371
vn 0.4835 0.2910 -0.8256
vn 0.4742 0.2589 -0.8415
vn 0.0746 0.4364 -0.8966
vn 0.5786 0.0077 -0.8156
vn 0.2506 0.6056 -0.7553
vn 0.5665 0.2679 -0.7793
vn 0.2238 0.9689 -0.1058
vn -0.0659 0.5934 -0.8022
vn 0.0124 0.9370 -0.3492
vn -0.0490 0.5835 -0.8106
vn 0.3540 -0.8899 0.2876
vn -0.0498 0.5510 -0.8330
vn 0.8899 -0.1203 -0.4401
vn 0.3000 0.4729 -0.8285
vn 0.2322 0.8025 -0.5496
vn -0.2656 -0.6564 -0.7062
vn -0.2497 0.8279 -0.5023
vn 0.1619 0.3325 -0.9291
vn 0.3620 0.8085 -0.4640
vn -0.1416 0.8963 -0.4202
vn 0.2288 0.2084 -0.9509
vn 0.7950 -0.2994 -0.5275
vn 0.6594 0.3056 -0.6869
vn -0.0351 0.8018 -0.5966
vn -0.0109 0.7977 -0.6029
vn 0.1405 0.6376 -0.7575
vn 0.7981 -0.0621 0.5993
vn 0.1701 0.0073 -0.9854
vn 0.0748 0.7942 -0.6031
vn 0.7499 0.3736 -0.5459
vn 0.0149 0.4368 -0.8994
vn -0.2282 0.7155 -0.6603
vn -0.2584 0.6226 -0.7387
vn -0.2296 0.5713 -0.7879
vn 0.7813 0.1595 -0.6035
vn -0.3114 0.9375 0.1552
vn -0.3603 0.4831 -0.7980
vn 0.0084 0.9233 -0.3839
vn 0.3828 0.8003 -0.4615
vn 0.1433 -0.2032 -0.9686
vn 0.3035 0.6458 -0.7006
vn -0.3789 0.6562 -0.6526
vn -0.1210 0.7934 -0.5965
vn 0.3968 0.4800 -0.7824
vn -0.1747 0.7743 -0.6083
vn 0.9066 0.4014 0.1301
vn 0.4359 0.8285 -0.3515
vn 0.1553 0.7793 -0.6071
vn 0.5212 0.2700 -0.8096
vn 0.2805 0.2450 -0.9281
vn 0.3083 0.4646 -0.8301
vn 0.0515 0.6418 -0.7652
vn -0.4575 0.6547 -0.6018
vn -0.3923 0.6520 -0.6488
vn 0.8024 0.5953 -0.0423
vn 0.3665 0.6730 -0.6425
vn 0.0968 0.7895 -0.6060
vn 0.6025 0.3552 -0.7148
vn 0.6068 0.3138 -0.7303
vn 0.6043 0.3075 -0.7350
vn -0.2046 0.6103 -0.7653
vn -0.5251 0.8193 -0.2303
vn 0.8110 0.4627 -0.3580
vn 0.4949 0.1889 -0.8482
vn 0.5299 0.3735 -0.7614
vn -0.1957 0.7590 -0.6210
vn -0.1995 0.7260 -0.6581
vn -0.1246 0.4196 -0.8991
vn 0.0939 0.6648 -0.7411
vn 0.0458 0.8408 -0.5394
vn 0.0061 0.5161 -0.8565
vn -0.2114 0.6068 -0.7663
vn -0.1884 0.7925 -0.5800
vn 0.7686 0.3783 -0.5159
vn 0.7677 0.3704 -0.5229
vn -0.1302 0.7492 -0.6494
vn 0.0637 0.4478 -0.8918
vn -0.0654 0.8267 -0.5588
vn -0.6541 0.5888 -0.4749
vn 0.8762 0.4175 -0.2407
vn -0.0229 0.8033 -0.5952
vn 0.5099 0.5383 -0.6710
vn -0.0227 0.8409 -0.5407
vn -0.1321 0.6832 -0.7182
vn -0.2549 0.9013 -0.3503
vn 0.0280 0.5153 -0.8566
vn -0.0558 0.5306 -0.8458
vn 0.5585 0.3129 -0.7682
vn -0.2648 0.8976 -0.3523
vn 0.0080 0.9135 -0.4067
vn 0.5386 0.2725 -0.7973
vn 0.7460 0.1751 -0.6425
vn -0.2551 0.6805 -0.6869
vn 0.8908 0.3995 -0.2163
vn 0.4428 0.8462 -0.2963
vn -0.0584 0.4383 -0.8969
vn 0.5483 0.6862 -0.4779
vn 0.0102 0.8342 -0.5514
vn -0.0257 0.7427 -0.6692
vn 0.0300 0.5960 -0.8024
vn 0.0157 0.3517 -0.9360
vn -0.0638 0.8255 -0.5609
vn -0.1969 0.9024 -0.3832
vn 0.1807 0.9021 -0.3918
vn 0.6284 0.1095 -0.7702
vn -0.6645 0.5581 -0.4970
vn 0.1139 0.9567 -0.2677
vn 0.1256 0.9234 -0.3627
vn 0.0159 0.8365 -0.5477
vn 0.0287 0.4385 -0.8983
vn 0.0405 0.4163 -0.9083
vn -0.4563 -0.5429 0.7050
vn -0.0167 0.5376 -0.8430
vn 0.7243 0.5740 -0.3820
vn -0.0175 0.8252 -0.5646
vn 0.0575 -0.1835 -0.9813
vn 0.4530 0.7439 -0.4913
vn 0.0013 0.1995 -0.9799
vn -0.0097 0.6736 -0.7390
vn -0.3640 -0.3052 0.8800
vn -0.0517 0.0853 -0.9950
vn 0.1602 0.9577 -0.2391
vn 0.1387 0.5968 -0.7903
vn 0.3903 -0.9017 -0.1860
vn 0.3157 -0.2036 0.9268
vn 0.1983 0.3771 -0.9047
vn 0.5535 0.4582 -0.6955
vn -0.1468 0.5528 -0.8203
vn 0.0787 0.6623 -0.7451
vn 0.0632 0.5325 -0.8440
vn 0.1758 0.4241 -0.8884
vn -0.1124 0.6626 -0.7404
vn 0.0921 0.8378 -0.5381
vn 0.5347 0.5213 -0.6650
vn 0.4360 0.8033 -0.4058
vn 0.5255 0.7613 -0.3798
vn 0.1424 0.7344 0.6636
vn 0.2048 0.8026 -0.5603
vn -0.0930 0.4488 -0.8888
vn 0.4003 0.2868 -0.8704
vn 0.0338 0.7982 -0.6015
vn 0.1397 0.6174 -0.7742
vn 0.3615 0.4576 -0.8123
vn 0.5938 0.5331 -0.6027
vn -0.2665 0.8884 -0.3737
vn 0.3224 0.3934 -0.8610
vn 0.6081 0.2987 -0.7355
vn -0.0080 0.7950 -0.6066
vn 0.6421 0.4700 -0.6057
vn 0.3060 0.2479 -0.9192
vn 0.3063 0.7362 -0.6035
vn -0.3027 0.8181 -0.4890
vn -0.5745 0.7787 -0.2521
vn 0.6477 0.4185 -0.6366
vn -0.6820 0.5674 -0.4615
vn 0.1432 0.7661 -0.6265
vn 0.1177 0.4155 -0.9019
vn 0.0773 0.8035 -0.5902
vn 0.4621 -0.8304 -0.3114
vn 0.2552 0.7325 -0.6312
vn -0.0307 0.5117 -0.8586
vn -0.0607 0.5699 -0.8195
vn -0.1184 0.4877 -0.8649
vn -0.0862 0.4071 -0.9093
vn -0.0752 0.8429 -0.5328
vn -0.1902 0.9110 -0.3659
vn 0.3864 0.3832 -0.8389
vn -0.0251 0.7890 -0.6139
vn -0.6395 0.3043 -0.7060
vn 0.5778 0.0789 -0.8124
vn 0.3315 0.3088 -0.8915
vn 0.2488 0.9167 -0.3128
vn 0.2545 0.9010 -0.3514
vn 0.3510 0.6880 -0.6352
vn 0.2618 0.6786 -0.6862
vn 0.3315 0.4791 -0.8128
vn 0.1776 0.6675 -0.7232
vn 0.1738 0.6823 -0.7101
vn -0.0444 0.6269 -0.7778
vn 0.3810 0.6879 -0.6178
vn -0.5196 0.6447 -0.5607
vn 0.0300 0.5898 -0.8070
vn 0.7090 0.5822 -0.3979
vn -0.2924 0.2043 -0.9342
vn 0.2518 0.9006 -0.3542
vn 0.0355 0.5679 -0.8224
vn 0.3529 0.5492 -0.7575
vn 0.0939 0.8650 -0.4929
vn 0.0253 0.6199 -0.7842
vn 0.3096 -0.9440 -0.1139
vn -0.6581 0.7389 -0.1448
vn 0.3639 0.8318 -0.4192
vn 0.3728 0.7404 -0.5594
vn 0.0402 0.3927 -0.9188
vn -0.5749 0.4221 -0.7009
vn -0.0266 0.9560 0.2922
vn 0.5211 0.1537 -0.8395
vn 0.2146 0.6489 -0.7300
vn -0.0944 0.2136 -0.9724
vn -0.0244 0.3211 -0.9467
vn -0.5814 0.1796 -0.7936
vn -0.5788 0.8064 0.1216
vn -0.6247 0.3437 -0.7012
vn -0.3628 0.1744 -0.9154
vn -0.4223 0.1334 -0.8966
vn -0.5063 0.4334 -0.7456
vn -0.6976 0.1623 -0.6978
vn -0.3738 0.5350 -0.7576
vn -0.4603 0.3984 -0.7934
vn -0.3807 -0.1245 -0.9163
vn 0.0324 0.8521 0.5224
vn 0.0832 -0.5833 -0.8080
vn -0.3800 -0.0881 -0.9208
vn -0.3963 -0.1077 -0.9118
vn 0.6494 -0.2309 -0.7245
vn -0.4401 0.0674 -0.8954
vn 0.5157 -0.1603 -0.8416
vn 0.5162 -0.1609 -0.8412
vn -0.1251 0.2689 -0.9550
vn -0.4592 0.1988 -0.8658
vn 0.3532 -0.0746 -0.9325
vn 0.1925 0.1251 -0.9733
vn -0.3199 0.4668 -0.8245
vn 0.4542 -0.3474 -0.8204
vn 0.4655 -0.4124 -0.7831
vn 0.0766 -0.6050 -0.7925
vn 0.6425 -0.0571 -0.7642
vn -0.4967 -0.3335 -0.8013
vn -0.3088 -0.3947 -0.8654
vn -0.3502 -0.7005 -0.6219
vn 0.0941 -0.8891 -0.4479
vn -0.8979 -0.0397 -0.4384
vn 0.3365 -0.1887 -0.9226
vn -0.6374 -0.1848 -0.7480
vn -0.6151 -0.1334 -0.7771
vn -0.3506 0.0986 -0.9313
vn -0.4320 -0.6466 -0.6286
vn -0.5758 0.0547 -0.8157
vn -0.5240 -0.6080 -0.5965
vn -0.5303 -0.6636 -0.5276
vn 0.3371 -0.6759 -0.6553
vn 0.2066 -0.4617 -0.8626
vn 0.2896 -0.5166 -0.8057
vn -0.1603 0.4102 -0.8978
vn -0.4823 -0.7157 -0.5052
vn -0.6225 -0.4311 -0.6531
vn -0.2439 0.2366 -0.9405
vn -0.3976 0.2693 -0.8771
vn -0.1070 0.4962 -0.8616
vn -0.5605 -0.2952 -0.7737
vn 0.0871 -0.1679 -0.9820
vn 0.0978 -0.1347 -0.9860
vn 0.0012 0.1553 -0.9879
vn 0.0287 0.1182 -0.9926
vn 0.1100 -0.9032 -0.4148
vn 0.1855 -0.8865 -0.4239
vn 0.0129 -0.5694 -0.8220
vn -0.0737 -0.3722 -0.9252
vn 0.0117 -0.9973 -0.0720
vn -0.7040 0.2884 -0.6491
vn -0.2525 0.4836 -0.8381
vn -0.0451 0.4471 -0.8933
vn 0.2303 0.2705 -0.9348
vn -0.1502 -0.0088 -0.9886
vn -0.2607 0.1641 -0.9514
vn -0.2663 0.1114 -0.9574
vn -0.4816 -0.3382 -0.8085
vn -0.5020 -0.2636 -0.8237
vn -0.1046 0.0414 -0.9937
vn 0.2279 0.1039 -0.9681
vn -0.5524 0.7077 -0.4404
vn -0.3564 -0.0162 -0.9342
vn -0.1477 -0.0891 -0.9850
vn 0.3560 -0.6234 -0.6962
vn -0.5338 0.1253 -0.8363
vn -0.1550 0.2740 -0.9492
vn -0.4958 -0.3375 -0.8002
vn -0.0329 -0.4283 -0.9031
vn 0.2707 0.2458 -0.9307
vn 0.2961 0.0690 -0.9527
vn -0.5285 0.1490 -0.8358
vn 0.2037 -0.5241 -0.8269
vn 0.1893 -0.4830 -0.8549
vn -0.7243 -0.6423 -0.2508
vn -0.4755 0.4017 -0.7826
vn 0.1049 0.0240 -0.9942
vn 0.0635 -0.1511 -0.9865
vn -0.3271 0.1953 -0.9246
vn -0.3927 0.2851 -0.8744
vn -0.2877 0.0878 -0.9537
vn 0.3478 0.1588 -0.9240
vn -0.2965 -0.0068 -0.9550
vn -0.3076 0.0684 -0.9490
vn -0.0314 -0.3349 -0.9417
vn -0.6841 -0.0408 -0.7283
vn -0.7224 -0.2663 -0.6382
vn -0.4258 0.0186 -0.9046
vn 0.0261 -0.1440 -0.9892
vn 0.0789 0.1595 -0.9840
vn 0.1338 -0.3207 -0.9377
vn -0.2607 0.3690 -0.8921
vn 0.0673 -0.5166 -0.8536
vn -0.2772 0.2528 -0.9270
vn 0.6610 0.0203 -0.7501
vn 0.0657 0.2886 -0.9552
vn 0.0585 0.0563 -0.9967
vn 0.0446 -0.0381 -0.9983
vn -0.3604 -0.1140 -0.9258
vn 0.0763 0.1881 -0.9792
vn 0.0962 -0.4282 -0.8985
vn 0.2786 -0.8878 -0.3662
vn -0.0936 0.4411 -0.8926
vn 0.0060 -0.1079 -0.9941
vn -0.4445 0.0486 -0.8945
vn 0.1627 -0.4575 -0.8742
vn 0.0443 -0.1016 -0.9938
vn -0.3749 0.0084 -0.9270
vn 0.0276 -0.3815 -0.9240
vn 0.4316 -0.0183 -0.9019
vn -0.0023 0.2011 -0.9796
vn 0.2203 -0.3012 -0.9278
vn -0.8767 -0.1684 -0.4507
vn -0.3544 0.1031 -0.9294
vn 0.5594 0.1617 -0.8130
vn -0.3161 -0.4182 -0.8516
vn -0.1138 -0.1066 -0.9878
vn -0.2435 -0.4754 -0.8454
vn -0.1845 -0.6903 -0.6996
vn -0.5311 0.2760 -0.8011
vn 0.0867 0.3498 -0.9328
vn -0.6983 -0.0584 -0.7135
vn -0.5735 -0.7833 -0.2400
vn 0.1143 -0.4355 -0.8929
vn -0.0401 -0.4727 -0.8803
vn 0.8201 0.4985 0.2808
vn -0.6903 -0.3838 -0.6134
vn -0.4667 -0.6697 -0.5777
vn -0.0360 -0.6097 -0.7918
vn -0.0782 -0.1507 0.9855
vn -0.2209 -0.1854 -0.9575
vn -0.2020 -0.7169 -0.6672
vn -0.2453 -0.7193 -0.6500
vn -0.1070 -0.1235 -0.9866
vn 0.6588 0.2522 -0.7087
vn 0.5827 0.0098 -0.8126
vn 0.0836 -0.9481 0.3068
vn -0.2542 -0.2606 -0.9314
vn -0.3844 -0.1207 -0.9153
vn -0.2265 -0.8632 -0.4512
vn -0.1825 -0.3689 -0.9114
vn 0.6018 0.0523 -0.7969
vn -0.0798 -0.0760 -0.9939
vn -0.4315 -0.2979 -0.8515
vn -0.1364 -0.0286 -0.9902
vn 0.2942 -0.6848 -0.6667
vn 0.1540 -0.4656 -0.8715
vn -0.5370 -0.2252 -0.8130
vn 0.9809 -0.1762 -0.0830
vn -0.3857 -0.2289 -0.8938
vn 0.1176 0.2468 -0.9619
vn 0.0827 0.0812 -0.9933
vn -0.5202 -0.2317 -0.8220
vn 0.4541 -0.4454 -0.7716
vn 0.1463 0.3354 -0.9307
vn -0.1102 -0.0968 -0.9892
vn 0.6336 -0.5577 -0.5362
vn 0.0624 -0.9968 0.0501
vn 0.5813 0.0999 -0.8075
vn 0.5424 0.1270 -0.8304
vn -0.1815 -0.3686 -0.9117
vn 0.0270 0.1033 -0.9943
vn -0.2260 -0.1232 -0.9663
vn 0.6985 -0.2616 -0.6661
vn 0.4816 0.0657 -0.8739
vn -0.0139 0.2741 -0.9616
vn -0.4769 0.3513 -0.8057
vn -0.4954 -0.3378 -0.8003
vn -0.9876 0.1547 0.0249
vn 0.5095 -0.4982 -0.7016
vn 0.5772 -0.1575 -0.8013
vn -0.6933 0.4315 -0.5773
vn 0.7540 -0.1156 -0.6466
vn 0.6157 -0.0800 -0.7839
vn 0.2088 0.3955 -0.8944
vn -0.0485 0.1869 -0.9812
vn 0.0368 0.1373 -0.9898
vn -0.8320 -0.0210 -0.5544
vn -0.2286 -0.3423 -0.9113
vn -0.3613 -0.3067 -0.8806
vn 0.6229 -0.3994 -0.6727
vn 0.5111 -0.0260 -0.8591
vn 0.4438 0.0773 -0.8928
vn -0.4291 -0.5570 -0.7110
vn 0.0203 -0.0351 -0.9992
vn -0.0800 -0.2329 -0.9692
vn 0.4367 -0.5793 -0.6882
vn 0.6336 -0.4098 -0.6562
vn 0.5925 -0.1306 -0.7949
vn 0.5014 0.0877 -0.8607
vn 0.5329 -0.1881 -0.8250
vn 0.5336 -0.1887 -0.8244
vn 0.5397 -0.0204 -0.8416
vn 0.4971 0.0048 -0.8677
vn 0.4238 0.1541 -0.8926
vn 0.4152 0.0627 -0.9076
vn 0.0772 -0.2528 -0.9644
vn -0.0294 -0.9991 0.0321
vn -0.3119 -0.3661 -0.8767
vn -0.2371 -0.7244 -0.6474
vn -0.2011 0.2198 -0.9546
vn -0.2977 0.4287 -0.8530
vn 0.2722 -0.5842 -0.7646
vn 0.3284 -0.0777 -0.9413
vn 0.4525 0.0426 -0.8908
vn -0.3719 0.9249 -0.0789
vn -0.5776 -0.8030 -0.1466
vn -0.2942 0.3193 -0.9008
vn -0.0647 -0.5914 -0.8038
vn -0.7718 0.5612 -0.2990
vn -0.5308 0.0627 -0.8452
vn 0.0936 -0.5771 -0.8113
vn 0.3638 0.0384 -0.9307
vn 0.3517 0.0637 -0.9340
vn -0.2883 -0.1331 -0.9482
vn -0.0376 -0.2569 -0.9657
vn 0.1133 0.2042 -0.9724
vn -0.2228 0.3948 -0.8914
vn -0.5506 0.2605 -0.7931
vn 0.3633 -0.2029 -0.9093
vn 0.4039 0.0721 -0.9120
vn 0.6163 0.0880 -0.7826
vn -0.2262 0.0602 -0.9722
vn -0.1445 -0.4359 -0.8883
vn -0.0426 -0.3220 -0.9458
vn -0.4354 -0.3081 -0.8458
vn -0.6269 -0.7459 0.2250
vn -0.1854 -0.7983 -0.5729
vn 0.2937 -0.4424 -0.8474
vn -0.1513 -0.3947 -0.9063
vn 0.0447 -0.2602 -0.9645
vn 0.0156 -0.3146 -0.9491
vn 0.3106 -0.3458 -0.8854
vn 0.4478 0.0055 -0.8941
vn 0.5066 -0.3883 -0.7698
vn 0.3729 -0.1842 -0.9094
vn 0.3307 -0.1171 -0.9364
vn 0.4046 0.0190 -0.9143
vn -0.6392 0.4973 -0.5866
vn 0.4477 0.2425 -0.8607
vn 0.1243 0.2815 -0.9515
vn -0.0346 0.3618 -0.9316
vn -0.6885 -0.3895 -0.6117
vn -0.5567 0.1184 -0.8222
vn -0.1948 -0.5637 -0.8027
vn -0.1574 0.1183 -0.9804
vn 0.4777 -0.3854 -0.7895
vn 0.2695 -0.4400 -0.8566
vn 0.2334 0.0124 -0.9723
vn 0.3825 0.0712 -0.9212
vn -0.1773 -0.0602 -0.9823
vn -0.1789 0.3261 -0.9282
vn -0.1535 0.0452 -0.9871
vn -0.4944 -0.4123 -0.7652
vn 0.4934 -0.3704 -0.7870
vn 0.0513 -0.2830 -0.9578
vn 0.3658 -0.1389 -0.9203
vn 0.3588 0.1143 -0.9264
vn 0.4438 -0.0020 -0.8961
vn 0.4502 0.1109 -0.8860
vn 0.3986 0.0283 -0.9167
vn -0.4665 -0.1079 -0.8779
vn -0.3931 0.7446 -0.5395
vn -0.2524 0.3294 -0.9098
vn 0.2080 -0.3463 -0.9148
vn 0.1152 -0.4976 -0.8597
vn 0.3024 -0.2180 -0.9279
vn 0.2860 -0.0359 -0.9576
vn 0.2511 -0.2084 -0.9453
vn 0.4159 -0.7753 -0.4754
vn -0.9627 0.1859 -0.1967
vn 0.6124 0.0930 -0.7851
vn 0.0853 -0.0458 -0.9953
vn 0.1845 -0.5746 -0.7974
vn 0.3369 -0.3583 -0.8707
vn 0.2976 -0.0637 -0.9526
vn 0.3707 -0.7266 -0.5784
vn 0.2748 -0.0556 -0.9599
vn 0.3856 0.0864 -0.9186
vn 0.4233 -0.0387 -0.9052
vn -0.0795 0.4398 -0.8946
vn -0.1306 0.1206 -0.9841
vn -0.2585 0.3147 -0.9133
vn 0.5335 -0.8414 0.0862
vn 0.0615 -0.4240 -0.9036
vn 0.3346 -0.0803 -0.9389
vn 0.0442 -0.3486 -0.9362
vn -0.0520 0.3735 -0.9262
vn -0.6667 0.2225 -0.7113
vn 0.1930 -0.1542 -0.9690
vn -0.0088 -0.2949 -0.9555
vn 0.2928 0.0326 -0.9556
vn 0.2472 -0.3823 -0.8904
vn 0.2390 -0.3343 -0.9116
vn 0.5888 -0.3515 -0.7279
vn 0.3326 0.0796 -0.9397
vn 0.5807 0.0001 -0.8141
vn 0.4222 0.1271 -0.8976
vn 0.3944 0.0277 -0.9185
vn -0.1783 0.0673 -0.9817
vn -0.0516 -0.0810 -0.9954
vn -0.2691 0.0603 -0.9612
vn -0.3502 -0.3648 0.8627
vn -0.4349 0.2572 -0.8630
vn 0.1697 0.1946 -0.9661
vn 0.4180 -0.6885 -0.5927
vn -0.6065 0.2661 -0.7493
vn 0.3746 0.2356 -0.8967
vn 0.1535 -0.3580 -0.9210
vn 0.1554 -0.1542 -0.9757
vn 0.4760 0.0524 -0.8779
vn 0.4594 0.1538 -0.8748
vn 0.3807 0.0530 -0.9232
vn 0.0034 -0.9996 0.0270
vn -0.4699 -0.1220 -0.8743
vn -0.3995 0.0088 -0.9167
vn -0.2534 -0.3058 -0.9177
vn 0.1809 0.1077 -0.9776
vn 0.0939 -0.8804 -0.4649
vn -0.2936 0.1427 -0.9452
vn -0.4949 0.3311 -0.8034
vn -0.2856 -0.2933 -0.9124
vn -0.4636 0.3142 -0.8285
vn 0.1846 -0.0151 -0.9827
vn 0.0533 -0.5391 -0.8405
vn 0.1578 -0.3631 -0.9183
vn 0.1963 -0.0499 -0.9793
vn 0.2981 -0.1572 -0.9415
vn 0.2788 0.0237 -0.9601
vn 0.2549 -0.0026 -0.9670
vn -0.3425 0.3278 -0.8805
vn -0.3120 0.2324 -0.9212
vn -0.4287 0.3296 -0.8411
vn 0.0805 0.2846 -0.9552
vn -0.0875 0.4740 -0.8762
vn -0.2860 0.2130 -0.9343
vn 0.2678 -0.4619 -0.8455
vn 0.1675 -0.3317 -0.9284
vn -0.1777 -0.3059 -0.9354
vn 0.1223 0.1252 -0.9846
vn 0.1210 0.0796 -0.9894
vn -0.5818 0.0307 -0.8128
vn -0.1143 -0.9752 -0.1895
vn 0.5817 -0.4735 -0.6613
vn -0.3567 -0.2436 -0.9019
vn 0.1779 -0.0242 -0.9837
vn 0.3821 -0.2842 -0.8793
vn 0.2311 0.0448 -0.9719
vn 0.3255 0.1564 -0.9325
vn -0.3053 -0.2024 -0.9305
vn 0.3009 0.2752 -0.9131
vn -0.2945 -0.1957 -0.9354
vn -0.3201 -0.2798 -0.9051
vn 0.3701 -0.2370 -0.8983
vn 0.1722 -0.3591 -0.9173
vn 0.1709 -0.2344 -0.9570
vn 0.1615 -0.0016 -0.9869
vn 0.3222 0.1779 -0.9298
vn -0.6983 0.1876 -0.6907
vn 0.1233 0.2460 -0.9614
vn -0.2406 -0.2748 -0.9309
vn -0.1714 -0.0697 -0.9827
vn -0.7935 -0.2554 -0.5523
vn 0.2782 -0.2465 -0.9284
vn 0.2557 0.0105 -0.9667
vn 0.1155 -0.3567 -0.9271
vn 0.3021 -0.2022 -0.9316
vn 0.3748 -0.2920 -0.8799
vn 0.0243 0.1197 -0.9925
vn 0.0710 0.1511 -0.9860
vn -0.1011 0.5699 -0.8155
vn -0.6240 -0.0537 -0.7796
vn -0.8881 -0.0604 -0.4557
vn 0.0629 -0.3493 -0.9349
vn 0.1397 -0.7294 -0.6697
vn 0.2610 0.0244 -0.9650
vn 0.2668 0.0621 -0.9617
vn 0.1241 -0.7134 -0.6897
vn 0.1248 -0.6701 -0.7317
vn 0.2409 -0.2724 -0.9315
vn 0.2786 -0.2256 -0.9335
vn 0.2206 -0.1484 -0.9640
vn 0.2578 0.0213 -0.9660
vn 0.1377 -0.4476 -0.8836
vn -0.3928 0.0528 -0.9181
vn 0.1398 -0.1436 -0.9797
vn 0.1555 -0.7005 -0.6965
vn 0.1728 -0.3550 -0.9187
vn 0.1276 -0.3626 -0.9232
vn 0.1749 -0.2392 -0.9551
vn 0.6021 -0.0858 -0.7938
vn -0.5839 0.0325 -0.8112
vn 0.4391 -0.5815 -0.6849
vn 0.1705 0.1634 -0.9717
vn -0.1903 -0.3966 -0.8981
vn -0.2412 0.1868 -0.9523
vn 0.0863 -0.5367 -0.8394
vn 0.1101 -0.2427 -0.9638
vn 0.1876 0.1437 -0.9717
vn 0.2429 -0.2282 -0.9428
vn 0.1840 -0.0544 -0.9814
vn 0.3568 0.1709 -0.9184
vn 0.2090 0.3395 -0.9171
vn 0.4054 0.1210 -0.9061
vn 0.1259 0.3580 -0.9252
vn 0.1373 -0.0107 -0.9905
vn 0.1392 -0.0022 -0.9903
vn 0.1210 -0.2992 -0.9465
vn 0.2765 -0.3160 -0.9076
vn 0.2656 -0.1283 -0.9555
vn 0.3888 0.2700 -0.8809
vn -0.2875 -0.2370 -0.9280
vn -0.3127 -0.3475 -0.8840
vn -0.7499 0.1180 -0.6509
vn 0.1162 -0.4443 -0.8883
vn 0.1381 -0.1553 -0.9782
vn 0.2175 -0.0007 -0.9761
vn 0.1442 -0.2833 -0.9481
vn 0.3248 -0.1126 -0.9391
vn 0.3204 -0.0640 -0.9451
vn 0.2534 0.1685 -0.9526
vn -0.6226 0.1480 -0.7684
vn 0.1346 -0.2482 -0.9593
vn -0.5741 0.1926 -0.7958
vn 0.2355 -0.1863 -0.9538
vn -0.2774 0.3493 -0.8950
vn -0.2258 0.4765 -0.8497
vn -0.5129 -0.0799 -0.8547
vn -0.4983 -0.0420 -0.8660
vn -0.1578 0.1495 -0.9761
vn 0.1265 -0.1053 -0.9864
vn 0.0843 -0.7234 -0.6853
vn 0.0303 -0.3403 -0.9398
vn 0.1966 -0.3354 -0.9213
vn 0.2210 -0.2254 -0.9489
vn 0.2386 -0.2221 -0.9454
vn 0.2155 -0.1967 -0.9565
vn 0.8239 -0.5350 -0.1871
vn 0.1700 0.3453 -0.9230
vn -0.6228 -0.1899 -0.7590
vn -0.3813 -0.3201 -0.8673
vn 0.1178 -0.7936 -0.5969
vn 0.0582 -0.5909 -0.8047
vn 0.1303 -0.7069 -0.6952
vn 0.1057 -0.4098 -0.9060
vn 0.1846 -0.1800 -0.9662
vn 0.1663 0.1055 -0.9804
vn 0.2978 0.2640 -0.9174
vn -0.1817 0.2398 -0.9537
vn -0.0193 0.2542 -0.9669
vn 0.2013 -0.2584 -0.9448
vn 0.2203 -0.1736 -0.9599
vn 0.2197 0.1778 -0.9592
vn 0.1671 0.3385 -0.9260
vn -0.4353 0.0239 -0.9000
vn -0.5823 -0.1102 -0.8055
vn 0.1307 -0.4606 -0.8779
vn 0.1987 -0.2622 -0.9443
vn 0.0129 -0.3741 -0.9273
vn 0.0889 -0.1245 -0.9882
vn 0.1229 -0.0232 -0.9922
vn -0.5254 -0.2385 -0.8167
vn -0.0521 0.1436 -0.9883
vn -0.6805 -0.3647 -0.6355
vn -0.4309 -0.2648 -0.8627
vn -0.3510 0.4513 -0.8204
vn -0.8906 0.1678 -0.4226
vn -0.3273 0.5254 -0.7854
vn -0.0077 -0.2991 -0.9542
vn 0.1531 -0.0871 -0.9844
vn 0.3286 -0.1690 -0.9292
vn 0.3615 -0.2608 -0.8952
vn 0.1830 -0.1852 -0.9655
vn 0.1951 -0.8052 -0.5599
vn -0.5938 0.1657 -0.7873
vn -0.2233 0.1764 -0.9587
vn 0.1291 -0.2636 -0.9560
vn 0.1147 -0.0356 -0.9928
vn 0.1999 -0.1938 -0.9605
vn 0.1683 -0.0044 -0.9857
vn 0.1257 -0.1143 -0.9855
vn 0.1492 -0.0558 -0.9872
vn 0.1483 0.0364 -0.9883
vn -0.4789 -0.6905 -0.5421
vn -0.0313 -0.0213 -0.9993
vn -0.4914 -0.4366 -0.7536
vn 0.3030 0.2767 -0.9119
vn -0.0161 -0.5347 -0.8449
vn 0.2548 -0.3249 -0.9108
vn 0.1170 -0.0811 -0.9898
vn -0.2398 0.2402 -0.9406
vn 0.3916 0.8644 -0.3152
vn -0.9284 0.3109 -0.2034
vn -0.9211 0.1825 -0.3440
vn -0.3741 0.1654 -0.9125
vn 0.1731 -0.2763 -0.9454
vn 0.1458 0.2278 -0.9627
vn 0.2594 -0.1943 -0.9460
vn 0.3436 -0.2604 -0.9023
vn -0.3621 0.0938 -0.9274
vn 0.6177 -0.1475 -0.7724
vn 0.0066 -0.1077 -0.9942
vn 0.4433 -0.8567 -0.2636
vn -0.8422 0.0695 -0.5347
vn -0.4915 -0.3771 -0.7850
vn -0.5590 -0.2534 -0.7895
vn 0.0024 -0.2182 -0.9759
vn 0.2146 -0.1803 -0.9599
vn 0.1639 -0.1016 -0.9812
vn -0.0335 -0.8032 -0.5947
vn 0.1626 -0.2574 -0.9525
vn -0.0508 -0.6109 -0.7900
vn 0.0472 -0.4007 -0.9150
vn 0.1820 -0.2521 -0.9504
vn 0.2017 -0.2845 -0.9372
vn 0.0684 0.0916 -0.9934
vn 0.7822 0.5253 -0.3349
vn -0.3755 0.5613 -0.7375
vn 0.0687 -0.1051 0.9921
vn -0.0189 0.3323 -0.9430
vn -0.4297 0.3255 -0.8423
vn -0.0928 0.4646 -0.8807
vn 0.5263 0.2385 -0.8162
vn 0.1833 0.0012 -0.9830
vn 0.3609 -0.2267 -0.9046
vn 0.1785 -0.0738 -0.9812
vn 0.1719 -0.0902 -0.9810
vn 0.2039 0.0308 -0.9785
vn 0.1892 -0.1314 -0.9731
vn -0.9499 0.0166 -0.3122
vn -0.1421 -0.0169 -0.9897
vn -0.5430 0.2769 -0.7927
vn -0.3837 -0.7368 -0.5568
vn -0.0660 -0.9941 -0.0866
vn -0.4785 -0.1056 -0.8717
vn -0.5419 -0.4811 -0.6891
vn -0.4379 -0.0816 -0.8953
vn -0.7352 -0.1519 -0.6606
vn -0.6555 -0.1785 0.7338
vn -0.0875 -0.5345 -0.8406
vn -0.0841 -0.5079 -0.8573
vn -0.1518 -0.3433 -0.9269
vn -0.0180 -0.3697 -0.9290
vn -0.0378 -0.4108 -0.9109
vn 0.1070 0.1219 -0.9868
vn -0.3666 -0.0944 -0.9256
vn -0.3088 0.1833 -0.9333
vn -0.0563 0.2666 -0.9621
vn -0.5873 0.0656 -0.8067
vn -0.3428 0.1558 -0.9264
vn -0.7873 0.1173 -0.6053
vn 0.3021 -0.7727 0.5583
vn 0.4966 0.1510 -0.8547
vn -0.7793 -0.2536 -0.5731
vn 0.0590 -0.1795 -0.9820
vn 0.0680 -0.1491 -0.9865
vn -0.2272 0.3128 -0.9222
vn -0.4549 -0.2929 -0.8410
vn -0.1114 0.3715 -0.9217
vn -0.7251 -0.0836 -0.6835
vn -0.5991 -0.2338 -0.7658
vn 0.1860 -0.2271 -0.9559
vn -0.2061 -0.4136 -0.8868
vn -0.2074 -0.4145 -0.8861
vn 0.0718 -0.1736 -0.9822
vn 0.0441 0.1330 -0.9901
vn -0.4390 -0.7199 -0.5376
vn -0.7970 0.2463 -0.5515
vn -0.2767 0.0207 -0.9607
vn 0.2805 -0.9098 -0.3059
vn -0.5241 -0.1264 -0.8423
vn -0.6391 0.0122 -0.7690
vn -0.5206 0.4260 -0.7399
vn -0.1012 -0.3426 -0.9340
vn -0.1009 0.2628 -0.9596
vn -0.1063 0.3241 -0.9400
vn -0.2828 -0.6903 -0.6660
vn -0.4256 -0.0872 -0.9007
vn -0.7362 0.3334 -0.5889
vn -0.2706 -0.7429 -0.6122
vn -0.5145 -0.5314 -0.6730
vn -0.4053 -0.4237 -0.8101
vn -0.0246 -0.1007 -0.9946
vn -0.2852 -0.2723 -0.9190
vn -0.2096 -0.5200 -0.8281
vn -0.2719 -0.0270 -0.9619
vn 0.0266 0.1130 -0.9932
vn 0.0581 -0.4358 -0.8982
vn 0.0067 -0.9976 0.0696
vn -0.3904 0.1338 -0.9109
vn -0.0168 -0.1021 -0.9946
vn -0.1522 -0.5517 -0.8200
vn -0.3128 -0.3625 -0.8779
vn -0.2916 -0.1854 -0.9384
vn 0.0926 0.0751 -0.9929
vn 0.1025 -0.0229 -0.9945
vn 0.0368 0.3026 -0.9524
vn -0.6207 -0.6621 0.4198
vn 0.6440 -0.5224 -0.5589
vn 0.6588 -0.5584 -0.5040
vn -0.6639 -0.5390 0.5183
vn -0.1712 -0.5198 -0.8369
vn -0.5013 -0.3659 -0.7841
vn 0.1871 0.0019 -0.9823
vn -0.2806 -0.3184 -0.9055
vn -0.2936 -0.3471 -0.8907
vn -0.7814 -0.3321 -0.5283
vn 0.0983 -0.4430 -0.8911
vn -0.1976 -0.6302 -0.7508
vn -0.7914 0.4841 -0.3733
vn -0.6559 0.3694 -0.6583
vn -0.6354 0.0057 -0.7722
vn -0.4212 0.0369 -0.9062
vn 0.1886 0.0095 -0.9820
vn 0.1075 0.3206 -0.9411
vn 0.0569 -0.0196 -0.9982
vn -0.1945 -0.2941 -0.9358
vn -0.1871 -0.1548 -0.9701
vn -0.1098 -0.0868 -0.9902
vn -0.2179 0.0117 -0.9759
vn -0.1612 0.0497 -0.9857
vn -0.2042 0.1810 -0.9621
vn -0.3939 0.1229 -0.9109
vn -0.4425 -0.6302 -0.6380
vn -0.6599 0.2733 -0.6999
vn -0.7506 0.6458 -0.1396
vn 0.1232 0.2805 -0.9519
vn 0.2256 -0.1325 -0.9652
vn -0.4741 -0.3726 -0.7977
vn -0.0805 0.8584 0.5066
vn 0.2647 0.2736 -0.9247
vn 0.0423 0.2886 -0.9565
vn -0.6464 0.1711 -0.7436
vn 0.3507 0.1199 -0.9288
vn -0.1767 0.5694 -0.8028
vn -0.5391 -0.3111 -0.7827
vn -0.5300 -0.3583 -0.7686
vn -0.6416 -0.2624 -0.7208
vn -0.5714 -0.4044 -0.7141
vn -0.5118 -0.3197 -0.7974
vn 0.0174 0.2421 -0.9701
vn -0.0348 0.3174 -0.9476
vn 0.0301 0.3012 -0.9531
vn -0.2781 -0.3697 -0.8865
vn -0.2892 -0.3099 -0.9057
vn -0.0311 -0.5582 0.8291
vn -0.2269 -0.8880 0.4000
vn -0.3694 -0.1281 -0.9204
vn -0.2749 0.7944 -0.5417
vn -0.7980 0.5569 -0.2303
vn -0.5691 -0.2066 -0.7959
vn -0.4754 -0.0930 -0.8748
vn -0.3132 0.2234 -0.9230
vn -0.3351 0.3088 -0.8901
vn -0.8161 -0.5498 -0.1780
vn -0.3770 0.5559 -0.7408
vn -0.1303 0.2092 -0.9691
vn 0.2845 0.1499 0.9469
vn -0.7351 -0.3258 -0.5946
vn -0.0165 -0.6582 -0.7527
vn -0.1191 -0.4735 -0.8727
vn -0.2492 -0.2748 -0.9287
vn -0.4956 -0.0228 -0.8683
vn -0.6632 0.2335 -0.7111
vn -0.5037 0.0172 -0.8637
vn -0.5743 0.2043 -0.7927
vn -0.3337 -0.1108 -0.9362
vn -0.4754 -0.0931 -0.8748
vn -0.2107 -0.4689 -0.8577
vn -0.0816 -0.0355 -0.9960
vn 0.0346 -0.2635 -0.9640
vn -0.0465 -0.9943 0.0964
vn 0.0722 0.2125 -0.9745
vn -0.1491 0.3216 -0.9351
vn -0.3913 0.0117 -0.9202
vn -0.4074 0.0875 -0.9090
vn -0.3978 0.3525 -0.8470
vn -0.4314 0.0680 -0.8996
vn -0.1442 0.1507 -0.9780
vn 0.0693 -0.9976 0.0052
vn -0.0105 -0.9986 0.0516
vn 0.1710 -0.0779 0.9822
vn 0.0058 -0.9761 0.2173
vn 0.4837 -0.8752 0.0076
vn 0.4067 -0.8940 0.1882
vn -0.0301 -0.9962 0.0813
vn 0.1671 -0.8357 0.5232
vn -0.9243 -0.1278 -0.3595
vn -0.2620 -0.2305 0.9371
vn -0.1874 -0.9119 -0.3652
vn -0.6739 -0.7220 0.1565
vn -0.3060 -0.4619 0.8325
vn 0.8271 -0.5218 -0.2087
vn 0.4464 -0.8281 0.3391
vn 0.0072 -0.9729 -0.2311
vn -0.0143 -0.9984 0.0553
vn -0.4259 -0.8974 -0.1154
vn -0.1484 -0.9768 -0.1544
vn 0.1933 -0.9695 -0.1505
vn 0.0828 -0.9960 -0.0338
vn 0.5348 -0.7094 0.4591
vn -0.0572 -0.5836 -0.8100
vn 0.1652 -0.8305 0.5320
vn 0.1748 -0.9157 -0.3618
vn 0.3148 -0.1058 0.9432
vn 0.0287 -0.9891 0.1448
vn -0.4982 -0.8658 0.0475
vn -0.6461 -0.7568 0.0993
vn 0.0366 -0.9993 0.0031
vn 0.1638 -0.0487 0.9853
vn -0.3088 -0.1873 0.9325
vn -0.6639 -0.6935 0.2797
vn 0.0023 -0.7209 -0.6930
vn 0.1276 0.7103 0.6922
vn 0.7696 0.1468 -0.6215
vn -0.6395 -0.7368 0.2195
vn 0.1517 -0.9780 0.1432
vn 0.2653 -0.7785 0.5689
vn 0.2782 -0.8019 0.5287
vn 0.1154 -0.8955 0.4299
vn 0.0992 -0.8686 0.4855
vn 0.1680 -0.8291 0.5332
vn -0.6394 -0.7628 0.0962
vn 0.1601 -0.9760 -0.1473
vn 0.1003 -0.9943 0.0368
vn 0.0742 -0.9958 0.0532
vn 0.1097 -0.9835 0.1439
vn 0.3047 -0.9411 0.1467
vn -0.6601 -0.7241 0.1999
vn -0.6690 -0.7328 0.1247
vn -0.7673 -0.5972 -0.2335
vn 0.2157 -0.9735 0.0767
vn 0.2190 -0.9676 0.1258
vn 0.0515 -0.9967 -0.0625
vn 0.3351 -0.7661 0.5484
vn 0.3990 -0.7696 0.4985
vn 0.2409 -0.0054 0.9705
vn -0.6270 -0.7676 0.1331
vn -0.8261 -0.5619 0.0429
vn -0.6327 -0.6961 -0.3392
vn -0.5365 -0.8044 0.2550
vn -0.5520 -0.8338 -0.0081
vn -0.4658 -0.8606 -0.2061
vn -0.4573 -0.8635 -0.2126
vn 0.1102 -0.8973 0.4273
vn 0.0286 -0.9995 -0.0103
vn -0.4646 -0.8644 -0.1923
vn -0.6083 -0.7888 -0.0876
vn 0.3370 -0.9212 0.1943
vn 0.4984 -0.8609 0.1018
vn 0.0936 -0.8789 0.4677
vn 0.1072 -0.9894 -0.0980
vn 0.0736 -0.9956 -0.0578
vn -0.5663 -0.8089 0.1581
vn -0.6288 -0.7468 0.2168
vn 0.8493 0.4027 0.3414
vn -0.5649 -0.6121 0.5535
vn -0.6411 -0.7109 0.2893
vn 0.3472 -0.8918 0.2900
vn 0.2557 -0.8466 0.4667
vn -0.1743 -0.2069 0.9627
vn -0.2886 -0.9563 -0.0478
vn -0.4254 -0.8912 0.1574
vn -0.5073 -0.6574 0.5572
vn -0.5500 -0.3160 0.7731
vn -0.5339 0.8451 0.0273
vn -0.5943 -0.3769 0.7105
vn -0.3490 -0.9148 -0.2033
vn 0.0871 -0.7128 -0.6960
vn 0.3398 -0.9074 0.2474
vn 0.2709 -0.8853 -0.3780
vn -0.0618 0.7135 0.6979
vn 0.1189 0.4602 0.8798
vn -0.7128 -0.6797 0.1732
vn -0.1943 -0.1986 0.9606
vn -0.8339 -0.4796 0.2731
vn 0.0230 -0.9930 0.1161
vn -0.3440 -0.8338 0.4317
vn -0.3519 -0.9353 0.0362
vn -0.2945 -0.9545 -0.0467
vn -0.3063 -0.9069 0.2894
vn -0.5141 -0.6558 0.5529
vn -0.4712 -0.4955 0.7297
vn 0.2876 -0.9193 -0.2685
vn -0.9735 -0.1719 -0.1510
vn 0.7117 0.3256 -0.6225
vn -0.3861 -0.4104 0.8261
vn -0.3819 -0.7764 0.5013
vn 0.3465 -0.9079 0.2362
vn 0.5235 0.3733 0.7659
vn 0.2401 -0.5406 0.8063
vn 0.2555 -0.6398 0.7248
vn 0.0022 -0.9968 0.0795
vn -0.6097 -0.7575 0.2333
vn 0.3998 -0.7081 0.5820
vn -0.8153 -0.4351 0.3821
vn -0.7718 -0.6286 -0.0952
vn 0.0051 -0.9980 0.0635
vn -0.2132 -0.9641 0.1583
vn -0.2636 -0.9247 0.2746
vn -0.2438 -0.4905 0.8366
vn -0.8039 -0.5727 -0.1606
vn 0.2291 -0.9525 0.2008
vn 0.3532 -0.8681 0.3489
vn 0.3359 -0.1582 0.9285
vn -0.7965 -0.0021 0.6047
vn -0.7483 -0.5028 0.4326
vn -0.0797 -0.7372 0.6709
vn -0.0722 -0.5789 0.8122
vn 0.7017 -0.6925 -0.1676
vn 0.5950 -0.7743 0.2154
vn 0.3441 -0.2090 0.9154
vn -0.7832 -0.6217 -0.0114
vn -0.6950 -0.6996 -0.1659
vn -0.6741 -0.7131 0.1929
vn -0.6864 -0.6804 0.2567
vn -0.2542 -0.8370 0.4845
vn -0.3149 -0.9480 0.0471
vn -0.2882 -0.9371 0.1968
vn -0.6005 -0.7299 -0.3266
vn 0.4877 0.5647 0.6658
vn -0.6384 -0.7646 0.0889
vn -0.8087 -0.5664 0.1586
vn -0.5752 -0.6170 0.5371
vn -0.0762 -0.9113 0.4046
vn 0.4465 -0.8568 0.2578
vn 0.5089 -0.7129 0.4824
vn -0.7733 -0.5783 0.2600
vn -0.7760 -0.5496 0.3095
vn -0.6638 -0.0226 0.7475
vn 0.0777 -0.9254 0.3709
vn -0.4316 -0.4570 0.7777
vn -0.4292 -0.4669 0.7732
vn 0.0398 -0.9893 0.1402
vn 0.6897 -0.6886 0.2239
vn -0.7031 -0.7054 -0.0898
vn -0.6876 -0.7261 0.0065
vn -0.7426 -0.6672 0.0579
vn -0.0541 -0.9918 -0.1162
vn -0.9111 -0.2391 0.3357
vn -0.8345 -0.1454 0.5315
vn -0.1631 -0.8672 0.4704
vn -0.2175 -0.7363 0.6408
vn -0.0445 -0.9942 0.0983
vn -0.6033 -0.7639 -0.2291
vn -0.6878 -0.7259 0.0070
vn 0.4349 -0.9001 0.0269
vn 0.2358 -0.9706 -0.0489
vn -0.5862 -0.2099 -0.7825
vn 0.0483 -0.9414 0.3339
vn -0.7233 -0.6833 0.0998
vn -0.4378 -0.5697 0.6955
vn -0.4004 -0.8878 -0.2268
vn -0.6172 -0.7438 0.2567
vn -0.6079 -0.7631 0.2195
vn -0.6535 -0.7101 0.2621
vn 0.1325 0.3098 -0.9415
vn 0.4479 -0.8657 0.2235
vn 0.5115 -0.8457 0.1526
vn -0.4260 -0.8935 0.1421
vn 0.0003 -0.9452 0.3265
vn -0.2680 -0.7628 0.5885
vn -0.7959 0.2816 0.5360
vn -0.8253 -0.5595 -0.0767
vn -0.3976 -0.8904 -0.2217
vn -0.4026 -0.8940 -0.1967
vn -0.4399 -0.8784 -0.1869
vn -0.6882 -0.7255 0.0065
vn -0.5764 -0.8071 0.1276
vn -0.6450 -0.6484 0.4043
vn -0.6915 -0.5856 0.4231
vn -0.6794 -0.5164 0.5213
vn -0.5742 -0.7633 -0.2960
vn -0.4213 0.7816 0.4600
vn -0.2808 -0.9531 -0.1131
vn -0.6814 -0.5877 -0.4362
vn -0.5710 -0.8186 0.0612
vn -0.5975 -0.8015 0.0248
vn -0.5943 -0.7918 0.1406
vn -0.0399 -0.9979 0.0519
vn 0.2513 -0.9348 0.2510
vn 0.0665 -0.8856 0.4597
vn -0.0731 -0.7961 0.6007
vn 0.8559 -0.0750 -0.5117
vn -0.3109 -0.9504 -0.0130
vn 0.4283 -0.8207 0.3780
vn -0.6700 -0.6790 0.3002
vn -0.5302 -0.3488 0.7728
vn 0.0341 -0.9988 0.0342
vn -0.8166 -0.1906 0.5448
vn 0.3042 -0.9123 0.2742
vn -0.0127 -0.7232 0.6905
vn -0.0807 -0.9956 -0.0473
vn -0.3142 -0.9395 -0.1367
vn -0.3882 -0.9212 0.0264
vn -0.4442 -0.8641 0.2367
vn -0.4817 -0.7898 0.3798
vn -0.5327 -0.7133 0.4555
vn -0.3518 -0.7989 0.4879
vn 0.2906 -0.8652 0.4086
vn -0.0427 -0.9990 -0.0101
vn 0.8689 -0.4931 -0.0426
vn -0.1549 -0.9465 -0.2830
vn -0.3084 -0.9442 -0.1154
vn -0.4305 -0.8629 0.2647
vn -0.5238 -0.7039 0.4797
vn -0.6203 -0.5216 0.5857
vn -0.5604 -0.6002 0.5707
vn -0.5909 -0.4145 0.6921
vn -0.9515 0.1762 0.2523
vn -0.9170 0.3820 0.1147
vn 0.5120 -0.8204 0.2546
vn 0.1910 -0.0694 0.9791
vn -0.6673 -0.0189 0.7446
vn 0.4312 -0.8302 0.3532
vn -0.2000 -0.9784 0.0530
vn -0.0697 -0.9972 0.0279
vn -0.2255 -0.9711 0.0775
vn 0.6011 -0.5558 0.5743
vn -0.5011 -0.7763 0.3825
vn -0.6423 0.7016 0.3084
vn -0.2473 -0.9385 -0.2408
vn -0.3232 -0.9346 0.1485
vn -0.4710 -0.7889 0.3947
vn -0.5060 -0.7622 0.4037
vn 0.5980 -0.6018 0.5293
vn -0.2998 -0.9334 -0.1974
vn -0.4033 -0.8445 -0.3523
vn -0.2908 -0.9436 -0.1581
vn -0.3968 -0.4644 0.7918
vn -0.2579 0.4674 -0.8456
vn -0.2100 0.6439 -0.7357
vn 0.2547 -0.9640 0.0767
vn 0.2453 -0.9500 0.1932
vn -0.0634 -0.9881 -0.1402
vn 0.0322 -0.9978 -0.0575
vn -0.0682 -0.9973 -0.0278
vn -0.0109 -0.9999 -0.0079
vn -0.1845 -0.9687 0.1663
vn -0.4988 -0.7510 0.4326
vn -0.7756 -0.5886 -0.2280
vn -0.5938 -0.7565 -0.2742
vn -0.3272 -0.9335 0.1466
vn -0.4021 -0.6420 0.6528
vn -0.3531 -0.5818 0.7327
vn -0.4072 -0.2408 0.8810
vn -0.0332 -0.9985 0.0435
vn -0.3466 -0.9265 0.1466
vn -0.2749 -0.9572 0.0909
vn -0.2910 -0.9215 0.2571
vn -0.3048 -0.9080 0.2873
vn -0.3938 -0.7283 0.5608
vn 0.0571 -0.9962 0.0652
vn -0.2467 -0.9508 0.1876
vn -0.6962 -0.6725 0.2511
vn -0.0516 0.9443 -0.3251
vn -0.2650 -0.9605 -0.0849
vn -0.2758 -0.8870 0.3703
vn -0.3474 -0.8366 0.4237
vn -0.3921 -0.7299 0.5599
vn 0.5920 -0.7913 0.1532
vn -0.3471 -0.8365 0.4241
vn -0.4070 -0.7896 0.4593
vn 0.0882 -0.6659 0.7408
vn -0.0519 -0.9881 -0.1450
vn -0.3198 -0.9459 -0.0543
vn -0.6601 -0.7296 -0.1788
vn 0.3511 -0.9202 -0.1729
vn 0.2593 -0.9642 -0.0552
vn -0.7431 0.1678 0.6478
vn 0.0044 -1.0000 -0.0063
vn -0.0015 -0.9999 0.0114
vn -0.0615 -0.9969 0.0496
vn 0.2594 -0.9630 0.0738
vn 0.2233 -0.6443 0.7314
vn -0.5273 -0.0714 -0.8467
vn -0.2149 -0.9348 0.2829
vn -0.2607 -0.8896 0.3750
vn 0.3367 -0.0775 0.9384
vn 0.2221 0.3342 0.9160
vn -0.2475 -0.8854 0.3935
vn -0.2871 -0.8531 0.4357
vn -0.2672 -0.6793 0.6835
vn -0.3143 -0.5937 0.7408
vn 0.4921 -0.6559 0.5724
vn 0.0322 -0.9993 -0.0186
vn 0.2928 0.9555 -0.0351
vn -0.2931 -0.7270 0.6209
vn -0.5083 -0.7232 0.4676
vn 0.1924 -0.6305 -0.7520
vn -0.0598 -0.9810 -0.1848
vn -0.0315 -0.9992 -0.0263
vn -0.3846 -0.7254 0.5709
vn -0.6253 -0.7799 -0.0277
vn -0.9443 -0.1499 -0.2928
vn 0.1136 -0.3086 0.9444
vn -0.3506 0.5279 0.7736
vn -0.6890 -0.6612 -0.2969
vn -0.6866 -0.6833 -0.2485
vn -0.1757 -0.9702 -0.1671
vn -0.1924 -0.9809 -0.0296
vn -0.6133 -0.7889 0.0385
vn -0.2160 -0.8331 0.5092
vn -0.2966 -0.5707 0.7657
vn -0.1386 -0.9895 -0.0415
vn -0.0500 -0.9922 -0.1143
vn -0.0123 -0.9999 -0.0078
vn -0.0082 -0.9999 -0.0074
vn 0.0083 -0.9999 0.0080
vn 0.0027 -0.9999 0.0111
vn -0.4325 -0.9016 0.0126
vn 0.0250 -0.9749 -0.2211
vn -0.0617 -0.9969 0.0493
vn -0.0165 -0.9996 0.0214
vn -0.1412 -0.9898 -0.0169
vn -0.2080 -0.8681 0.4506
vn -0.2455 -0.8237 0.5111
vn -0.1232 -0.6553 0.7452
vn -0.2122 -0.6718 0.7097
vn -0.1101 -0.5536 0.8255
vn 0.0048 -0.9998 -0.0186
vn 0.1081 -0.9342 -0.3401
vn -0.0211 -0.9993 -0.0296
vn 0.0381 -0.9991 0.0175
vn -0.0126 -0.9999 0.0071
vn -0.0999 -0.9934 0.0567
vn 0.5393 -0.6732 0.5060
vn -0.3896 -0.9208 -0.0185
vn -0.0055 -0.9992 0.0408
vn -0.0111 -0.9995 0.0279
vn -0.5245 -0.7026 0.4810
vn -0.1405 -0.9891 0.0445
vn -0.6569 -0.7472 0.1008
vn -0.2163 -0.8167 0.5350
vn 0.0379 -0.9991 0.0176
vn -0.4916 -0.7306 0.4738
vn 0.3011 -0.9495 0.0877
vn -0.1752 -0.7355 0.6545
vn 0.0036 -0.9898 0.1425
vn 0.0584 -0.9673 0.2469
vn -0.0195 -0.9992 0.0358
vn -0.5577 -0.7101 0.4298
vn -0.4127 0.3843 -0.8258
vn -0.7839 -0.6209 -0.0033
vn 0.0026 -0.5383 0.8428
vn -0.0329 -0.5778 0.8155
vn 0.0965 -0.8488 0.5199
vn 0.1870 -0.9053 0.3813
vn 0.0169 -0.9988 0.0465
vn -0.0202 -0.9992 0.0353
vn -0.6950 -0.1729 -0.6979
vn -0.6084 -0.7267 -0.3191
vn 0.0372 -0.6347 0.7718
vn -0.0326 -0.5790 0.8147
vn -0.0702 -0.4987 0.8639
vn -0.7791 -0.3346 0.5301
vn 0.2773 0.0565 0.9591
vn -0.3960 -0.5787 0.7129
vn -0.4243 -0.4249 0.7996
vn 0.0174 -0.9981 -0.0590
vn -0.1382 -0.9904 -0.0071
vn -0.0086 -0.9992 0.0385
vn -0.0881 -0.9454 0.3139
vn 0.0621 -0.9981 -0.0021
vn 0.0305 -0.9893 0.1426
vn 0.3323 -0.9343 -0.1292
vn -0.3622 -0.9240 -0.1226
vn -0.0108 -0.9995 0.0293
vn 0.0088 -0.9980 0.0618
vn 0.0216 -0.9992 0.0324
vn 0.0177 -0.9993 0.0343
vn -0.0357 -0.9806 0.1929
vn -0.0817 -0.8870 0.4546
vn -0.2895 -0.3149 0.9039
vn 0.1098 -0.9937 -0.0231
vn -0.3708 -0.3639 0.8544
vn -0.0115 -0.8998 0.4361
vn 0.1642 -0.8946 0.4156
vn -0.0158 -0.9982 0.0580
vn 0.0120 -0.9998 0.0133
vn 0.4184 -0.8978 -0.1378
vn 0.2359 -0.2992 -0.9246
vn -0.2412 -0.4051 0.8819
vn 0.3018 -0.9196 0.2514
vn 0.1075 -0.9941 -0.0141
vn -0.0472 -0.9986 0.0254
vn 0.0112 -0.9997 0.0199
vn 0.0256 -0.9997 -0.0065
vn 0.0170 -0.9998 0.0143
vn 0.1727 -0.6192 0.7660
vn -0.0060 -0.9998 0.0198
vn 0.0057 -0.9991 0.0421
vn 0.0709 -0.9890 0.1300
vn 0.1180 -0.2080 0.9710
vn -0.0473 -0.9979 0.0444
vn 0.2321 -0.9676 -0.0991
vn 0.0397 -0.9979 0.0518
vn -0.0224 -0.9985 0.0501
vn -0.2518 -0.9206 0.2984
vn -0.2485 -0.9619 0.1143
vn -0.1306 -0.9914 -0.0070
vn -0.6602 -0.7343 0.1580
vn -0.2946 -0.9237 0.2451
vn -0.3375 -0.9339 0.1176
vn -0.4392 -0.8812 0.1752
vn 0.0010 -1.0000 0.0094
vn -0.0073 -0.9999 -0.0148
vn -0.0014 -0.9993 -0.0364
vn 0.0380 -0.9991 0.0176
vn -0.0037 -0.9999 0.0162
vn 0.0255 -0.9994 -0.0244
vn 0.0010 -0.9999 0.0123
vn 0.0127 -0.9990 0.0423
vn -0.1060 -0.9899 0.0939
vn -0.0448 -0.9942 0.0976
vn 0.0671 -0.9960 0.0596
vn 0.0197 -0.9944 0.1034
vn 0.0446 -0.9990 -0.0055
vn -0.0267 -0.9995 -0.0195
vn 0.0469 -0.9988 0.0137
vn 0.0721 -0.9967 0.0373
vn 0.0462 -0.9986 0.0253
vn -0.0786 -0.9922 -0.0972
vn -0.0027 -1.0000 0.0086
vn -0.0245 -0.9990 -0.0368
vn -0.0392 -0.9975 -0.0581
vn 0.0710 -0.9970 0.0308
vn -0.0085 -0.9999 0.0126
vn 0.0284 -0.9992 0.0275
s 0
f 1069//1 1647//1 1578//1
f 1058//2 909//2 939//2
f 421//3 1176//3 238//3
f 1055//4 1101//4 1042//4
f 238//5 1059//5 1126//5
f 1254//6 30//6 1261//6
f 1065//7 1071//7 1//7
f 1037//8 1130//8 1120//8
f 1570//9 2287//9 1585//9
f 2335//10 2403//10 2374//10
f 1632//11 1654//11 1646//11
f 1144//12 1166//12 669//12
f 1202//13 1440//13 305//13
f 1071//14 1090//14 1//14
f 1555//15 1570//15 1584//15
f 1184//16 1174//16 404//16
f 65//17 432//17 12//17
f 1032//18 1085//18 574//18
f 1789//19 2197//19 2203//19
f 1154//20 1118//20 1184//20
f 1141//21 1086//21 1154//21
f 99//22 1117//22 342//22
f 404//23 1174//23 419//23
f 489//24 2000//24 1998//24
f 1118//25 1174//25 1184//25
f 1196//26 403//26 136//26
f 1495//27 717//27 1490//27
f 1804//28 402//28 1207//28
f 2222//29 1398//29 891//29
f 1100//30 1002//30 804//30
f 1596//31 1595//31 2287//31
f 208//32 420//32 1207//32
f 402//33 208//33 1207//33
f 1455//34 1935//34 1925//34
f 1176//35 1059//35 238//35
f 1150//36 1040//36 348//36
f 1957//37 1537//37 2051//37
f 1124//38 1189//38 939//38
f 1804//39 1207//39 1823//39
f 1381//40 1300//40 1109//40
f 383//41 384//41 1182//41
f 1085//42 1086//42 1141//42
f 1040//43 1046//43 132//43
f 220//44 1495//44 1188//44
f 420//45 261//45 1207//45
f 261//46 420//46 1065//46
f 1055//47 1133//47 1101//47
f 1054//48 421//48 403//48
f 182//49 1109//49 2//49
f 1181//50 1207//50 320//50
f 545//51 1570//51 1561//51
f 35//52 342//52 432//52
f 1024//53 574//53 1141//53
f 432//54 342//54 12//54
f 1489//55 1081//55 1547//55
f 1181//56 320//56 1805//56
f 1516//57 1683//57 1507//57
f 357//58 1117//58 1047//58
f 1561//59 1570//59 1555//59
f 1090//60 1196//60 1206//60
f 1047//61 1203//61 1051//61
f 1165//62 202//62 1121//62
f 1099//63 341//63 301//63
f 1174//64 240//64 419//64
f 922//65 921//65 833//65
f 1121//66 1080//66 385//66
f 815//67 21//67 1183//67
f 35//68 99//68 342//68
f 1083//69 398//69 262//69
f 106//70 94//70 1317//70
f 94//71 292//71 1317//71
f 292//72 95//72 1317//72
f 940//73 1039//73 1033//73
f 1300//74 1306//74 433//74
f 21//75 212//75 471//75
f 1120//76 1131//76 1037//76
f 833//77 921//77 688//77
f 1117//78 357//78 342//78
f 106//79 271//79 94//79
f 386//80 227//80 1375//80
f 1130//81 1044//81 1053//81
f 419//82 240//82 219//82
f 1255//83 1244//83 32//83
f 1557//84 1081//84 1489//84
f 2062//85 2120//85 2109//85
f 2034//86 2110//86 430//86
f 23//87 315//87 1111//87
f 291//88 94//88 271//88
f 291//89 292//89 94//89
f 50//90 386//90 95//90
f 964//91 734//91 665//91
f 1616//92 1585//92 1611//92
f 445//93 1084//93 402//93
f 574//94 1085//94 1141//94
f 1654//95 341//95 1653//95
f 220//96 1188//96 1640//96
f 342//97 69//97 12//97
f 417//98 261//98 328//98
f 292//99 50//99 95//99
f 204//100 227//100 386//100
f 50//101 204//101 386//101
f 1276//102 1471//102 1311//102
f 1206//103 1196//103 136//103
f 1033//104 1055//104 1042//104
f 1037//105 1044//105 1130//105
f 1180//106 320//106 417//106
f 1121//107 202//107 1080//107
f 325//108 203//108 271//108
f 291//109 76//109 292//109
f 292//110 237//110 50//110
f 2159//111 1696//111 1767//111
f 583//112 929//112 850//112
f 1584//113 1585//113 1616//113
f 1495//114 1490//114 1188//114
f 1557//115 1489//115 1660//115
f 1078//116 1069//116 1494//116
f 1972//117 1992//117 1971//117
f 183//118 1226//118 2000//118
f 325//119 429//119 203//119
f 292//120 76//120 237//120
f 1152//121 227//121 1143//121
f 1488//122 1412//122 1489//122
f 1638//123 1646//123 1653//123
f 1947//124 1869//124 2369//124
f 203//125 306//125 291//125
f 306//126 76//126 291//126
f 237//127 248//127 50//127
f 204//128 1143//128 227//128
f 2299//129 14//129 429//129
f 1502//130 881//130 2401//130
f 1//131 1090//131 202//131
f 1652//132 1653//132 1099//132
f 2117//133 1863//133 2397//133
f 50//134 248//134 204//134
f 160//135 792//135 994//135
f 884//136 888//136 857//136
f 544//137 2117//137 2397//137
f 1090//138 1206//138 202//138
f 2364//139 879//139 2393//139
f 429//140 306//140 203//140
f 498//141 188//141 418//141
f 865//142 884//142 857//142
f 994//143 998//143 1014//143
f 884//144 897//144 888//144
f 1795//145 948//145 1802//145
f 208//146 1035//146 1071//146
f 1065//147 1//147 1066//147
f 377//148 435//148 1377//148
f 304//149 429//149 14//149
f 304//150 306//150 429//150
f 73//151 60//151 74//151
f 248//152 592//152 204//152
f 846//153 2220//153 829//153
f 897//154 912//154 906//154
f 1004//155 991//155 992//155
f 1422//156 1421//156 1233//156
f 980//157 10//157 303//157
f 1058//158 922//158 909//158
f 2337//159 2350//159 2319//159
f 394//160 435//160 377//160
f 435//161 475//161 446//161
f 475//162 474//162 446//162
f 336//163 337//163 361//163
f 338//164 235//164 372//164
f 624//165 148//165 129//165
f 812//166 306//166 596//166
f 1726//167 992//167 1019//167
f 945//168 1514//168 1511//168
f 1069//169 1627//169 1628//169
f 1812//170 1823//170 1181//170
f 1165//171 1121//171 169//171
f 447//172 475//172 435//172
f 2388//173 2359//173 901//173
f 42//174 59//174 46//174
f 401//175 7//175 187//175
f 1010//176 970//176 797//176
f 1513//177 220//177 1640//177
f 2375//178 2392//178 2363//178
f 594//179 307//179 1014//179
f 398//180 1513//180 1640//180
f 307//181 594//181 1026//181
f 545//182 2287//182 1570//182
f 403//183 421//183 238//183
f 445//184 402//184 127//184
f 1611//185 1631//185 1616//185
f 1805//186 1180//186 1148//186
f 394//187 447//187 435//187
f 75//188 74//188 60//188
f 541//189 47//189 42//189
f 47//190 59//190 42//190
f 541//191 42//191 28//191
f 917//192 931//192 1103//192
f 897//193 906//193 883//193
f 2385//194 2068//194 779//194
f 888//195 883//195 857//195
f 261//196 1065//196 328//196
f 363//197 1307//197 349//197
f 377//198 363//198 394//198
f 444//199 747//199 464//199
f 323//200 338//200 362//200
f 92//201 116//201 74//201
f 592//202 634//202 97//202
f 982//203 1027//203 1004//203
f 1020//204 982//204 1004//204
f 1084//205 1054//205 1035//205
f 208//206 402//206 1084//206
f 421//207 1119//207 1176//207
f 1207//208 1181//208 1823//208
f 1179//209 1187//209 1160//209
f 263//210 296//210 1343//210
f 1298//211 296//211 1307//211
f 1307//212 296//212 349//212
f 405//213 363//213 349//213
f 405//214 394//214 363//214
f 405//215 447//215 394//215
f 362//216 372//216 384//216
f 338//217 372//217 362//217
f 983//218 1004//218 987//218
f 122//219 134//219 139//219
f 415//220 440//220 414//220
f 75//221 92//221 74//221
f 226//222 186//222 246//222
f 796//223 787//223 700//223
f 1119//224 1059//224 1176//224
f 122//225 114//225 91//225
f 624//226 129//226 116//226
f 641//227 558//227 631//227
f 1311//228 1318//228 1487//228
f 100//229 1162//229 1170//229
f 1653//230 341//230 1099//230
f 1316//231 1983//231 273//231
f 263//232 277//232 296//232
f 296//233 358//233 349//233
f 436//234 447//234 405//234
f 109//235 554//235 570//235
f 504//236 1385//236 2402//236
f 115//237 122//237 91//237
f 2068//238 2361//238 779//238
f 43//239 777//239 163//239
f 378//240 405//240 349//240
f 358//241 378//241 349//241
f 448//242 447//242 436//242
f 448//243 476//243 447//243
f 78//244 77//244 108//244
f 75//245 60//245 47//245
f 1764//246 2382//246 1795//246
f 717//247 714//247 1512//247
f 1490//248 717//248 1501//248
f 238//249 1126//249 168//249
f 1878//250 1866//250 826//250
f 2025//251 2269//251 2275//251
f 251//252 278//252 263//252
f 278//253 277//253 263//253
f 277//254 318//254 296//254
f 296//255 318//255 358//255
f 318//256 350//256 358//256
f 378//257 436//257 405//257
f 384//258 372//258 1182//258
f 454//259 440//259 415//259
f 987//260 1004//260 992//260
f 493//261 476//261 448//261
f 323//262 788//262 338//262
f 403//263 238//263 136//263
f 1565//264 1503//264 1474//264
f 297//265 277//265 278//265
f 297//266 318//266 277//266
f 358//267 350//267 378//267
f 378//268 388//268 436//268
f 476//269 493//269 500//269
f 73//270 105//270 60//270
f 323//271 337//271 312//271
f 953//272 1573//272 2267//272
f 142//273 161//273 119//273
f 454//274 443//274 440//274
f 1862//275 1871//275 1405//275
f 297//276 319//276 318//276
f 560//277 47//277 541//277
f 170//278 1323//278 111//278
f 357//279 1047//279 1050//279
f 1119//280 98//280 1059//280
f 1838//281 1877//281 1900//281
f 2268//282 230//282 251//282
f 350//283 364//283 378//283
f 449//284 448//284 436//284
f 449//285 493//285 448//285
f 185//286 186//286 226//286
f 443//287 469//287 479//287
f 874//288 165//288 2381//288
f 463//289 444//289 464//289
f 64//290 105//290 91//290
f 1182//291 440//291 1129//291
f 1958//292 1651//292 2403//292
f 1238//293 2034//293 191//293
f 251//294 279//294 278//294
f 278//295 279//295 297//295
f 364//296 388//296 378//296
f 483//297 493//297 449//297
f 134//298 148//298 139//298
f 244//299 268//299 259//299
f 910//300 942//300 930//300
f 105//301 115//301 91//301
f 24//302 30//302 18//302
f 1132//303 487//303 1059//303
f 1869//304 1947//304 2021//304
f 2398//305 2395//305 2364//305
f 2268//306 2291//306 230//306
f 230//307 280//307 251//307
f 251//308 280//308 279//308
f 279//309 308//309 297//309
f 297//310 308//310 319//310
f 319//311 364//311 318//311
f 364//312 350//312 318//312
f 388//313 395//313 436//313
f 436//314 395//314 449//314
f 493//315 472//315 500//315
f 122//316 129//316 134//316
f 125//317 142//317 124//317
f 373//318 400//318 393//318
f 24//319 557//319 30//319
f 2220//320 2226//320 2214//320
f 1261//321 30//321 1269//321
f 1730//322 1862//322 1877//322
f 252//323 280//323 230//323
f 343//324 364//324 319//324
f 364//325 343//325 388//325
f 63//326 64//326 91//326
f 399//327 393//327 416//327
f 416//328 444//328 463//328
f 162//329 189//329 142//329
f 768//330 373//330 326//330
f 189//331 661//331 177//331
f 189//332 199//332 661//332
f 847//333 887//333 864//333
f 533//334 747//334 444//334
f 1744//335 1022//335 1418//335
f 1170//336 524//336 729//336
f 121//337 1342//337 128//337
f 1236//338 1244//338 26//338
f 280//339 281//339 279//339
f 281//340 308//340 279//340
f 343//341 319//341 308//341
f 343//342 365//342 388//342
f 388//343 365//343 395//343
f 365//344 406//344 395//344
f 406//345 449//345 395//345
f 483//346 477//346 493//346
f 477//347 491//347 472//347
f 493//348 477//348 472//348
f 78//349 109//349 77//349
f 166//350 174//350 196//350
f 481//351 150//351 814//351
f 63//352 59//352 64//352
f 326//353 373//353 393//353
f 643//354 260//354 43//354
f 230//355 253//355 252//355
f 449//356 441//356 483//356
f 441//357 477//357 483//357
f 415//358 416//358 463//358
f 226//359 246//359 245//359
f 464//360 470//360 454//360
f 323//361 362//361 337//361
f 52//362 37//362 1283//362
f 253//363 281//363 252//363
f 281//364 280//364 252//364
f 309//365 308//365 281//365
f 330//366 343//366 308//366
f 366//367 365//367 343//367
f 441//368 449//368 406//368
f 464//369 814//369 15//369
f 883//370 906//370 887//370
f 337//371 362//371 371//371
f 479//372 498//372 290//372
f 247//373 746//373 1003//373
f 25//374 37//374 557//374
f 640//375 930//375 669//375
f 2387//376 2400//376 2360//376
f 309//377 330//377 308//377
f 343//378 330//378 366//378
f 441//379 437//379 477//379
f 290//380 498//380 418//380
f 124//381 119//381 108//381
f 77//382 124//382 108//382
f 589//383 125//383 109//383
f 570//384 589//384 109//384
f 125//385 162//385 142//385
f 1045//386 433//386 1034//386
f 1207//387 261//387 320//387
f 2004//388 2375//388 2396//388
f 1215//389 1228//389 2229//389
f 365//390 396//390 406//390
f 396//391 422//391 406//391
f 422//392 437//392 441//392
f 406//393 422//393 441//393
f 59//394 47//394 60//394
f 51//395 78//395 66//395
f 361//396 371//396 383//396
f 196//397 215//397 214//397
f 463//398 454//398 415//398
f 27//399 41//399 535//399
f 53//400 1283//400 37//400
f 84//401 1299//401 1283//401
f 1805//402 320//402 1180//402
f 254//403 253//403 222//403
f 254//404 281//404 253//404
f 309//405 366//405 330//405
f 396//406 365//406 366//406
f 456//407 477//407 437//407
f 484//408 491//408 477//408
f 2381//409 2386//409 2394//409
f 418//410 188//410 187//410
f 53//411 85//411 1283//411
f 85//412 84//412 1283//412
f 420//413 1071//413 1065//413
f 264//414 281//414 254//414
f 298//415 309//415 281//415
f 368//416 366//416 367//416
f 368//417 396//417 366//417
f 1639//418 1564//418 1139//418
f 560//419 48//419 47//419
f 82//420 471//420 212//420
f 25//421 38//421 37//421
f 202//422 1206//422 1080//422
f 264//423 298//423 281//423
f 298//424 331//424 309//424
f 309//425 331//425 366//425
f 331//426 367//426 366//426
f 396//427 368//427 422//427
f 422//428 456//428 437//428
f 491//429 1192//429 313//429
f 1699//430 2064//430 1710//430
f 462//431 443//431 479//431
f 371//432 362//432 384//432
f 2403//433 2377//433 2365//433
f 371//434 384//434 383//434
f 21//435 732//435 212//435
f 1571//436 1629//436 1627//436
f 38//437 39//437 53//437
f 37//438 38//438 53//438
f 39//439 85//439 53//439
f 1173//440 1184//440 404//440
f 1006//441 2142//441 1674//441
f 201//442 255//442 254//442
f 255//443 264//443 254//443
f 368//444 407//444 422//444
f 450//445 456//445 422//445
f 450//446 484//446 456//446
f 456//447 484//447 477//447
f 314//448 1192//448 491//448
f 2027//449 2402//449 2390//449
f 2376//450 2372//450 2389//450
f 551//451 492//451 732//451
f 464//452 481//452 814//452
f 1081//453 1494//453 1547//453
f 201//454 231//454 255//454
f 407//455 450//455 422//455
f 484//456 494//456 491//456
f 494//457 327//457 491//457
f 327//458 314//458 491//458
f 876//459 797//459 995//459
f 847//460 856//460 829//460
f 125//461 143//461 162//461
f 134//462 129//462 148//462
f 1564//463 1571//463 1627//463
f 417//464 320//464 261//464
f 328//465 1065//465 1066//465
f 170//466 156//466 201//466
f 156//467 231//467 201//467
f 231//468 282//468 255//468
f 282//469 264//469 255//469
f 450//470 485//470 484//470
f 484//471 485//471 494//471
f 2364//472 2387//472 2380//472
f 159//473 185//473 167//473
f 492//474 68//474 212//474
f 732//475 492//475 212//475
f 68//476 82//476 212//476
f 1311//477 1471//477 1296//477
f 101//478 156//478 111//478
f 332//479 264//479 282//479
f 332//480 298//480 264//480
f 332//481 331//481 298//481
f 331//482 332//482 367//482
f 407//483 423//483 450//483
f 450//484 423//484 485//484
f 804//485 1002//485 1443//485
f 2385//486 779//486 946//486
f 689//487 443//487 462//487
f 440//488 689//488 1129//488
f 166//489 167//489 174//489
f 38//490 31//490 39//490
f 112//491 145//491 101//491
f 101//492 145//492 156//492
f 156//493 256//493 231//493
f 332//494 423//494 368//494
f 367//495 332//495 368//495
f 368//496 423//496 407//496
f 946//497 779//497 920//497
f 1432//498 1261//498 1449//498
f 461//499 478//499 453//499
f 464//500 15//500 470//500
f 31//501 54//501 39//501
f 39//502 54//502 85//502
f 86//503 101//503 85//503
f 145//504 210//504 156//504
f 282//505 283//505 332//505
f 283//506 369//506 332//506
f 369//507 423//507 332//507
f 423//508 408//508 485//508
f 854//509 876//509 965//509
f 78//510 108//510 66//510
f 440//511 443//511 689//511
f 374//512 2366//512 961//512
f 929//513 519//513 979//513
f 54//514 86//514 85//514
f 156//515 241//515 256//515
f 256//516 282//516 231//516
f 256//517 283//517 282//517
f 389//518 423//518 369//518
f 389//519 408//519 423//519
f 408//520 457//520 485//520
f 457//521 49//521 485//521
f 485//522 49//522 494//522
f 494//523 135//523 327//523
f 175//524 83//524 314//524
f 1167//525 1140//525 1483//525
f 196//526 174//526 215//526
f 697//527 16//527 68//527
f 1038//528 82//528 16//528
f 140//529 117//529 141//529
f 1654//530 1653//530 1646//530
f 1234//531 54//531 31//531
f 86//532 112//532 101//532
f 210//533 241//533 156//533
f 923//534 917//534 911//534
f 697//535 34//535 16//535
f 145//536 193//536 210//536
f 256//537 265//537 283//537
f 265//538 310//538 283//538
f 283//539 310//539 369//539
f 310//540 344//540 369//540
f 344//541 370//541 369//541
f 370//542 389//542 369//542
f 409//543 408//543 389//543
f 409//544 466//544 408//544
f 466//545 457//545 408//545
f 466//546 49//546 457//546
f 49//547 135//547 494//547
f 174//548 225//548 215//548
f 1014//549 766//549 602//549
f 826//550 2201//550 2200//550
f 1078//551 1494//551 1081//551
f 1273//552 70//552 86//552
f 120//553 112//553 86//553
f 146//554 145//554 112//554
f 146//555 193//555 145//555
f 265//556 256//556 241//556
f 223//557 265//557 241//557
f 486//558 49//558 466//558
f 175//559 327//559 135//559
f 105//560 122//560 115//560
f 480//561 15//561 681//561
f 225//562 234//562 215//562
f 731//563 34//563 697//563
f 86//564 54//564 1273//564
f 70//565 120//565 86//565
f 193//566 241//566 210//566
f 299//567 310//567 265//567
f 310//568 333//568 344//568
f 344//569 351//569 370//569
f 424//570 466//570 409//570
f 135//571 49//571 175//571
f 214//572 215//572 234//572
f 48//573 75//573 47//573
f 34//574 9//574 1038//574
f 16//575 34//575 1038//575
f 203//576 291//576 271//576
f 9//577 558//577 754//577
f 1195//578 397//578 1120//578
f 120//579 146//579 112//579
f 146//580 194//580 193//580
f 266//581 265//581 223//581
f 266//582 299//582 265//582
f 299//583 333//583 310//583
f 333//584 351//584 344//584
f 382//585 383//585 392//585
f 399//586 416//586 415//586
f 266//587 333//587 299//587
f 351//588 352//588 370//588
f 424//589 486//589 466//589
f 487//590 175//590 49//590
f 7//591 117//591 187//591
f 1182//592 414//592 440//592
f 41//593 42//593 46//593
f 290//594 289//594 497//594
f 2403//595 2365//595 2374//595
f 372//596 399//596 414//596
f 1570//597 1585//597 1584//597
f 1066//598 1//598 1165//598
f 1//599 202//599 1165//599
f 120//600 70//600 102//600
f 157//601 146//601 120//601
f 194//602 223//602 193//602
f 223//603 241//603 193//603
f 352//604 379//604 370//604
f 370//605 379//605 389//605
f 410//606 409//606 389//606
f 2379//607 1409//607 1958//607
f 806//608 945//608 1002//608
f 157//609 194//609 146//609
f 267//610 266//610 223//610
f 267//611 333//611 266//611
f 379//612 410//612 389//612
f 410//613 438//613 409//613
f 438//614 424//614 409//614
f 190//615 205//615 143//615
f 337//616 371//616 361//616
f 2200//617 830//617 826//617
f 1631//618 1646//618 1638//618
f 102//619 157//619 120//619
f 157//620 195//620 194//620
f 195//621 223//621 194//621
f 195//622 211//622 223//622
f 223//623 211//623 267//623
f 267//624 300//624 333//624
f 300//625 334//625 351//625
f 333//626 300//626 351//626
f 351//627 334//627 352//627
f 410//628 411//628 438//628
f 438//629 486//629 424//629
f 487//630 49//630 486//630
f 875//631 594//631 989//631
f 108//632 581//632 66//632
f 225//633 245//633 244//633
f 312//634 336//634 335//634
f 151//635 754//635 107//635
f 274//636 1386//636 300//636
f 352//637 334//637 379//637
f 923//638 1729//638 1096//638
f 244//639 245//639 268//639
f 463//640 464//640 454//640
f 414//641 399//641 415//641
f 15//642 480//642 470//642
f 1647//643 1069//643 1078//643
f 909//644 922//644 833//644
f 387//645 417//645 328//645
f 133//646 157//646 102//646
f 1314//647 133//647 102//647
f 133//648 195//648 157//648
f 1148//649 1179//649 1160//649
f 1046//650 1167//650 182//650
f 379//651 411//651 410//651
f 792//652 339//652 229//652
f 391//653 7//653 668//653
f 185//654 226//654 174//654
f 461//655 290//655 497//655
f 2027//656 504//656 2402//656
f 1196//657 1054//657 403//657
f 728//658 1019//658 752//658
f 2360//659 2384//659 2362//659
f 1291//660 1264//660 55//660
f 133//661 1356//661 195//661
f 195//662 1356//662 211//662
f 412//663 438//663 411//663
f 4//664 486//664 438//664
f 458//665 4//665 438//665
f 4//666 487//666 486//666
f 1720//667 1572//667 1771//667
f 245//668 275//668 268//668
f 1869//669 2021//669 2059//669
f 235//670 399//670 372//670
f 64//671 60//671 105//671
f 836//672 2393//672 879//672
f 1315//673 133//673 1314//673
f 1331//674 1382//674 1356//674
f 1310//675 926//675 1128//675
f 7//676 1121//676 117//676
f 119//677 161//677 611//677
f 380//678 379//678 334//678
f 379//679 380//679 411//679
f 467//680 4//680 458//680
f 495//681 487//681 4//681
f 495//682 1126//682 487//682
f 416//683 400//683 533//683
f 479//684 469//684 498//684
f 74//685 116//685 73//685
f 478//686 461//686 497//686
f 393//687 400//687 416//687
f 61//688 1291//688 55//688
f 505//689 1999//689 2375//689
f 1999//690 2392//690 2375//690
f 199//691 189//691 36//691
f 1164//692 1165//692 169//692
f 1179//693 387//693 249//693
f 390//694 411//694 380//694
f 411//695 390//695 412//695
f 458//696 438//696 412//696
f 495//697 168//697 1126//697
f 480//698 469//698 470//698
f 116//699 122//699 105//699
f 418//700 187//700 140//700
f 185//701 174//701 167//701
f 166//702 148//702 167//702
f 470//703 469//703 443//703
f 40//704 55//704 32//704
f 61//705 71//705 1291//705
f 71//706 103//706 1291//706
f 1184//707 1173//707 1154//707
f 634//708 514//708 97//708
f 425//709 458//709 412//709
f 917//710 923//710 931//710
f 2373//711 2390//711 853//711
f 754//712 641//712 567//712
f 44//713 567//713 1163//713
f 454//714 470//714 443//714
f 40//715 32//715 1249//715
f 33//716 40//716 1249//716
f 56//717 55//717 40//717
f 56//718 61//718 55//718
f 451//719 1265//719 439//719
f 1180//720 417//720 1179//720
f 1099//721 301//721 1077//721
f 1189//722 1058//722 939//722
f 1059//723 221//723 1132//723
f 598//724 1074//724 1075//724
f 412//725 426//725 425//725
f 650//726 186//726 185//726
f 234//727 244//727 259//727
f 226//728 245//728 225//728
f 1033//729 1042//729 1030//729
f 2393//730 836//730 247//730
f 7//731 169//731 1121//731
f 1462//732 1322//732 1482//732
f 425//733 467//733 458//733
f 496//734 4//734 467//734
f 1751//735 2369//735 2381//735
f 290//736 418//736 140//736
f 326//737 789//737 762//737
f 142//738 177//738 161//738
f 165//739 1751//739 2381//739
f 87//740 103//740 71//740
f 103//741 87//741 104//741
f 1180//742 1179//742 1148//742
f 417//743 387//743 1179//743
f 2081//744 2060//744 2031//744
f 1154//745 1173//745 1141//745
f 181//746 131//746 197//746
f 442//747 425//747 426//747
f 614//748 144//748 143//748
f 876//749 1010//749 797//749
f 40//750 45//750 56//750
f 56//751 45//751 61//751
f 87//752 71//752 61//752
f 1563//753 1437//753 1590//753
f 1121//754 385//754 117//754
f 1148//755 1160//755 1137//755
f 1449//756 1459//756 1439//756
f 1028//757 2363//757 929//757
f 442//758 459//758 425//758
f 459//759 467//759 425//759
f 168//760 495//760 4//760
f 496//761 168//761 4//761
f 1763//762 1403//762 1444//762
f 140//763 187//763 117//763
f 244//764 234//764 225//764
f 246//765 740//765 269//765
f 372//766 414//766 1182//766
f 40//767 547//767 45//767
f 45//768 62//768 61//768
f 62//769 87//769 61//769
f 87//770 88//770 104//770
f 1084//771 517//771 1054//771
f 387//772 328//772 1064//772
f 2368//773 2398//773 2386//773
f 286//774 1363//774 302//774
f 205//775 189//775 162//775
f 290//776 140//776 289//776
f 214//777 234//777 224//777
f 393//778 399//778 809//778
f 315//779 1131//779 397//779
f 302//780 321//780 353//780
f 1164//781 169//781 391//781
f 427//782 459//782 442//782
f 217//783 496//783 467//783
f 217//784 168//784 496//784
f 978//785 969//785 2074//785
f 361//786 383//786 382//786
f 269//787 276//787 245//787
f 1440//788 11//788 305//788
f 62//789 88//789 87//789
f 328//790 1066//790 1064//790
f 1066//791 1165//791 1164//791
f 242//792 287//792 302//792
f 1363//793 242//793 302//793
f 287//794 321//794 302//794
f 1179//795 249//795 1187//795
f 983//796 1020//796 1004//796
f 464//797 747//797 481//797
f 788//798 323//798 276//798
f 269//799 245//799 246//799
f 88//800 89//800 1325//800
f 171//801 172//801 242//801
f 360//802 353//802 321//802
f 360//803 1354//803 353//803
f 1057//804 1064//804 1164//804
f 2184//805 2188//805 2183//805
f 460//806 459//806 451//806
f 460//807 467//807 459//807
f 149//808 168//808 217//808
f 149//809 136//809 168//809
f 116//810 129//810 122//810
f 109//811 124//811 77//811
f 159//812 167//812 148//812
f 28//813 42//813 41//813
f 57//814 88//814 62//814
f 45//815 57//815 62//815
f 1336//816 1325//816 89//816
f 89//817 72//817 1336//817
f 147//818 172//818 171//818
f 172//819 258//819 242//819
f 258//820 257//820 242//820
f 257//821 287//821 242//821
f 257//822 321//822 287//822
f 345//823 360//823 321//823
f 360//824 381//824 1354//824
f 1069//825 938//825 1655//825
f 387//826 473//826 249//826
f 270//827 217//827 467//827
f 130//828 136//828 149//828
f 851//829 847//829 829//829
f 983//830 987//830 975//830
f 189//831 177//831 142//831
f 88//832 72//832 89//832
f 184//833 258//833 172//833
f 257//834 288//834 321//834
f 1265//835 451//835 459//835
f 270//836 149//836 217//836
f 226//837 225//837 174//837
f 27//838 28//838 41//838
f 109//839 125//839 124//839
f 547//840 57//840 45//840
f 57//841 58//841 88//841
f 88//842 58//842 72//842
f 2377//843 2385//843 2359//843
f 147//844 184//844 172//844
f 184//845 213//845 258//845
f 258//846 243//846 257//846
f 243//847 288//847 257//847
f 345//848 321//848 288//848
f 391//849 169//849 7//849
f 468//850 460//850 451//850
f 468//851 488//851 460//851
f 270//852 467//852 460//852
f 488//853 270//853 460//853
f 1206//854 136//854 130//854
f 481//855 793//855 150//855
f 143//856 205//856 162//856
f 142//857 119//857 124//857
f 58//858 90//858 72//858
f 90//859 128//859 72//859
f 147//860 173//860 184//860
f 173//861 213//861 184//861
f 213//862 233//862 258//862
f 258//863 233//863 243//863
f 354//864 360//864 345//864
f 354//865 381//865 360//865
f 1026//866 991//866 307//866
f 268//867 312//867 259//867
f 1206//868 130//868 1080//868
f 116//869 105//869 73//869
f 139//870 148//870 166//870
f 275//871 312//871 268//871
f 188//872 401//872 187//872
f 2380//873 2360//873 2362//873
f 58//874 63//874 90//874
f 1064//875 1066//875 1164//875
f 1064//876 473//876 387//876
f 288//877 311//877 345//877
f 311//878 354//878 345//878
f 996//879 994//879 307//879
f 452//880 468//880 439//880
f 452//881 478//881 468//881
f 478//882 488//882 468//882
f 141//883 130//883 149//883
f 1564//884 1639//884 1563//884
f 547//885 41//885 57//885
f 2081//886 2107//886 2060//886
f 382//887 381//887 354//887
f 497//888 270//888 488//888
f 289//889 149//889 270//889
f 289//890 141//890 149//890
f 114//891 122//891 139//891
f 59//892 60//892 64//892
f 275//893 323//893 312//893
f 401//894 668//894 7//894
f 41//895 46//895 57//895
f 57//896 46//896 58//896
f 1459//897 1345//897 1269//897
f 1342//898 121//898 158//898
f 166//899 173//899 158//899
f 213//900 224//900 233//900
f 233//901 259//901 243//901
f 243//902 322//902 288//902
f 322//903 311//903 288//903
f 453//904 478//904 452//904
f 497//905 289//905 270//905
f 912//906 911//906 906//906
f 276//907 323//907 275//907
f 276//908 275//908 245//908
f 46//909 63//909 58//909
f 90//910 121//910 128//910
f 173//911 214//911 213//911
f 213//912 214//912 224//912
f 259//913 322//913 243//913
f 336//914 311//914 322//914
f 336//915 354//915 311//915
f 361//916 382//916 354//916
f 1043//917 439//917 1290//917
f 497//918 488//918 478//918
f 385//919 130//919 141//919
f 385//920 1080//920 130//920
f 144//921 190//921 143//921
f 535//922 41//922 547//922
f 121//923 166//923 158//923
f 335//924 336//924 322//924
f 354//925 336//925 361//925
f 2004//926 2382//926 1764//926
f 698//927 439//927 1043//927
f 289//928 140//928 141//928
f 923//929 1096//929 931//929
f 650//930 185//930 159//930
f 46//931 59//931 63//931
f 63//932 91//932 90//932
f 90//933 114//933 121//933
f 121//934 139//934 166//934
f 173//935 196//935 214//935
f 259//936 335//936 322//936
f 2379//937 2403//937 2335//937
f 312//938 337//938 336//938
f 90//939 91//939 114//939
f 114//940 139//940 121//940
f 166//941 196//941 173//941
f 224//942 234//942 233//942
f 234//943 259//943 233//943
f 259//944 312//944 335//944
f 1124//945 916//945 1189//945
f 542//946 541//946 530//946
f 462//947 479//947 290//947
f 269//948 783//948 276//948
f 813//949 567//949 641//949
f 276//950 783//950 788//950
f 82//951 1038//951 1333//951
f 816//952 701//952 703//952
f 672//953 137//953 603//953
f 625//954 635//954 624//954
f 2358//955 2340//955 1973//955
f 767//956 533//956 529//956
f 2369//957 1869//957 2381//957
f 662//958 190//958 639//958
f 711//959 720//959 719//959
f 630//960 639//960 614//960
f 161//961 654//961 638//961
f 781//962 991//962 982//962
f 1227//963 31//963 516//963
f 648//964 639//964 630//964
f 630//965 614//965 590//965
f 2098//966 544//966 1899//966
f 578//967 579//967 586//967
f 697//968 492//968 551//968
f 529//969 533//969 400//969
f 869//970 859//970 870//970
f 1732//971 924//971 914//971
f 1004//972 1027//972 991//972
f 801//973 591//973 603//973
f 636//974 676//974 651//974
f 876//975 949//975 965//975
f 2197//976 1789//976 1859//976
f 76//977 739//977 237//977
f 188//978 681//978 15//978
f 578//979 604//979 599//979
f 797//980 616//980 995//980
f 510//981 2035//981 1365//981
f 76//982 812//982 617//982
f 617//983 739//983 76//983
f 1468//984 93//984 1765//984
f 596//985 546//985 812//985
f 1457//986 1305//986 1477//986
f 760//987 197//987 150//987
f 671//988 773//988 765//988
f 586//989 609//989 604//989
f 591//990 700//990 632//990
f 476//991 2241//991 474//991
f 2084//992 2027//992 2390//992
f 582//993 590//993 571//993
f 1555//994 2350//994 1996//994
f 674//995 546//995 596//995
f 812//996 655//996 617//996
f 161//997 177//997 661//997
f 599//998 604//998 636//998
f 700//999 787//999 576//999
f 776//1000 675//1000 572//1000
f 776//1001 674//1001 675//1001
f 617//1002 634//1002 739//1002
f 591//1003 632//1003 649//1003
f 612//1004 546//1004 674//1004
f 617//1005 655//1005 634//1005
f 728//1006 752//1006 706//1006
f 571//1007 2240//1007 2237//1007
f 775//1008 674//1008 776//1008
f 775//1009 612//1009 674//1009
f 612//1010 628//1010 546//1010
f 546//1011 628//1011 812//1011
f 812//1012 628//1012 655//1012
f 620//1013 630//1013 615//1013
f 620//1014 648//1014 630//1014
f 667//1015 653//1015 646//1015
f 810//1016 782//1016 785//1016
f 150//1017 197//1017 814//1017
f 534//1018 1517//1018 2000//1018
f 702//1019 572//1019 2284//1019
f 748//1020 776//1020 572//1020
f 655//1021 613//1021 634//1021
f 911//1022 917//1022 905//1022
f 648//1023 679//1023 662//1023
f 727//1024 771//1024 713//1024
f 750//1025 807//1025 799//1025
f 639//1026 190//1026 144//1026
f 662//1027 679//1027 200//1027
f 702//1028 748//1028 572//1028
f 775//1029 776//1029 748//1029
f 628//1030 718//1030 655//1030
f 626//1031 658//1031 645//1031
f 791//1032 778//1032 790//1032
f 612//1033 811//1033 628//1033
f 613//1034 514//1034 634//1034
f 1380//1035 1756//1035 1673//1035
f 570//1036 590//1036 614//1036
f 720//1037 741//1037 719//1037
f 1074//1038 795//1038 835//1038
f 614//1039 639//1039 144//1039
f 612//1040 775//1040 811//1040
f 718//1041 735//1041 655//1041
f 655//1042 735//1042 613//1042
f 798//1043 338//1043 788//1043
f 636//1044 652//1044 676//1044
f 571//1045 590//1045 555//1045
f 528//1046 730//1046 687//1046
f 690//1047 702//1047 2241//1047
f 476//1048 690//1048 2241//1048
f 811//1049 718//1049 628//1049
f 721//1050 778//1050 727//1050
f 748//1051 702//1051 690//1051
f 735//1052 686//1052 613//1052
f 1517//1053 2002//1053 2127//1053
f 654//1054 685//1054 667//1054
f 569//1055 588//1055 606//1055
f 513//1056 531//1056 538//1056
f 538//1057 549//1057 548//1057
f 549//1058 553//1058 548//1058
f 550//1059 588//1059 549//1059
f 1903//1060 869//1060 870//1060
f 691//1061 775//1061 748//1061
f 691//1062 600//1062 775//1062
f 600//1063 811//1063 775//1063
f 811//1064 563//1064 718//1064
f 563//1065 736//1065 718//1065
f 718//1066 736//1066 735//1066
f 736//1067 647//1067 735//1067
f 735//1068 647//1068 686//1068
f 686//1069 745//1069 613//1069
f 745//1070 514//1070 613//1070
f 569//1071 606//1071 605//1071
f 654//1072 667//1072 638//1072
f 851//1073 857//1073 847//1073
f 588//1074 569//1074 549//1074
f 690//1075 691//1075 748//1075
f 680//1076 514//1076 745//1076
f 2127//1077 2002//1077 2094//1077
f 747//1078 701//1078 481//1078
f 400//1079 373//1079 529//1079
f 600//1080 536//1080 811//1080
f 536//1081 563//1081 811//1081
f 1306//1082 227//1082 1152//1082
f 522//1083 24//1083 18//1083
f 523//1084 24//1084 522//1084
f 865//1085 857//1085 851//1085
f 2031//1086 2060//1086 1540//1086
f 767//1087 701//1087 747//1087
f 618//1088 652//1088 609//1088
f 652//1089 636//1089 609//1089
f 573//1090 22//1090 710//1090
f 642//1091 699//1091 730//1091
f 1522//1092 1518//1092 2377//1092
f 500//1093 629//1093 691//1093
f 690//1094 500//1094 691//1094
f 691//1095 629//1095 600//1095
f 780//1096 644//1096 641//1096
f 579//1097 578//1097 561//1097
f 131//1098 668//1098 197//1098
f 197//1099 668//1099 814//1099
f 789//1100 809//1100 798//1100
f 622//1101 760//1101 150//1101
f 621//1102 563//1102 536//1102
f 673//1103 745//1103 686//1103
f 673//1104 818//1104 745//1104
f 818//1105 680//1105 745//1105
f 680//1106 96//1106 514//1106
f 2396//1107 2363//1107 1028//1107
f 1028//1108 583//1108 575//1108
f 663//1109 794//1109 664//1109
f 629//1110 761//1110 600//1110
f 761//1111 757//1111 600//1111
f 600//1112 757//1112 536//1112
f 621//1113 696//1113 563//1113
f 755//1114 736//1114 563//1114
f 696//1115 755//1115 563//1115
f 633//1116 736//1116 755//1116
f 633//1117 647//1117 736//1117
f 623//1118 686//1118 647//1118
f 633//1119 623//1119 647//1119
f 686//1120 623//1120 673//1120
f 819//1121 680//1121 818//1121
f 680//1122 819//1122 96//1122
f 1729//1123 1677//1123 1096//1123
f 2383//1124 1899//1124 2372//1124
f 537//1125 536//1125 757//1125
f 536//1126 537//1126 621//1126
f 673//1127 819//1127 818//1127
f 2329//1128 222//1128 230//1128
f 25//1129 24//1129 523//1129
f 25//1130 557//1130 24//1130
f 38//1131 25//1131 19//1131
f 710//1132 22//1132 272//1132
f 663//1133 759//1133 794//1133
f 1120//1134 878//1134 1195//1134
f 537//1135 696//1135 621//1135
f 696//1136 633//1136 755//1136
f 822//1137 2200//1137 2201//1137
f 97//1138 96//1138 1053//1138
f 750//1139 784//1139 743//1139
f 887//1140 905//1140 864//1140
f 768//1141 784//1141 373//1141
f 512//1142 513//1142 548//1142
f 573//1143 664//1143 22//1143
f 696//1144 715//1144 633//1144
f 673//1145 521//1145 819//1145
f 2355//1146 2354//1146 2346//1146
f 883//1147 887//1147 847//1147
f 306//1148 812//1148 76//1148
f 642//1149 528//1149 759//1149
f 798//1150 809//1150 235//1150
f 994//1151 792//1151 998//1151
f 587//1152 626//1152 586//1152
f 1900//1153 1918//1153 1937//1153
f 645//1154 652//1154 618//1154
f 537//1155 786//1155 696//1155
f 521//1156 593//1156 819//1156
f 515//1157 19//1157 523//1157
f 741//1158 749//1158 719//1158
f 789//1159 326//1159 809//1159
f 539//1160 581//1160 550//1160
f 657//1161 777//1161 723//1161
f 684//1162 713//1162 660//1162
f 692//1163 712//1163 720//1163
f 652//1164 666//1164 692//1164
f 507//1165 761//1165 629//1165
f 472//1166 507//1166 629//1166
f 507//1167 757//1167 761//1167
f 623//1168 633//1168 673//1168
f 724//1169 521//1169 673//1169
f 515//1170 516//1170 19//1170
f 304//1171 675//1171 674//1171
f 178//1172 778//1172 721//1172
f 947//1173 1447//1173 2267//1173
f 626//1174 645//1174 618//1174
f 586//1175 626//1175 618//1175
f 784//1176 768//1176 742//1176
f 753//1177 537//1177 757//1177
f 537//1178 753//1178 786//1178
f 724//1179 981//1179 521//1179
f 521//1180 981//1180 593//1180
f 979//1181 559//1181 850//1181
f 637//1182 660//1182 677//1182
f 787//1183 631//1183 576//1183
f 141//1184 117//1184 385//1184
f 809//1185 399//1185 235//1185
f 641//1186 754//1186 558//1186
f 542//1187 553//1187 561//1187
f 742//1188 768//1188 762//1188
f 444//1189 416//1189 533//1189
f 528//1190 687//1190 796//1190
f 813//1191 598//1191 566//1191
f 1490//1192 1501//1192 1557//1192
f 753//1193 757//1193 507//1193
f 786//1194 715//1194 696//1194
f 633//1195 724//1195 673//1195
f 2090//1196 2062//1196 2109//1196
f 646//1197 653//1197 660//1197
f 660//1198 694//1198 683//1198
f 677//1199 660//1199 683//1199
f 1872//1200 839//1200 838//1200
f 1224//1201 18//1201 30//1201
f 326//1202 393//1202 809//1202
f 799//1203 529//1203 373//1203
f 313//1204 507//1204 472//1204
f 715//1205 774//1205 633//1205
f 974//1206 699//1206 841//1206
f 703//1207 820//1207 816//1207
f 692//1208 711//1208 676//1208
f 1014//1209 355//1209 766//1209
f 875//1210 752//1210 1019//1210
f 627//1211 646//1211 660//1211
f 711//1212 692//1212 720//1212
f 652//1213 692//1213 676//1213
f 799//1214 373//1214 784//1214
f 813//1215 566//1215 567//1215
f 2363//1216 2383//1216 2376//1216
f 764//1217 644//1217 780//1217
f 1479//1218 1924//1218 1916//1218
f 753//1219 738//1219 786//1219
f 738//1220 607//1220 786//1220
f 786//1221 607//1221 715//1221
f 715//1222 524//1222 774//1222
f 633//1223 774//1223 724//1223
f 559//1224 979//1224 672//1224
f 758//1225 798//1225 783//1225
f 683//1226 694//1226 705//1226
f 820//1227 703//1227 562//1227
f 764//1228 687//1228 644//1228
f 744//1229 743//1229 725//1229
f 313//1230 753//1230 507//1230
f 607//1231 524//1231 715//1231
f 664//1232 801//1232 22//1232
f 646//1233 627//1233 610//1233
f 800//1234 820//1234 562//1234
f 750//1235 769//1235 807//1235
f 767//1236 747//1236 533//1236
f 578//1237 586//1237 604//1237
f 862//1238 593//1238 981//1238
f 688//1239 2288//1239 1083//1239
f 306//1240 304//1240 674//1240
f 738//1241 584//1241 607//1241
f 168//1242 136//1242 238//1242
f 773//1243 552//1243 765//1243
f 2374//1244 2365//1244 2359//1244
f 773//1245 793//1245 552//1245
f 626//1246 619//1246 658//1246
f 1007//1247 1139//1247 1013//1247
f 562//1248 529//1248 799//1248
f 744//1249 750//1249 743//1249
f 659//1250 683//1250 693//1250
f 677//1251 683//1251 659//1251
f 313//1252 737//1252 753//1252
f 753//1253 737//1253 738//1253
f 607//1254 729//1254 524//1254
f 27//1255 518//1255 28//1255
f 553//1256 569//1256 580//1256
f 657//1257 163//1257 777//1257
f 580//1258 569//1258 605//1258
f 789//1259 798//1259 758//1259
f 769//1260 562//1260 807//1260
f 820//1261 671//1261 816//1261
f 638//1262 646//1262 611//1262
f 1074//1263 598//1263 644//1263
f 750//1264 799//1264 784//1264
f 1931//1265 907//1265 898//1265
f 2384//1266 2388//1266 2362//1266
f 737//1267 584//1267 738//1267
f 1439//1268 1438//1268 1431//1268
f 2098//1269 1213//1269 544//1269
f 48//1270 578//1270 75//1270
f 796//1271 631//1271 787//1271
f 815//1272 732//1272 21//1272
f 581//1273 588//1273 550//1273
f 625//1274 636//1274 651//1274
f 778//1275 1011//1275 810//1275
f 693//1276 705//1276 725//1276
f 693//1277 683//1277 705//1277
f 236//1278 1921//1278 1966//1278
f 584//1279 729//1279 607//1279
f 2208//1280 1866//1280 2204//1280
f 530//1281 541//1281 28//1281
f 237//1282 739//1282 248//1282
f 512//1283 530//1283 28//1283
f 727//1284 778//1284 771//1284
f 684//1285 727//1285 713//1285
f 2208//1286 2201//1286 826//1286
f 542//1287 561//1287 560//1287
f 528//1288 796//1288 700//1288
f 808//1289 785//1289 671//1289
f 739//1290 592//1290 248//1290
f 895//1291 905//1291 896//1291
f 740//1292 246//1292 186//1292
f 272//1293 137//1293 979//1293
f 770//1294 769//1294 744//1294
f 712//1295 742//1295 720//1295
f 1213//1296 2026//1296 544//1296
f 1888//1297 1235//1297 2339//1297
f 555//1298 554//1298 2240//1298
f 737//1299 313//1299 1192//1299
f 1585//1300 1612//1300 1611//1300
f 695//1301 721//1301 685//1301
f 518//1302 17//1302 28//1302
f 769//1303 770//1303 562//1303
f 719//1304 749//1304 740//1304
f 648//1305 669//1305 679//1305
f 773//1306 657//1306 723//1306
f 606//1307 637//1307 619//1307
f 2072//1308 2062//1308 2042//1308
f 606//1309 619//1309 626//1309
f 549//1310 569//1310 553//1310
f 161//1311 638//1311 611//1311
f 910//1312 917//1312 942//1312
f 917//1313 1103//1313 942//1313
f 991//1314 1026//1314 992//1314
f 979//1315 137//1315 672//1315
f 785//1316 163//1316 657//1316
f 710//1317 2389//1317 2373//1317
f 611//1318 581//1318 119//1318
f 808//1319 671//1319 820//1319
f 1820//1320 1900//1320 1870//1320
f 759//1321 700//1321 591//1321
f 637//1322 677//1322 619//1322
f 2395//1323 2391//1323 2364//1323
f 671//1324 765//1324 816//1324
f 687//1325 764//1325 780//1325
f 1019//1326 992//1326 1026//1326
f 1726//1327 1719//1327 987//1327
f 713//1328 771//1328 694//1328
f 51//1329 2264//1329 78//1329
f 510//1330 526//1330 525//1330
f 525//1331 526//1331 1249//1331
f 526//1332 33//1332 1249//1332
f 2240//1333 554//1333 2250//1333
f 827//1334 848//1334 840//1334
f 603//1335 591//1335 649//1335
f 758//1336 269//1336 740//1336
f 1595//1337 1612//1337 1586//1337
f 1694//1338 1048//1338 1699//1338
f 682//1339 740//1339 186//1339
f 22//1340 801//1340 603//1340
f 555//1341 570//1341 554//1341
f 1053//1342 110//1342 97//1342
f 615//1343 582//1343 601//1343
f 814//1344 668//1344 188//1344
f 725//1345 705//1345 744//1345
f 528//1346 700//1346 759//1346
f 640//1347 648//1347 620//1347
f 703//1348 701//1348 562//1348
f 886//1349 892//1349 582//1349
f 631//1350 731//1350 576//1350
f 1087//1351 1835//1351 1747//1351
f 882//1352 864//1352 895//1352
f 956//1353 950//1353 1103//1353
f 1502//1354 2401//1354 2371//1354
f 205//1355 190//1355 200//1355
f 815//1356 878//1356 616//1356
f 616//1357 878//1357 995//1357
f 1183//1358 878//1358 815//1358
f 1601//1359 1827//1359 881//1359
f 527//1360 535//1360 526//1360
f 2184//1361 2183//1361 2175//1361
f 1142//1362 1125//1362 1133//1362
f 235//1363 338//1363 798//1363
f 160//1364 339//1364 792//1364
f 599//1365 92//1365 75//1365
f 598//1366 1116//1366 566//1366
f 631//1367 558//1367 731//1367
f 771//1368 770//1368 744//1368
f 730//1369 528//1369 642//1369
f 841//1370 699//1370 642//1370
f 668//1371 401//1371 188//1371
f 510//1372 527//1372 526//1372
f 749//1373 758//1373 740//1373
f 706//1374 721//1374 695//1374
f 694//1375 726//1375 705//1375
f 694//1376 744//1376 726//1376
f 906//1377 911//1377 905//1377
f 661//1378 695//1378 161//1378
f 708//1379 815//1379 616//1379
f 535//1380 547//1380 33//1380
f 794//1381 759//1381 591//1381
f 778//1382 808//1382 790//1382
f 269//1383 758//1383 783//1383
f 771//1384 744//1384 694//1384
f 800//1385 808//1385 820//1385
f 571//1386 886//1386 582//1386
f 854//1387 948//1387 1010//1387
f 906//1377 905//1377 887//1377
f 625//1388 651//1388 635//1388
f 2000//1389 1226//1389 534//1389
f 2140//1390 1504//1390 2016//1390
f 601//1391 620//1391 615//1391
f 620//1392 601//1392 640//1392
f 648//1393 640//1393 669//1393
f 698//1394 452//1394 439//1394
f 671//1395 785//1395 657//1395
f 1561//1396 2265//1396 545//1396
f 685//1397 653//1397 667//1397
f 685//1398 727//1398 684//1398
f 568//1399 616//1399 797//1399
f 708//1400 732//1400 815//1400
f 93//1401 229//1401 339//1401
f 865//1402 851//1402 839//1402
f 942//1403 1103//1403 950//1403
f 589//1404 614//1404 125//1404
f 606//1405 610//1405 627//1405
f 951//1406 834//1406 873//1406
f 92//1407 599//1407 625//1407
f 1878//1408 830//1408 1902//1408
f 2383//1409 2098//1409 1899//1409
f 568//1410 708//1410 616//1410
f 708//1411 551//1411 732//1411
f 2335//1412 2388//1412 2384//1412
f 160//1413 964//1413 665//1413
f 762//1414 758//1414 749//1414
f 570//1415 614//1415 589//1415
f 888//1416 897//1416 883//1416
f 2000//1417 1517//1417 1388//1417
f 685//1418 721//1418 727//1418
f 588//1419 610//1419 606//1419
f 653//1420 685//1420 684//1420
f 651//1421 650//1421 635//1421
f 760//1422 1151//1422 6//1422
f 793//1423 622//1423 150//1423
f 651//1424 676//1424 650//1424
f 744//1425 769//1425 750//1425
f 541//1426 542//1426 560//1426
f 476//1427 500//1427 690//1427
f 473//1428 1064//1428 1057//1428
f 561//1429 578//1429 560//1429
f 636//1430 625//1430 599//1430
f 876//1431 995//1431 949//1431
f 829//1432 856//1432 846//1432
f 682//1433 704//1433 740//1433
f 791//1434 790//1434 770//1434
f 2367//1435 2401//1435 2361//1435
f 579//1436 587//1436 586//1436
f 1352//1437 1208//1437 1095//1437
f 1684//1438 1479//1438 1916//1438
f 604//1439 609//1439 636//1439
f 751//1440 721//1440 706//1440
f 810//1441 608//1441 782//1441
f 672//1442 603//1442 649//1442
f 475//1443 447//1443 476//1443
f 794//1444 591//1444 801//1444
f 682//1445 186//1445 650//1445
f 808//1446 800//1446 790//1446
f 644//1447 598//1447 813//1447
f 704//1448 719//1448 740//1448
f 1011//1449 608//1449 810//1449
f 1192//1450 584//1450 737//1450
f 687//1451 780//1451 796//1451
f 2252//1452 474//1452 2241//1452
f 638//1453 667//1453 646//1453
f 706//1454 1186//1454 728//1454
f 733//1455 575//1455 568//1455
f 595//1456 551//1456 708//1456
f 595//1457 540//1457 551//1457
f 1308//1458 501//1458 1852//1458
f 665//1459 339//1459 160//1459
f 527//1460 2348//1460 535//1460
f 558//1461 9//1461 731//1461
f 723//1462 793//1462 773//1462
f 660//1463 713//1463 694//1463
f 693//1464 725//1464 666//1464
f 562//1465 767//1465 529//1465
f 550//1466 538//1466 531//1466
f 996//1467 964//1467 160//1467
f 2068//1468 2371//1468 2367//1468
f 704//1469 711//1469 719//1469
f 741//1470 762//1470 749//1470
f 605//1471 606//1471 626//1471
f 548//1472 542//1472 530//1472
f 995//1473 878//1473 709//1473
f 1898//1474 1684//1474 1916//1474
f 778//1475 791//1475 771//1475
f 782//1476 163//1476 785//1476
f 789//1477 758//1477 762//1477
f 857//1478 883//1478 847//1478
f 733//1479 970//1479 1028//1479
f 838//1480 829//1480 825//1480
f 2348//1481 511//1481 535//1481
f 22//1482 603//1482 137//1482
f 705//1483 726//1483 744//1483
f 605//1484 587//1484 580//1484
f 512//1485 548//1485 530//1485
f 743//1486 784//1486 742//1486
f 790//1487 800//1487 770//1487
f 778//1488 810//1488 808//1488
f 1014//1489 998//1489 355//1489
f 708//1490 568//1490 595//1490
f 656//1491 697//1491 551//1491
f 540//1492 656//1492 551//1492
f 143//1493 125//1493 614//1493
f 1000//1494 1020//1494 983//1494
f 778//1495 178//1495 1011//1495
f 676//1496 704//1496 682//1496
f 637//1497 627//1497 660//1497
f 606//1498 627//1498 637//1498
f 701//1499 552//1499 481//1499
f 808//1500 810//1500 785//1500
f 590//1501 570//1501 555//1501
f 716//1502 595//1502 568//1502
f 2264//1503 2250//1503 554//1503
f 912//1504 1729//1504 911//1504
f 1076//1505 1456//1505 1546//1505
f 697//1506 68//1506 492//1506
f 676//1507 711//1507 704//1507
f 839//1508 851//1508 838//1508
f 1028//1509 575//1509 733//1509
f 1020//1510 844//1510 982//1510
f 716//1511 568//1511 575//1511
f 844//1512 781//1512 982//1512
f 1238//1513 2156//1513 2034//1513
f 553//1514 580//1514 561//1514
f 580//1515 579//1515 561//1515
f 452//1516 461//1516 453//1516
f 560//1517 578//1517 48//1517
f 564//1518 540//1518 595//1518
f 632//1519 656//1519 540//1519
f 564//1520 632//1520 540//1520
f 75//1521 578//1521 599//1521
f 518//1522 27//1522 535//1522
f 511//1523 518//1523 535//1523
f 783//1524 798//1524 788//1524
f 642//1525 759//1525 663//1525
f 720//1526 742//1526 741//1526
f 605//1527 626//1527 587//1527
f 580//1528 587//1528 579//1528
f 725//1529 712//1529 666//1529
f 562//1530 701//1530 767//1530
f 1729//1531 923//1531 911//1531
f 712//1532 743//1532 742//1532
f 619//1533 677//1533 658//1533
f 161//1534 695//1534 654//1534
f 770//1535 800//1535 562//1535
f 2084//1536 2390//1536 2373//1536
f 575//1537 559//1537 716//1537
f 716//1538 564//1538 595//1538
f 654//1539 695//1539 685//1539
f 843//1540 855//1540 2064//1540
f 34//1541 731//1541 9//1541
f 527//1542 510//1542 1973//1542
f 723//1543 622//1543 793//1543
f 992//1544 1726//1544 987//1544
f 693//1545 666//1545 652//1545
f 2373//1546 853//1546 573//1546
f 624//1547 159//1547 148//1547
f 671//1548 657//1548 773//1548
f 681//1549 188//1549 498//1549
f 797//1550 970//1550 733//1550
f 565//1551 656//1551 632//1551
f 565//1552 697//1552 656//1552
f 565//1553 731//1553 697//1553
f 1949//1554 951//1554 920//1554
f 85//1555 111//1555 84//1555
f 662//1556 200//1556 190//1556
f 44//1557 324//1557 754//1557
f 33//1558 547//1558 40//1558
f 658//1559 693//1559 652//1559
f 658//1560 652//1560 645//1560
f 664//1561 794//1561 801//1561
f 666//1562 712//1562 692//1562
f 639//1563 648//1563 662//1563
f 611//1564 646//1564 610//1564
f 850//1565 559//1565 575//1565
f 1447//1566 2391//1566 1106//1566
f 1972//1567 1955//1567 1935//1567
f 582//1568 615//1568 590//1568
f 66//1569 581//1569 539//1569
f 780//1570 641//1570 631//1570
f 796//1571 780//1571 631//1571
f 1049//1572 1192//1572 83//1572
f 1348//1573 13//1573 1519//1573
f 799//1574 807//1574 562//1574
f 581//1575 611//1575 588//1575
f 687//1576 795//1576 644//1576
f 663//1577 8//1577 642//1577
f 1936//1578 1972//1578 1935//1578
f 650//1579 676//1579 682//1579
f 615//1580 630//1580 590//1580
f 730//1581 795//1581 687//1581
f 742//1582 762//1582 741//1582
f 548//1583 553//1583 542//1583
f 1048//1584 1692//1584 1074//1584
f 658//1585 659//1585 693//1585
f 37//1586 52//1586 30//1586
f 611//1587 610//1587 588//1587
f 649//1588 632//1588 564//1588
f 565//1589 576//1589 731//1589
f 2138//1590 922//1590 1058//1590
f 1204//1591 854//1591 965//1591
f 725//1592 743//1592 712//1592
f 644//1593 813//1593 641//1593
f 660//1594 653//1594 684//1594
f 771//1595 791//1595 770//1595
f 644//1596 795//1596 1074//1596
f 469//1597 480//1597 681//1597
f 559//1598 672//1598 564//1598
f 716//1599 559//1599 564//1599
f 672//1600 649//1600 564//1600
f 2161//1601 1378//1601 2171//1601
f 474//1602 475//1602 476//1602
f 816//1603 765//1603 701//1603
f 765//1604 552//1604 701//1604
f 513//1605 538//1605 548//1605
f 754//1606 324//1606 107//1606
f 609//1607 586//1607 618//1607
f 25//1608 523//1608 19//1608
f 677//1609 659//1609 658//1609
f 689//1610 452//1610 698//1610
f 1334//1611 1115//1611 1353//1611
f 700//1612 565//1612 632//1612
f 700//1613 576//1613 565//1613
f 481//1614 552//1614 793//1614
f 763//1615 901//1615 2359//1615
f 550//1616 549//1616 538//1616
f 781//1617 964//1617 996//1617
f 1596//1618 1634//1618 1595//1618
f 198//1619 916//1619 1124//1619
f 198//1620 1124//1620 341//1620
f 842//1621 973//1621 1025//1621
f 842//1622 1025//1622 836//1622
f 1009//1623 1024//1623 934//1623
f 573//1624 710//1624 2373//1624
f 1100//1625 971//1625 1002//1625
f 1501//1626 1081//1626 1557//1626
f 1225//1627 1219//1627 955//1627
f 413//1628 2138//1628 284//1628
f 955//1629 1630//1629 522//1629
f 341//1630 1124//1630 301//1630
f 1107//1631 218//1631 284//1631
f 398//1632 925//1632 1513//1632
f 1513//1633 1442//1633 1495//1633
f 1935//1634 1455//1634 1744//1634
f 1723//1635 1935//1635 1744//1635
f 825//1636 1872//1636 838//1636
f 1495//1637 1442//1637 1496//1637
f 963//1638 1024//1638 1009//1638
f 1511//1639 1514//1639 966//1639
f 1775//1640 1729//1640 912//1640
f 688//1641 262//1641 1067//1641
f 714//1642 1007//1642 1512//1642
f 919//1643 1732//1643 914//1643
f 2244//1644 2248//1644 2236//1644
f 2304//1645 2311//1645 2297//1645
f 1674//1646 2164//1646 1780//1646
f 843//1647 927//1647 899//1647
f 1660//1648 988//1648 1188//1648
f 1067//1649 262//1649 1640//1649
f 1381//1650 1109//1650 1483//1650
f 1437//1651 1381//1651 1483//1651
f 2396//1652 1010//1652 948//1652
f 1514//1653 1289//1653 1313//1653
f 899//1654 374//1654 961//1654
f 1438//1655 1430//1655 1422//1655
f 1634//1656 1095//1656 1632//1656
f 2388//1657 973//1657 2362//1657
f 1003//1658 499//1658 874//1658
f 849//1659 848//1659 827//1659
f 1430//1660 1462//1660 1453//1660
f 2397//1661 2084//1661 2372//1661
f 909//1662 10//1662 980//1662
f 730//1663 927//1663 835//1663
f 2031//1664 1540//1664 1536//1664
f 831//1665 849//1665 2178//1665
f 881//1666 834//1666 951//1666
f 1841//1667 1722//1667 1803//1667
f 1005//1668 670//1668 1020//1668
f 1021//1669 670//1669 1005//1669
f 1869//1670 2059//1670 2368//1670
f 903//1671 902//1671 1939//1671
f 2377//1672 2403//1672 1651//1672
f 853//1673 8//1673 573//1673
f 1850//1674 831//1674 2178//1674
f 934//1675 746//1675 247//1675
f 934//1676 65//1676 746//1676
f 301//1677 285//1677 1077//1677
f 968//1678 944//1678 977//1678
f 970//1679 2396//1679 1028//1679
f 974//1680 2366//1680 374//1680
f 899//1681 927//1681 374//1681
f 1882//1682 1898//1682 1916//1682
f 1613//1683 1634//1683 1596//1683
f 909//1684 833//1684 1396//1684
f 2393//1685 247//1685 1003//1685
f 919//1686 914//1686 1931//1686
f 1459//1687 1299//1687 1458//1687
f 1634//1688 1632//1688 1633//1688
f 844//1689 670//1689 228//1689
f 2395//1690 2398//1690 2368//1690
f 901//1691 973//1691 2388//1691
f 228//1692 1772//1692 734//1692
f 1701//1693 1709//1693 1666//1693
f 963//1694 574//1694 1024//1694
f 847//1695 864//1695 856//1695
f 1730//1696 1736//1696 2210//1696
f 870//1697 859//1697 848//1697
f 2074//1698 2111//1698 2103//1698
f 1140//1699 1590//1699 1483//1699
f 927//1700 730//1700 974//1700
f 2103//1701 978//1701 2074//1701
f 756//1702 1745//1702 1718//1702
f 848//1703 859//1703 840//1703
f 1296//1704 1482//1704 1320//1704
f 2248//1705 51//1705 66//1705
f 1067//1706 988//1706 962//1706
f 1396//1707 833//1707 1445//1707
f 1001//1708 1005//1708 1000//1708
f 901//1709 1009//1709 973//1709
f 1099//1710 1077//1710 817//1710
f 933//1711 944//1711 936//1711
f 952//1712 958//1712 1828//1712
f 988//1713 1660//1713 986//1713
f 833//1714 1067//1714 1445//1714
f 1067//1715 1640//1715 988//1715
f 218//1716 413//1716 284//1716
f 1843//1717 180//1717 347//1717
f 1846//1718 1708//1718 1798//1718
f 2370//1719 2378//1719 855//1719
f 1006//1720 1021//1720 1005//1720
f 381//1721 382//1721 250//1721
f 2276//1722 828//1722 531//1722
f 968//1723 977//1723 1001//1723
f 2361//1724 1949//1724 779//1724
f 1194//1725 1441//1725 1115//1725
f 1001//1726 1000//1726 968//1726
f 756//1727 678//1727 1745//1727
f 963//1728 1009//1728 901//1728
f 2372//1729 2084//1729 2373//1729
f 841//1730 642//1730 8//1730
f 982//1731 991//1731 1027//1731
f 670//1732 844//1732 1020//1732
f 1289//1733 1514//1733 945//1733
f 869//1734 904//1734 890//1734
f 1161//1735 1115//1735 1639//1735
f 823//1736 2178//1736 849//1736
f 746//1737 12//1737 499//1737
f 263//1738 428//1738 2274//1738
f 1685//1739 1075//1739 1692//1739
f 1002//1740 926//1740 806//1740
f 1799//1741 1755//1741 216//1741
f 944//1742 968//1742 993//1742
f 943//1743 944//1743 993//1743
f 31//1744 38//1744 19//1744
f 531//1745 828//1745 550//1745
f 1501//1746 1078//1746 1081//1746
f 1921//1747 1149//1747 431//1747
f 936//1748 943//1748 932//1748
f 1660//1749 1489//1749 1412//1749
f 301//1750 980//1750 285//1750
f 903//1751 918//1751 902//1751
f 869//1752 890//1752 868//1752
f 890//1753 903//1753 867//1753
f 1003//1754 746//1754 499//1754
f 951//1755 1949//1755 2401//1755
f 990//1756 841//1756 853//1756
f 1595//1757 1634//1757 1611//1757
f 374//1758 927//1758 974//1758
f 836//1759 1025//1759 247//1759
f 1653//1760 1652//1760 1638//1760
f 1303//1761 1545//1761 1142//1761
f 1616//1762 1631//1762 1638//1762
f 1629//1763 1546//1763 1628//1763
f 936//1764 932//1764 913//1764
f 513//1765 506//1765 531//1765
f 868//1766 890//1766 867//1766
f 2247//1767 2276//1767 2262//1767
f 924//1768 918//1768 914//1768
f 907//1769 914//1769 904//1769
f 1258//1770 1421//1770 1267//1770
f 301//1771 939//1771 980//1771
f 1472//1772 1482//1772 1296//1772
f 868//1773 867//1773 859//1773
f 472//1774 491//1774 313//1774
f 272//1775 519//1775 2389//1775
f 1471//1776 1472//1776 1296//1776
f 1025//1777 934//1777 247//1777
f 1634//1778 1633//1778 1611//1778
f 2176//1779 1847//1779 2177//1779
f 1310//1780 1289//1780 806//1780
f 924//1781 933//1781 918//1781
f 1969//1782 1968//1782 902//1782
f 2107//1783 2128//1783 2118//1783
f 1428//1784 1436//1784 1287//1784
f 1139//1785 1564//1785 1617//1785
f 2284//1786 572//1786 2290//1786
f 853//1787 841//1787 8//1787
f 2402//1788 961//1788 2366//1788
f 1221//1789 1240//1789 1408//1789
f 1069//1790 1578//1790 1627//1790
f 1006//1791 1005//1791 1001//1791
f 1617//1792 1564//1792 1578//1792
f 828//1793 539//1793 550//1793
f 1791//1794 2168//1794 2160//1794
f 1829//1795 1718//1795 1739//1795
f 1968//1796 1939//1796 902//1796
f 756//1797 1718//1797 665//1797
f 1998//1798 2000//1798 1388//1798
f 2352//1799 545//1799 2265//1799
f 178//1800 997//1800 1011//1800
f 1275//1801 325//1801 1270//1801
f 1709//1802 872//1802 1666//1802
f 2176//1803 1959//1803 1847//1803
f 944//1804 943//1804 936//1804
f 2325//1805 518//1805 511//1805
f 1445//1806 1067//1806 962//1806
f 2007//1807 952//1807 1828//1807
f 2052//1808 2061//1808 2081//1808
f 828//1809 2235//1809 539//1809
f 835//1810 1699//1810 1048//1810
f 1709//1811 1706//1811 872//1811
f 885//1812 574//1812 963//1812
f 1318//1704 1296//1704 1320//1704
f 859//1813 867//1813 1902//1813
f 1452//1814 1448//1814 1421//1814
f 943//1815 993//1815 976//1815
f 993//1816 1000//1816 983//1816
f 854//1817 1010//1817 876//1817
f 988//1818 986//1818 962//1818
f 2031//1819 2052//1819 2081//1819
f 924//1820 1732//1820 1828//1820
f 965//1821 949//1821 1060//1821
f 781//1822 228//1822 734//1822
f 1718//1823 1765//1823 665//1823
f 943//1824 976//1824 932//1824
f 1680//1825 1794//1825 1783//1825
f 1448//1826 1471//1826 1276//1826
f 1276//1827 1267//1827 1421//1827
f 1931//1828 914//1828 907//1828
f 991//1829 781//1829 996//1829
f 1276//1830 1421//1830 1448//1830
f 10//1831 909//1831 1396//1831
f 831//1832 860//1832 849//1832
f 1523//1833 1762//1833 1774//1833
f 924//1834 1828//1834 937//1834
f 307//1835 994//1835 1014//1835
f 946//1836 963//1836 901//1836
f 978//1837 2103//1837 977//1837
f 977//1838 1006//1838 1001//1838
f 1007//1839 1161//1839 1639//1839
f 1639//1840 1294//1840 1437//1840
f 885//1841 1032//1841 574//1841
f 1294//1842 1381//1842 1437//1842
f 733//1843 568//1843 797//1843
f 792//1844 229//1844 1112//1844
f 119//1845 581//1845 108//1845
f 843//1846 835//1846 927//1846
f 1889//1847 860//1847 831//1847
f 2304//1848 2332//1848 2323//1848
f 2103//1849 1006//1849 977//1849
f 840//1850 1902//1850 830//1850
f 827//1851 840//1851 830//1851
f 827//1852 830//1852 822//1852
f 1003//1853 874//1853 2393//1853
f 1432//1854 1439//1854 1431//1854
f 781//1855 734//1855 964//1855
f 1937//1856 1936//1856 1723//1856
f 918//1857 913//1857 902//1857
f 958//1858 977//1858 944//1858
f 1850//1859 2178//1859 2177//1859
f 1005//1860 1020//1860 1000//1860
f 991//1861 996//1861 307//1861
f 1396//1862 1445//1862 340//1862
f 2179//1863 1763//1863 889//1863
f 939//1864 909//1864 980//1864
f 1828//1865 958//1865 937//1865
f 978//1866 977//1866 958//1866
f 1590//1867 1571//1867 1563//1867
f 779//1868 1949//1868 920//1868
f 1551//1869 1362//1869 1573//1869
f 2103//1870 2142//1870 1006//1870
f 920//1871 885//1871 963//1871
f 946//1872 920//1872 963//1872
f 1584//1873 1616//1873 1583//1873
f 1453//1874 1472//1874 1452//1874
f 1647//1875 1617//1875 1578//1875
f 1578//1876 1564//1876 1627//1876
f 1628//1877 938//1877 1069//1877
f 869//1878 868//1878 859//1878
f 993//1879 983//1879 976//1879
f 912//1880 1762//1880 1775//1880
f 752//1881 751//1881 706//1881
f 1628//1882 1546//1882 938//1882
f 844//1883 228//1883 781//1883
f 840//1884 859//1884 1902//1884
f 898//1885 907//1885 904//1885
f 1025//1886 973//1886 1009//1886
f 663//1887 664//1887 573//1887
f 763//1888 946//1888 901//1888
f 898//1889 904//1889 869//1889
f 2172//1890 889//1890 1763//1890
f 1128//1891 926//1891 971//1891
f 860//1892 848//1892 849//1892
f 904//1893 903//1893 890//1893
f 2387//1894 2360//1894 2380//1894
f 577//1895 782//1895 608//1895
f 933//1896 936//1896 918//1896
f 2177//1897 1847//1897 1851//1897
f 665//1898 1765//1898 339//1898
f 937//1899 958//1899 944//1899
f 894//1900 981//1900 724//1900
f 968//1901 1000//1901 993//1901
f 1652//1902 1099//1902 817//1902
f 997//1903 608//1903 1011//1903
f 997//1904 577//1904 608//1904
f 577//1905 163//1905 782//1905
f 1112//1906 998//1906 792//1906
f 2177//1907 1851//1907 1850//1907
f 1257//1908 1421//1908 1258//1908
f 951//1909 873//1909 920//1909
f 822//1910 830//1910 2200//1910
f 1899//1911 2397//1911 2372//1911
f 1773//1912 1668//1912 1558//1912
f 904//1913 914//1913 903//1913
f 932//1914 1671//1914 913//1914
f 873//1915 885//1915 920//1915
f 1013//1916 1617//1916 1647//1916
f 873//1917 1032//1917 885//1917
f 894//1918 862//1918 981//1918
f 2370//1919 855//1919 961//1919
f 913//1920 1671//1920 1969//1920
f 2378//1921 2064//1921 855//1921
f 918//1922 936//1922 913//1922
f 860//1923 870//1923 848//1923
f 937//1924 944//1924 933//1924
f 1501//1925 1013//1925 1647//1925
f 824//1926 178//1926 751//1926
f 824//1927 997//1927 178//1927
f 824//1928 577//1928 997//1928
f 643//1929 163//1929 577//1929
f 863//1930 856//1930 882//1930
f 2128//1931 2153//1931 2134//1931
f 722//1932 774//1932 880//1932
f 722//1933 894//1933 774//1933
f 864//1934 905//1934 895//1934
f 850//1935 575//1935 583//1935
f 914//1936 918//1936 903//1936
f 924//1937 937//1937 933//1937
f 1501//1938 717//1938 1013//1938
f 1587//1939 1324//1939 928//1939
f 717//1940 1512//1940 1013//1940
f 602//1941 577//1941 824//1941
f 766//1942 643//1942 577//1942
f 894//1943 709//1943 862//1943
f 709//1944 878//1944 862//1944
f 976//1945 975//1945 932//1945
f 1324//1946 1596//1946 928//1946
f 880//1947 524//1947 1060//1947
f 2335//1948 2360//1948 2400//1948
f 1324//1949 1613//1949 1596//1949
f 752//1950 824//1950 751//1950
f 602//1951 766//1951 577//1951
f 1014//1952 602//1952 594//1952
f 1387//1953 1226//1953 2152//1953
f 2153//1954 1387//1954 2152//1954
f 669//1955 930//1955 950//1955
f 1710//1956 1694//1956 1699//1956
f 768//1957 326//1957 762//1957
f 582//1958 892//1958 601//1958
f 974//1959 990//1959 2366//1959
f 624//1960 116//1960 625//1960
f 835//1961 795//1961 730//1961
f 2359//1962 2385//1962 763//1962
f 989//1963 602//1963 824//1963
f 2064//1964 2378//1964 1710//1964
f 976//1965 983//1965 975//1965
f 949//1966 722//1966 880//1966
f 996//1967 160//1967 994//1967
f 2237//1968 863//1968 556//1968
f 556//1969 863//1969 886//1969
f 601//1970 910//1970 640//1970
f 2220//1971 825//1971 829//1971
f 989//1972 824//1972 752//1972
f 856//1973 864//1973 882//1973
f 1595//1974 1586//1974 2287//1974
f 1627//1975 1629//1975 1628//1975
f 2174//1976 2180//1976 2173//1976
f 2128//1977 2134//1977 2118//1977
f 137//1978 272//1978 22//1978
f 949//1979 880//1979 1060//1979
f 995//1980 894//1980 722//1980
f 894//1981 995//1981 709//1981
f 894//1982 724//1982 774//1982
f 886//1983 895//1983 892//1983
f 640//1984 910//1984 930//1984
f 871//1985 870//1985 860//1985
f 846//1986 856//1986 863//1986
f 1026//1987 875//1987 1019//1987
f 838//1988 851//1988 829//1988
f 1024//1989 1171//1989 934//1989
f 36//1990 189//1990 205//1990
f 863//1991 882//1991 886//1991
f 886//1992 882//1992 895//1992
f 875//1993 1026//1993 594//1993
f 52//1994 1459//1994 1269//1994
f 896//1995 917//1995 910//1995
f 1025//1996 1009//1996 934//1996
f 949//1997 995//1997 722//1997
f 2152//1998 1226//1998 1636//1998
f 895//1999 896//1999 892//1999
f 892//2000 910//2000 601//2000
f 942//2001 950//2001 930//2001
f 875//2002 989//2002 752//2002
f 594//2003 602//2003 989//2003
f 766//2004 355//2004 643//2004
f 355//2005 260//2005 643//2005
f 905//2006 917//2006 896//2006
f 965//2007 1060//2007 1162//2007
f 892//2008 896//2008 910//2008
f 1101//2009 1052//2009 1042//2009
f 1029//2010 1031//2010 834//2010
f 1101//2011 1133//2011 1118//2011
f 342//2012 357//2012 376//2012
f 516//2013 515//2013 2355//2013
f 1656//2014 2395//2014 2368//2014
f 1056//2015 1303//2015 1133//2015
f 1120//2016 1130//2016 862//2016
f 69//2017 342//2017 376//2017
f 1055//2018 1056//2018 1133//2018
f 499//2019 69//2019 165//2019
f 85//2020 101//2020 111//2020
f 1031//2021 1032//2021 834//2021
f 200//2022 679//2022 1166//2022
f 1031//2023 1042//2023 1032//2023
f 1171//2024 65//2024 934//2024
f 1822//2025 1204//2025 1177//2025
f 1096//2026 956//2026 1103//2026
f 514//2027 96//2027 97//2027
f 956//2028 1145//2028 1144//2028
f 1185//2029 1166//2029 1144//2029
f 1145//2030 1185//2030 1144//2030
f 1185//2031 200//2031 1166//2031
f 375//2032 132//2032 1041//2032
f 1153//2033 1202//2033 305//2033
f 32//2034 1244//2034 1249//2034
f 1096//2035 1087//2035 956//2035
f 554//2036 78//2036 2264//2036
f 1191//2037 138//2037 110//2037
f 65//2038 35//2038 432//2038
f 1087//2039 1110//2039 956//2039
f 1110//2040 1146//2040 956//2040
f 956//2041 1146//2041 1145//2041
f 1146//2042 1156//2042 1145//2042
f 1145//2043 1156//2043 1185//2043
f 950//2044 956//2044 1144//2044
f 2382//2045 2396//2045 948//2045
f 1156//2046 1193//2046 1185//2046
f 1050//2047 1047//2047 1051//2047
f 239//2048 151//2048 107//2048
f 1185//2049 1193//2049 36//2049
f 1747//2050 1110//2050 1087//2050
f 1134//2051 1146//2051 1110//2051
f 1146//2052 1157//2052 1156//2052
f 1156//2053 1157//2053 1193//2053
f 1041//2054 1045//2054 1034//2054
f 1397//2055 1134//2055 1110//2055
f 1157//2056 1146//2056 1134//2056
f 1157//2057 1175//2057 1193//2057
f 1193//2058 199//2058 36//2058
f 1090//2059 1035//2059 1196//2059
f 1456//2060 1150//2060 1051//2060
f 1175//2061 199//2061 1193//2061
f 1186//2062 695//2062 199//2062
f 1186//2063 199//2063 1175//2063
f 1175//2064 1157//2064 1134//2064
f 728//2065 1186//2065 1175//2065
f 197//2066 760//2066 6//2066
f 1130//2067 593//2067 862//2067
f 1167//2068 1109//2068 182//2068
f 1194//2069 1115//2069 1161//2069
f 2140//2070 1928//2070 1504//2070
f 921//2071 922//2071 2138//2071
f 1147//2072 1134//2072 1397//2072
f 1719//2073 1147//2073 1397//2073
f 1147//2074 1175//2074 1134//2074
f 1175//2075 1147//2075 728//2075
f 341//2076 1654//2076 1208//2076
f 754//2077 151//2077 9//2077
f 284//2078 2138//2078 1058//2078
f 1188//2079 1557//2079 1660//2079
f 1191//2080 110//2080 1053//2080
f 916//2081 284//2081 1189//2081
f 284//2082 1058//2082 1189//2082
f 2094//2083 1465//2083 2127//2083
f 1726//2084 1019//2084 1147//2084
f 1147//2085 1019//2085 728//2085
f 593//2086 1130//2086 96//2086
f 239//2087 305//2087 1038//2087
f 1036//2088 1131//2088 315//2088
f 397//2089 1131//2089 1120//2089
f 1053//2090 96//2090 1130//2090
f 2368//2091 2386//2091 1869//2091
f 517//2092 1089//2092 421//2092
f 834//2093 1827//2093 1029//2093
f 419//2094 1047//2094 1117//2094
f 1034//2095 433//2095 1306//2095
f 2210//2096 1862//2096 1730//2096
f 1453//2097 1462//2097 1472//2097
f 1408//2098 1422//2098 1399//2098
f 471//2099 23//2099 1111//2099
f 1205//2100 1150//2100 1456//2100
f 1205//2101 1040//2101 1150//2101
f 1131//2102 1036//2102 293//2102
f 293//2103 1068//2103 1044//2103
f 375//2104 1041//2104 138//2104
f 1205//2105 1140//2105 1046//2105
f 1040//2106 1205//2106 1046//2106
f 1140//2107 1167//2107 1046//2107
f 1104//2108 1049//2108 83//2108
f 1052//2109 1085//2109 1032//2109
f 1044//2110 1068//2110 1191//2110
f 1167//2111 1483//2111 1109//2111
f 208//2112 1084//2112 1035//2112
f 1040//2113 132//2113 375//2113
f 1834//2114 20//2114 3//2114
f 1050//2115 1051//2115 1070//2115
f 1133//2116 1125//2116 1174//2116
f 11//2117 1440//2117 1401//2117
f 420//2118 208//2118 1071//2118
f 1135//2119 1079//2119 1094//2119
f 1086//2120 1101//2120 1118//2120
f 1029//2121 1030//2121 1031//2121
f 1200//2122 1061//2122 294//2122
f 1191//2123 1068//2123 138//2123
f 1171//2124 1141//2124 65//2124
f 1141//2125 1172//2125 65//2125
f 1172//2126 35//2126 65//2126
f 1172//2127 404//2127 35//2127
f 404//2128 99//2128 35//2128
f 221//2129 1104//2129 1063//2129
f 802//2130 398//2130 1083//2130
f 20//2131 1089//2131 3//2131
f 2064//2132 1699//2132 835//2132
f 1042//2133 1052//2133 1032//2133
f 1433//2134 1261//2134 1432//2134
f 1323//2135 2253//2135 155//2135
f 1076//2136 1205//2136 1456//2136
f 1088//2137 1402//2137 1056//2137
f 1150//2138 348//2138 1070//2138
f 1200//2139 1089//2139 20//2139
f 1097//2140 1162//2140 100//2140
f 1032//2141 873//2141 834//2141
f 21//2142 471//2142 1111//2142
f 294//2143 1097//2143 1104//2143
f 1072//2144 100//2144 584//2144
f 1151//2145 760//2145 622//2145
f 132//2146 1045//2146 1041//2146
f 1050//2147 1070//2147 1135//2147
f 1088//2148 1039//2148 940//2148
f 650//2149 159//2149 635//2149
f 100//2150 1170//2150 729//2150
f 729//2151 584//2151 100//2151
f 1103//2152 931//2152 1096//2152
f 925//2153 1443//2153 1513//2153
f 138//2154 1102//2154 110//2154
f 1034//2155 1306//2155 1152//2155
f 1071//2156 1035//2156 1090//2156
f 100//2157 1072//2157 1097//2157
f 23//2158 1158//2158 315//2158
f 1068//2159 375//2159 138//2159
f 1586//2160 1612//2160 1585//2160
f 1819//2161 1030//2161 1029//2161
f 1041//2162 1034//2162 1102//2162
f 232//2163 375//2163 1068//2163
f 348//2164 1079//2164 1070//2164
f 1061//2165 1097//2165 294//2165
f 1513//2166 1443//2166 1442//2166
f 1200//2167 294//2167 1119//2167
f 376//2168 1050//2168 1062//2168
f 1094//2169 1036//2169 315//2169
f 1200//2170 1119//2170 1089//2170
f 1111//2171 1183//2171 21//2171
f 1044//2172 1191//2172 1053//2172
f 698//2173 295//2173 689//2173
f 1079//2174 232//2174 1036//2174
f 404//2175 1117//2175 99//2175
f 1495//2176 1496//2176 717//2176
f 1119//2177 294//2177 98//2177
f 3//2178 1089//2178 517//2178
f 1132//2179 1063//2179 83//2179
f 1132//2180 83//2180 175//2180
f 132//2181 1046//2181 182//2181
f 1111//2182 1195//2182 1183//2182
f 1131//2183 1044//2183 1037//2183
f 127//2184 402//2184 1804//2184
f 219//2185 1272//2185 1047//2185
f 1697//2186 1135//2186 1094//2186
f 2140//2187 1854//2187 2117//2187
f 1111//2188 397//2188 1195//2188
f 1177//2189 1162//2189 1097//2189
f 1061//2190 1177//2190 1097//2190
f 717//2191 1509//2191 714//2191
f 2//2192 1300//2192 433//2192
f 462//2193 290//2193 461//2193
f 98//2194 294//2194 221//2194
f 294//2195 1104//2195 221//2195
f 714//2196 1161//2196 1007//2196
f 1073//2197 1152//2197 1143//2197
f 1697//2198 1094//2198 1360//2198
f 1223//2199 1423//2199 1218//2199
f 836//2200 2380//2200 842//2200
f 1097//2201 1072//2201 1049//2201
f 348//2202 1040//2202 375//2202
f 3//2203 517//2203 316//2203
f 180//2204 1061//2204 1201//2204
f 348//2205 375//2205 232//2205
f 1432//2206 1431//2206 1415//2206
f 220//2207 1513//2207 1495//2207
f 1104//2208 1097//2208 1049//2208
f 306//2209 674//2209 596//2209
f 777//2210 455//2210 723//2210
f 2170//2211 2151//2211 1641//2211
f 1047//2212 419//2212 219//2212
f 1102//2213 1034//2213 1073//2213
f 1073//2214 1034//2214 1152//2214
f 1035//2215 1054//2215 1196//2215
f 1177//2216 1204//2216 1162//2216
f 746//2217 65//2217 12//2217
f 751//2218 178//2218 721//2218
f 1054//2219 517//2219 421//2219
f 1051//2220 1150//2220 1070//2220
f 1102//2221 1073//2221 110//2221
f 998//2222 1136//2222 355//2222
f 567//2223 566//2223 1163//2223
f 1111//2224 315//2224 397//2224
f 1048//2225 1074//2225 835//2225
f 1158//2226 1094//2226 315//2226
f 1374//2227 1107//2227 1252//2227
f 1112//2228 1136//2228 998//2228
f 472//2229 629//2229 500//2229
f 355//2230 1136//2230 260//2230
f 260//2231 118//2231 43//2231
f 1104//2232 83//2232 1063//2232
f 376//2233 357//2233 1050//2233
f 1463//2234 1142//2234 1545//2234
f 1036//2235 232//2235 293//2235
f 1030//2236 1042//2236 1031//2236
f 1079//2237 348//2237 232//2237
f 221//2238 1063//2238 1132//2238
f 1094//2239 1079//2239 1036//2239
f 1076//2240 1629//2240 1205//2240
f 1136//2241 1197//2241 260//2241
f 260//2242 1197//2242 118//2242
f 1204//2243 965//2243 1162//2243
f 293//2244 232//2244 1068//2244
f 1590//2245 1205//2245 1629//2245
f 1205//2246 1590//2246 1140//2246
f 250//2247 382//2247 392//2247
f 1296//2248 1318//2248 1311//2248
f 347//2249 1201//2249 20//2249
f 1201//2250 1200//2250 20//2250
f 132//2251 182//2251 1045//2251
f 1101//2252 1086//2252 1052//2252
f 1033//2253 1039//2253 1055//2253
f 138//2254 1041//2254 1102//2254
f 970//2255 1010//2255 2396//2255
f 455//2256 777//2256 43//2256
f 1992//2257 1948//2257 2023//2257
f 20//2258 1834//2258 347//2258
f 1072//2259 584//2259 1049//2259
f 584//2260 1192//2260 1049//2260
f 182//2261 2//2261 1045//2261
f 1163//2262 324//2262 44//2262
f 1360//2263 1094//2263 1158//2263
f 1450//2264 1360//2264 1158//2264
f 1091//2265 1112//2265 229//2265
f 509//2266 723//2266 455//2266
f 207//2267 509//2267 455//2267
f 1251//2268 1257//2268 1266//2268
f 1488//2269 1489//2269 1547//2269
f 2157//2270 1541//2270 1875//2270
f 305//2271 107//2271 324//2271
f 1045//2272 2//2272 433//2272
f 1070//2273 1079//2273 1135//2273
f 1136//2274 1168//2274 1197//2274
f 1197//2275 359//2275 118//2275
f 118//2276 359//2276 43//2276
f 359//2277 356//2277 43//2277
f 356//2278 455//2278 43//2278
f 356//2279 207//2279 455//2279
f 1240//2280 1422//2280 1408//2280
f 1163//2281 1153//2281 324//2281
f 1201//2282 1061//2282 1200//2282
f 1052//2283 1086//2283 1085//2283
f 1024//2284 1141//2284 1171//2284
f 1112//2285 1105//2285 1136//2285
f 1050//2286 1135//2286 1062//2286
f 1105//2287 1168//2287 1136//2287
f 1168//2288 1178//2288 1197//2288
f 1197//2289 1178//2289 359//2289
f 1173//2290 404//2290 1172//2290
f 465//2291 356//2291 359//2291
f 1174//2292 1125//2292 240//2292
f 1240//2293 1431//2293 1422//2293
f 1098//2294 1113//2294 1105//2294
f 1112//2295 1098//2295 1105//2295
f 1105//2296 1178//2296 1168//2296
f 1178//2297 465//2297 359//2297
f 1091//2298 1098//2298 1112//2298
f 1133//2299 1174//2299 1118//2299
f 98//2300 221//2300 1059//2300
f 487//2301 1132//2301 175//2301
f 980//2302 1017//2302 285//2302
f 465//2303 207//2303 356//2303
f 180//2304 1201//2304 347//2304
f 1060//2305 524//2305 1170//2305
f 445//2306 127//2306 316//2306
f 1431//2307 1438//2307 1422//2307
f 498//2308 469//2308 681//2308
f 940//2309 1807//2309 1759//2309
f 381//2310 250//2310 1290//2310
f 1113//2311 1122//2311 1105//2311
f 1105//2312 1122//2312 1178//2312
f 1151//2313 509//2313 207//2313
f 1236//2314 2035//2314 525//2314
f 1131//2315 293//2315 1044//2315
f 346//2316 207//2316 465//2316
f 346//2317 1151//2317 207//2317
f 1822//2318 1796//2318 1204//2318
f 1143//2319 204//2319 97//2319
f 123//2320 1128//2320 971//2320
f 2153//2321 2152//2321 2134//2321
f 126//2322 1151//2322 346//2322
f 517//2323 445//2323 316//2323
f 1450//2324 1158//2324 23//2324
f 1458//2325 1462//2325 1430//2325
f 1129//2326 152//2326 1182//2326
f 1122//2327 1159//2327 1178//2327
f 1178//2328 1198//2328 465//2328
f 79//2329 346//2329 465//2329
f 126//2330 1155//2330 1151//2330
f 1151//2331 1155//2331 6//2331
f 295//2332 1129//2332 689//2332
f 1073//2333 1143//2333 97//2333
f 1098//2334 1123//2334 1113//2334
f 1113//2335 1123//2335 1122//2335
f 1123//2336 1169//2336 1122//2336
f 1178//2337 1159//2337 1198//2337
f 1198//2338 79//2338 465//2338
f 392//2339 383//2339 152//2339
f 1822//2340 1061//2340 180//2340
f 116//2341 92//2341 625//2341
f 421//2342 1089//2342 1119//2342
f 1129//2343 295//2343 152//2343
f 110//2344 1073//2344 97//2344
f 1173//2345 1172//2345 1141//2345
f 1122//2346 1169//2346 1159//2346
f 79//2347 126//2347 346//2347
f 1155//2348 181//2348 6//2348
f 971//2349 926//2349 1002//2349
f 295//2350 1043//2350 152//2350
f 1039//2351 1088//2351 1056//2351
f 1428//2352 1266//2352 1436//2352
f 404//2353 419//2353 1117//2353
f 836//2354 879//2354 2380//2354
f 2365//2355 2377//2355 2359//2355
f 1198//2356 317//2356 79//2356
f 1124//2357 939//2357 301//2357
f 44//2358 754//2358 567//2358
f 1039//2359 1056//2359 1055//2359
f 1439//2360 1459//2360 1458//2360
f 1660//2361 1412//2361 986//2361
f 1169//2362 1160//2362 1159//2362
f 179//2363 1155//2363 126//2363
f 1155//2364 131//2364 181//2364
f 1061//2365 1822//2365 1177//2365
f 1153//2366 305//2366 324//2366
f 175//2367 314//2367 327//2367
f 1160//2368 1187//2368 1159//2368
f 1159//2369 1187//2369 1198//2369
f 1198//2370 1187//2370 317//2370
f 79//2371 179//2371 126//2371
f 1043//2372 250//2372 392//2372
f 152//2373 1043//2373 392//2373
f 96//2374 819//2374 593//2374
f 1123//2375 1127//2375 1169//2375
f 317//2376 179//2376 79//2376
f 1057//2377 1155//2377 179//2377
f 1155//2378 391//2378 131//2378
f 131//2379 391//2379 668//2379
f 2287//2380 1586//2380 1585//2380
f 12//2381 69//2381 499//2381
f 262//2382 398//2382 1640//2382
f 2107//2383 2118//2383 2060//2383
f 2130//2384 2094//2384 2002//2384
f 1187//2385 249//2385 317//2385
f 1155//2386 1057//2386 391//2386
f 1290//2387 439//2387 1265//2387
f 305//2388 239//2388 107//2388
f 1127//2389 1160//2389 1169//2389
f 317//2390 473//2390 179//2390
f 473//2391 1057//2391 179//2391
f 83//2392 1192//2392 314//2392
f 1043//2393 1290//2393 250//2393
f 1807//2394 940//2394 1030//2394
f 517//2395 1084//2395 445//2395
f 1057//2396 1164//2396 391//2396
f 2393//2397 2381//2397 2394//2397
f 163//2398 643//2398 43//2398
f 1056//2399 1545//2399 1303//2399
f 1069//2400 1655//2400 1023//2400
f 249//2401 473//2401 317//2401
f 1162//2402 1060//2402 1170//2402
f 1086//2403 1118//2403 1154//2403
f 82//2404 68//2404 16//2404
f 1989//2405 1990//2405 1536//2405
f 1633//2406 1632//2406 1611//2406
f 1487//2407 2279//2407 1305//2407
f 1494//2408 1069//2408 1023//2408
f 1137//2409 1160//2409 1127//2409
f 669//2410 1166//2410 679//2410
f 390//2411 1285//2411 426//2411
f 1955//2412 1972//2412 1971//2412
f 1219//2413 1223//2413 2338//2413
f 1254//2414 1261//2414 1223//2414
f 1319//2415 1545//2415 1056//2415
f 1320//2416 1328//2416 2344//2416
f 1261//2417 1433//2417 1223//2417
f 1219//2418 1254//2418 1223//2418
f 254//2419 222//2419 2329//2419
f 1237//2420 1290//2420 1265//2420
f 1284//2421 1273//2421 1263//2421
f 1277//2422 1291//2422 1301//2422
f 1314//2423 102//2423 1301//2423
f 1280//2424 363//2424 377//2424
f 1313//2425 1353//2425 1514//2425
f 468//2426 451//2426 439//2426
f 1918//2427 1964//2427 1956//2427
f 2026//2428 29//2428 2140//2428
f 1354//2429 381//2429 1279//2429
f 1224//2430 30//2430 1254//2430
f 147//2431 158//2431 173//2431
f 1247//2432 1253//2432 274//2432
f 1271//2433 380//2433 334//2433
f 2043//2434 2072//2434 2042//2434
f 274//2435 300//2435 267//2435
f 1356//2436 1392//2436 211//2436
f 13//2437 240//2437 1142//2437
f 1382//2438 1330//2438 1392//2438
f 1312//2439 1323//2439 155//2439
f 240//2440 1125//2440 1142//2440
f 2267//2441 1573//2441 1362//2441
f 1236//2442 1249//2442 1244//2442
f 1272//2443 219//2443 1348//2443
f 1271//2444 1274//2444 380//2444
f 191//2445 2034//2445 1982//2445
f 1992//2446 2052//2446 1990//2446
f 462//2447 452//2447 689//2447
f 183//2448 489//2448 1642//2448
f 2386//2449 2381//2449 1869//2449
f 84//2450 111//2450 1323//2450
f 1190//2451 353//2451 1354//2451
f 446//2452 434//2452 435//2452
f 1336//2453 171//2453 1341//2453
f 2021//2454 430//2454 2059//2454
f 862//2455 878//2455 1120//2455
f 1263//2456 1273//2456 1248//2456
f 1966//2457 1921//2457 2144//2457
f 1312//2458 84//2458 1323//2458
f 240//2459 13//2459 1348//2459
f 1359//2460 1274//2460 1271//2460
f 1392//2461 1330//2461 1247//2461
f 1520//2462 1333//2462 11//2462
f 1368//2463 1253//2463 1247//2463
f 1279//2464 1285//2464 1190//2464
f 2366//2465 990//2465 2390//2465
f 1272//2466 1519//2466 805//2466
f 1369//2467 1272//2467 805//2467
f 1317//2468 95//2468 1344//2468
f 1242//2469 1248//2469 1234//2469
f 1368//2470 242//2470 1363//2470
f 274//2471 1262//2471 1386//2471
f 532//2472 597//2472 1886//2472
f 2117//2473 2026//2473 2140//2473
f 1392//2474 1247//2474 274//2474
f 2162//2475 508//2475 985//2475
f 1964//2476 1469//2476 1965//2476
f 1315//2477 104//2477 1331//2477
f 1392//2478 1356//2478 1382//2478
f 128//2479 1342//2479 1336//2479
f 1285//2480 427//2480 426//2480
f 1219//2481 1224//2481 1254//2481
f 1320//2482 1322//2482 1321//2482
f 1320//2483 1321//2483 1328//2483
f 153//2484 2344//2484 1328//2484
f 1321//2485 153//2485 1328//2485
f 1235//2486 1244//2486 1243//2486
f 1225//2487 1224//2487 1219//2487
f 1359//2488 353//2488 1190//2488
f 1312//2489 1473//2489 1458//2489
f 1336//2490 1342//2490 147//2490
f 305//2491 1333//2491 1038//2491
f 1336//2492 147//2492 171//2492
f 516//2493 31//2493 19//2493
f 2380//2494 2362//2494 842//2494
f 1237//2495 1265//2495 427//2495
f 1263//2496 1278//2496 1284//2496
f 881//2497 1827//2497 834//2497
f 1237//2498 427//2498 1285//2498
f 1299//2499 1312//2499 1458//2499
f 1190//2500 1285//2500 1274//2500
f 1363//2501 286//2501 1253//2501
f 2247//2502 2235//2502 828//2502
f 427//2503 442//2503 426//2503
f 2394//2504 2364//2504 2393//2504
f 1285//2505 380//2505 1274//2505
f 522//2506 18//2506 1225//2506
f 2372//2507 2373//2507 2389//2507
f 2253//2508 154//2508 1321//2508
f 1423//2509 1415//2509 1218//2509
f 1225//2510 18//2510 1224//2510
f 1253//2511 286//2511 1262//2511
f 286//2512 353//2512 1359//2512
f 171//2513 1368//2513 1383//2513
f 1273//2514 54//2514 1234//2514
f 1973//2515 2348//2515 527//2515
f 1322//2516 155//2516 1321//2516
f 1203//2517 1369//2517 1413//2517
f 1307//2518 363//2518 1298//2518
f 1364//2519 1375//2519 1329//2519
f 1329//2520 227//2520 1306//2520
f 296//2521 1298//2521 1343//2521
f 947//2522 2400//2522 1447//2522
f 1203//2523 1047//2523 1272//2523
f 1098//2524 1748//2524 1123//2524
f 1519//2525 1272//2525 1348//2525
f 1277//2526 70//2526 1273//2526
f 1282//2527 1337//2527 1361//2527
f 286//2528 302//2528 353//2528
f 103//2529 104//2529 1315//2529
f 1377//2530 435//2530 434//2530
f 1449//2531 1261//2531 1345//2531
f 926//2532 1310//2532 806//2532
f 1263//2533 1248//2533 1242//2533
f 985//2534 508//2534 597//2534
f 1415//2535 1222//2535 1218//2535
f 88//2536 1325//2536 104//2536
f 170//2537 111//2537 156//2537
f 1384//2538 1282//2538 1361//2538
f 274//2539 1253//2539 1262//2539
f 1371//2540 1317//2540 1344//2540
f 1371//2541 1366//2541 1337//2541
f 1345//2542 1459//2542 1449//2542
f 171//2543 1383//2543 1341//2543
f 2339//2544 1235//2544 1227//2544
f 2134//2545 1582//2545 2118//2545
f 428//2546 1260//2546 1379//2546
f 1336//2547 1341//2547 1325//2547
f 1235//2548 1242//2548 1227//2548
f 1228//2549 1687//2549 2228//2549
f 1854//2550 2140//2550 2016//2550
f 1866//2551 1887//2551 1873//2551
f 1343//2552 1298//2552 1370//2552
f 1384//2553 1361//2553 2341//2553
f 171//2554 242//2554 1368//2554
f 1344//2555 1309//2555 1366//2555
f 1371//2556 1344//2556 1366//2556
f 1280//2557 1377//2557 1293//2557
f 200//2558 1185//2558 205//2558
f 1330//2559 1383//2559 1368//2559
f 1255//2560 1264//2560 1263//2560
f 543//2561 1367//2561 1876//2561
f 1343//2562 1370//2562 1260//2562
f 1293//2563 1326//2563 1370//2563
f 2341//2564 1361//2564 1302//2564
f 1282//2565 1384//2565 2310//2565
f 271//2566 1337//2566 1282//2566
f 170//2567 2253//2567 1323//2567
f 1528//2568 1503//2568 2371//2568
f 515//2569 1347//2569 2354//2569
f 1997//2570 1705//2570 1998//2570
f 2229//2571 1228//2571 2228//2571
f 1229//2572 1250//2572 1228//2572
f 1330//2573 1368//2573 1247//2573
f 1919//2574 1619//2574 2045//2574
f 1344//2575 1364//2575 1335//2575
f 1222//2576 1240//2576 1221//2576
f 1212//2577 858//2577 1741//2577
f 2294//2578 1222//2578 1221//2578
f 1528//2579 2371//2579 2068//2579
f 501//2580 1308//2580 2171//2580
f 1295//2581 1311//2581 1487//2581
f 2116//2582 1619//2582 1655//2582
f 1220//2583 1229//2583 1228//2583
f 8//2584 663//2584 573//2584
f 1343//2585 1260//2585 428//2585
f 1337//2586 1366//2586 1361//2586
f 1298//2587 1280//2587 1293//2587
f 1269//2588 1345//2588 1261//2588
f 1279//2589 381//2589 1290//2589
f 1230//2590 1229//2590 1220//2590
f 1230//2591 1245//2591 1229//2591
f 1245//2592 1250//2592 1229//2592
f 1227//2593 1234//2593 31//2593
f 1302//2594 1361//2594 1350//2594
f 1245//2595 1266//2595 1428//2595
f 1992//2596 2023//2596 2052//2596
f 2383//2597 2372//2597 2376//2597
f 452//2598 462//2598 461//2598
f 271//2599 1282//2599 1275//2599
f 1991//2600 1989//2600 1934//2600
f 1366//2601 1309//2601 1350//2601
f 1344//2602 1335//2602 1309//2602
f 730//2603 699//2603 974//2603
f 1374//2604 1252//2604 1208//2604
f 597//2605 508//2605 1912//2605
f 1363//2606 1253//2606 1368//2606
f 1386//2607 1271//2607 300//2607
f 1211//2608 1218//2608 1222//2608
f 1376//2609 1377//2609 434//2609
f 2303//2610 2338//2610 1211//2610
f 1284//2611 1291//2611 1277//2611
f 1230//2612 1251//2612 1245//2612
f 1251//2613 1266//2613 1245//2613
f 1317//2614 1371//2614 1337//2614
f 1288//2615 1286//2615 1095//2615
f 1095//2616 1286//2616 1352//2616
f 1241//2617 1208//2617 1352//2617
f 1241//2618 1374//2618 1208//2618
f 1284//2619 1278//2619 1291//2619
f 211//2620 1392//2620 267//2620
f 1344//2621 1375//2621 1364//2621
f 929//2622 583//2622 1028//2622
f 1361//2623 1366//2623 1350//2623
f 1115//2624 1294//2624 1639//2624
f 1291//2625 103//2625 1301//2625
f 1220//2626 1231//2626 1230//2626
f 1231//2627 1251//2627 1230//2627
f 1234//2628 1248//2628 1273//2628
f 1255//2629 55//2629 1264//2629
f 1360//2630 1450//2630 1702//2630
f 363//2631 1280//2631 1298//2631
f 1369//2632 1203//2632 1272//2632
f 1415//2633 1240//2633 1222//2633
f 1216//2634 1231//2634 1220//2634
f 1243//2635 1263//2635 1235//2635
f 1375//2636 227//2636 1329//2636
f 1264//2637 1278//2637 1263//2637
f 855//2638 899//2638 961//2638
f 1286//2639 1241//2639 1352//2639
f 2081//2640 2128//2640 2107//2640
f 1223//2641 1433//2641 1423//2641
f 1473//2642 1312//2642 155//2642
f 154//2643 153//2643 1321//2643
f 1377//2644 1376//2644 1293//2644
f 1392//2645 274//2645 267//2645
f 334//2646 300//2646 1271//2646
f 1955//2647 1991//2647 1934//2647
f 1613//2648 1327//2648 1288//2648
f 1327//2649 1286//2649 1288//2649
f 1349//2650 1374//2650 1241//2650
f 2277//2651 2025//2651 2275//2651
f 1315//2652 1331//2652 133//2652
f 434//2653 446//2653 1256//2653
f 1232//2654 1251//2654 1231//2654
f 1243//2655 1244//2655 1255//2655
f 1286//2656 1304//2656 1241//2656
f 1349//2657 1107//2657 1374//2657
f 1359//2658 1271//2658 1386//2658
f 1227//2659 516//2659 2332//2659
f 219//2660 240//2660 1348//2660
f 1270//2661 271//2661 1275//2661
f 1255//2662 1263//2662 1243//2662
f 2026//2663 1926//2663 29//2663
f 1683//2664 2157//2664 1212//2664
f 1326//2665 1293//2665 1376//2665
f 1255//2666 32//2666 55//2666
f 104//2667 1325//2667 1341//2667
f 519//2668 2363//2668 2376//2668
f 2154//2669 2161//2669 2137//2669
f 1376//2670 434//2670 1246//2670
f 1246//2671 434//2671 1256//2671
f 1257//2672 1251//2672 1232//2672
f 1262//2673 1359//2673 1386//2673
f 1308//2674 534//2674 1226//2674
f 2026//2675 2117//2675 544//2675
f 1327//2676 1613//2676 1324//2676
f 1327//2677 1326//2677 1286//2677
f 1286//2678 1326//2678 1304//2678
f 104//2679 1341//2679 1331//2679
f 774//2680 524//2680 880//2680
f 837//2681 1517//2681 534//2681
f 1127//2682 1123//2682 1567//2682
f 1279//2683 1237//2683 1285//2683
f 1297//2684 1381//2684 1294//2684
f 1217//2685 1232//2685 1216//2685
f 1142//2686 1519//2686 13//2686
f 1436//2687 1267//2687 1287//2687
f 1324//2688 1372//2688 1327//2688
f 1304//2689 1246//2689 1241//2689
f 1246//2690 1349//2690 1241//2690
f 1246//2691 1373//2691 1349//2691
f 286//2692 1359//2692 1262//2692
f 1382//2693 1383//2693 1330//2693
f 1284//2694 1277//2694 1273//2694
f 489//2695 1998//2695 1799//2695
f 1675//2696 1116//2696 1075//2696
f 106//2697 1317//2697 1337//2697
f 1311//2698 1295//2698 1281//2698
f 1292//2699 1364//2699 1329//2699
f 1335//2700 1364//2700 1292//2700
f 1334//2701 1294//2701 1115//2701
f 1334//2702 1297//2702 1294//2702
f 1300//2703 1381//2703 1297//2703
f 973//2704 842//2704 2362//2704
f 1217//2705 1239//2705 1232//2705
f 1232//2706 1239//2706 1257//2706
f 1258//2707 1267//2707 1436//2707
f 1359//2708 1190//2708 1274//2708
f 1862//2709 1405//2709 1877//2709
f 1372//2710 1339//2710 1327//2710
f 1339//2711 1326//2711 1327//2711
f 1373//2712 1351//2712 1349//2712
f 1276//2713 1311//2713 1281//2713
f 1256//2714 2292//2714 1351//2714
f 2//2715 1109//2715 1300//2715
f 482//2716 1731//2716 520//2716
f 803//2717 1604//2717 2022//2717
f 1223//2718 1218//2718 1211//2718
f 1341//2719 1383//2719 1382//2719
f 1298//2720 1293//2720 1370//2720
f 1190//2721 1354//2721 1279//2721
f 1324//2722 2302//2722 1372//2722
f 1714//2723 1700//2723 2173//2723
f 183//2724 2000//2724 489//2724
f 1701//2725 1666//2725 192//2725
f 1227//2726 1242//2726 1234//2726
f 1332//2727 1289//2727 1310//2727
f 1517//2728 2005//2728 2130//2728
f 1331//2729 1341//2729 1382//2729
f 525//2730 1249//2730 1236//2730
f 23//2731 1268//2731 1450//2731
f 1264//2732 1291//2732 1278//2732
f 1281//2733 1287//2733 1267//2733
f 1295//2734 1305//2734 1287//2734
f 1281//2735 1295//2735 1287//2735
f 1487//2736 1305//2736 1295//2736
f 1605//2737 2097//2737 2058//2737
f 1326//2738 1376//2738 1304//2738
f 1304//2739 1376//2739 1246//2739
f 1316//2740 1919//2740 1984//2740
f 2401//2741 1949//2741 2361//2741
f 1332//2742 1313//2742 1289//2742
f 2189//2743 2181//2743 2177//2743
f 1335//2744 1334//2744 1353//2744
f 1292//2745 1297//2745 1334//2745
f 1428//2746 1250//2746 1245//2746
f 969//2747 958//2747 952//2747
f 1217//2748 1233//2748 1239//2748
f 1233//2749 1257//2749 1239//2749
f 1876//2750 1367//2750 1338//2750
f 1379//2751 1260//2751 1372//2751
f 1372//2752 1260//2752 1339//2752
f 1128//2753 1302//2753 1310//2753
f 1310//2754 1302//2754 1332//2754
f 1335//2755 1353//2755 1313//2755
f 1292//2756 1334//2756 1335//2756
f 1297//2757 1329//2757 1300//2757
f 1279//2758 1290//2758 1237//2758
f 1301//2759 103//2759 1314//2759
f 70//2760 1301//2760 102//2760
f 23//2761 1333//2761 1268//2761
f 380//2762 1285//2762 390//2762
f 772//2763 325//2763 1275//2763
f 1314//2764 103//2764 1315//2764
f 2374//2765 2359//2765 2388//2765
f 1276//2766 1281//2766 1267//2766
f 1344//2767 95//2767 1375//2767
f 2053//2768 1771//2768 1572//2768
f 1246//2769 1256//2769 1373//2769
f 1373//2770 1256//2770 1351//2770
f 1340//2771 1302//2771 1128//2771
f 1350//2772 1313//2772 1332//2772
f 1329//2773 1297//2773 1292//2773
f 2335//2774 2374//2774 2388//2774
f 106//2775 1337//2775 271//2775
f 23//2776 471//2776 1333//2776
f 622//2777 723//2777 509//2777
f 1388//2778 1517//2778 2127//2778
f 1991//2779 1990//2779 1989//2779
f 183//2780 1636//2780 1226//2780
f 2133//2781 1605//2781 2151//2781
f 1260//2782 1370//2782 1339//2782
f 1339//2783 1370//2783 1326//2783
f 867//2784 1894//2784 1902//2784
f 390//2785 426//2785 412//2785
f 1235//2786 1263//2786 1242//2786
f 1399//2787 1422//2787 1233//2787
f 305//2788 11//2788 1333//2788
f 1300//2789 1329//2789 1306//2789
f 1302//2790 1350//2790 1332//2790
f 1350//2791 1309//2791 1313//2791
f 1309//2792 1335//2792 1313//2792
f 2371//2793 2102//2793 1502//2793
f 1787//2794 1531//2794 1599//2794
f 1724//2795 1725//2795 1691//2795
f 1827//2796 1601//2796 1927//2796
f 1678//2797 1358//2797 1476//2797
f 1823//2798 1812//2798 1846//2798
f 1805//2799 1824//2799 1708//2799
f 1746//2800 1676//2800 1797//2800
f 325//2801 2299//2801 429//2801
f 1835//2802 1677//2802 1826//2802
f 1507//2803 1790//2803 1722//2803
f 1526//2804 1672//2804 858//2804
f 158//2805 147//2805 1342//2805
f 1462//2806 1473//2806 1322//2806
f 1474//2807 1414//2807 1565//2807
f 1761//2808 1900//2808 1877//2808
f 940//2809 1759//2809 1008//2809
f 1565//2810 1015//2810 1008//2810
f 1924//2811 1533//2811 1933//2811
f 1878//2812 826//2812 830//2812
f 1565//2813 1414//2813 1015//2813
f 1402//2814 1088//2814 1008//2814
f 1538//2815 1532//2815 1651//2815
f 1015//2816 1552//2816 1008//2816
f 1538//2817 1591//2817 1474//2817
f 1532//2818 1538//2818 1474//2818
f 1474//2819 1591//2819 1414//2819
f 1484//2820 1402//2820 1008//2820
f 1552//2821 1484//2821 1008//2821
f 1414//2822 1460//2822 1015//2822
f 1015//2823 1460//2823 1552//2823
f 806//2824 1289//2824 945//2824
f 1597//2825 1538//2825 1659//2825
f 1484//2826 1319//2826 1402//2826
f 1056//2827 1402//2827 1319//2827
f 1538//2828 1597//2828 1591//2828
f 1591//2829 960//2829 1414//2829
f 1414//2830 960//2830 1460//2830
f 1925//2831 1466//2831 1455//2831
f 1552//2832 1400//2832 1484//2832
f 1484//2833 1400//2833 1319//2833
f 1400//2834 113//2834 1319//2834
f 1597//2835 1580//2835 1591//2835
f 1460//2836 1400//2836 1552//2836
f 1514//2837 1441//2837 966//2837
f 1597//2838 1659//2838 1409//2838
f 1657//2839 113//2839 1400//2839
f 1460//2840 1657//2840 1400//2840
f 1288//2841 1095//2841 1634//2841
f 1551//2842 1597//2842 1409//2842
f 1580//2843 1598//2843 1591//2843
f 1591//2844 1598//2844 960//2844
f 1536//2845 1990//2845 2031//2845
f 960//2846 1657//2846 1460//2846
f 1809//2847 1746//2847 1797//2847
f 1423//2848 1433//2848 1432//2848
f 2379//2849 1362//2849 1409//2849
f 1463//2850 1545//2850 113//2850
f 1657//2851 1463//2851 113//2851
f 1457//2852 1287//2852 1305//2852
f 1682//2853 1716//2853 1746//2853
f 1434//2854 1761//2854 1885//2854
f 1013//2855 1139//2855 1617//2855
f 2285//2856 1362//2856 2379//2856
f 1420//2857 1597//2857 1551//2857
f 1420//2858 1580//2858 1597//2858
f 1664//2859 1808//2859 1712//2859
f 1362//2860 1551//2860 1409//2860
f 1691//2861 1725//2861 1777//2861
f 1626//2862 192//2862 1666//2862
f 1534//2863 1574//2863 2058//2863
f 1574//2864 1600//2864 1605//2864
f 1600//2865 1606//2865 1605//2865
f 1606//2866 1641//2866 1605//2866
f 1573//2867 1420//2867 1551//2867
f 1657//2868 1485//2868 1463//2868
f 678//2869 1806//2869 1742//2869
f 1534//2870 1553//2870 1574//2870
f 1574//2871 1575//2871 1600//2871
f 1810//2872 2170//2872 585//2872
f 1623//2873 1641//2873 1606//2873
f 1407//2874 1657//2874 960//2874
f 1598//2875 1407//2875 960//2875
f 1485//2876 1142//2876 1463//2876
f 1716//2877 1581//2877 1676//2877
f 1738//2878 1743//2878 1733//2878
f 843//2879 2064//2879 835//2879
f 1539//2880 1575//2880 1574//2880
f 1553//2881 1539//2881 1574//2881
f 1575//2882 1592//2882 1600//2882
f 1592//2883 1624//2883 1606//2883
f 1600//2884 1592//2884 1606//2884
f 1642//2885 585//2885 1641//2885
f 1623//2886 1642//2886 1641//2886
f 1485//2887 164//2887 1142//2887
f 1738//2888 1516//2888 1743//2888
f 1809//2889 1720//2889 1798//2889
f 1533//2890 1535//2890 1534//2890
f 1592//2891 1607//2891 1624//2891
f 1624//2892 1623//2892 1606//2892
f 1163//2893 566//2893 1116//2893
f 1407//2894 1485//2894 1657//2894
f 1432//2895 1449//2895 1439//2895
f 1100//2896 802//2896 2288//2896
f 1743//2897 1516//2897 1722//2897
f 1746//2898 1716//2898 1676//2898
f 1535//2899 1539//2899 1534//2899
f 1534//2900 1539//2900 1553//2900
f 1642//2901 1623//2901 1624//2901
f 1095//2902 1208//2902 1654//2902
f 967//2903 1407//2903 1598//2903
f 1580//2904 967//2904 1598//2904
f 1809//2905 1797//2905 1720//2905
f 1924//2906 1524//2906 1535//2906
f 1533//2907 1924//2907 1535//2907
f 1539//2908 1576//2908 1575//2908
f 1642//2909 216//2909 585//2909
f 1407//2910 1529//2910 1485//2910
f 1485//2911 1529//2911 164//2911
f 1472//2912 1462//2912 1482//2912
f 1415//2913 1431//2913 1240//2913
f 966//2914 1194//2914 714//2914
f 383//2915 1182//2915 152//2915
f 474//2916 2252//2916 446//2916
f 1743//2917 1841//2917 1757//2917
f 1486//2918 1524//2918 1924//2918
f 1535//2919 1525//2919 1539//2919
f 1575//2920 1576//2920 1592//2920
f 1420//2921 967//2921 1580//2921
f 1288//2922 1634//2922 1613//2922
f 459//2923 427//2923 1265//2923
f 1404//2924 2179//2924 1393//2924
f 1404//2925 1403//2925 1800//2925
f 1404//2926 1410//2926 1403//2926
f 1410//2927 1749//2927 1403//2927
f 1349//2928 1351//2928 218//2928
f 1486//2929 1498//2929 1524//2929
f 1535//2930 1524//2930 1525//2930
f 1607//2931 1636//2931 1624//2931
f 183//2932 1642//2932 1624//2932
f 1636//2933 183//2933 1624//2933
f 1107//2934 1349//2934 218//2934
f 1351//2935 845//2935 218//2935
f 164//2936 1519//2936 1142//2936
f 845//2937 413//2937 218//2937
f 1525//2938 1576//2938 1539//2938
f 1576//2939 1582//2939 1592//2939
f 1592//2940 2134//2940 1607//2940
f 2134//2941 1636//2941 1607//2941
f 2147//2942 1491//2942 1401//2942
f 1407//2943 1589//2943 1529//2943
f 1529//2944 1519//2944 164//2944
f 1693//2945 1763//2945 1444//2945
f 1924//2946 1479//2946 1486//2946
f 1592//2947 1582//2947 2134//2947
f 499//2948 165//2948 874//2948
f 2176//2949 1857//2949 1959//2949
f 2267//2950 821//2950 953//2950
f 953//2951 821//2951 1573//2951
f 1824//2952 1704//2952 1464//2952
f 1731//2953 1358//2953 1678//2953
f 1394//2954 1410//2954 1404//2954
f 1394//2955 1418//2955 1410//2955
f 1466//2956 1479//2956 1839//2956
f 1486//2957 1479//2957 1498//2957
f 1498//2958 1525//2958 1524//2958
f 1576//2959 2080//2959 1582//2959
f 1785//2960 1684//2960 1898//2960
f 804//2961 398//2961 802//2961
f 804//2962 925//2962 398//2962
f 1447//2963 1562//2963 2267//2963
f 2267//2964 1562//2964 821//2964
f 821//2965 1620//2965 1573//2965
f 1620//2966 1420//2966 1573//2966
f 1420//2967 1556//2967 967//2967
f 1393//2968 1394//2968 1404//2968
f 1525//2969 2080//2969 1576//2969
f 1621//2970 1420//2970 1620//2970
f 1621//2971 1556//2971 1420//2971
f 967//2972 1589//2972 1407//2972
f 1505//2973 5//2973 1357//2973
f 1266//2974 1258//2974 1436//2974
f 1393//2975 1395//2975 1394//2975
f 2176//2976 2175//2976 1848//2976
f 1455//2977 1466//2977 1839//2977
f 1525//2978 1540//2978 2080//2978
f 1582//2979 2080//2979 2118//2979
f 1100//2980 804//2980 802//2980
f 1556//2981 1589//2981 967//2981
f 1589//2982 1082//2982 1529//2982
f 1093//2983 1685//2983 1357//2983
f 1504//2984 1093//2984 1357//2984
f 1425//2985 1418//2985 1394//2985
f 1475//2986 1479//2986 1466//2986
f 1479//2987 1506//2987 1498//2987
f 1789//2988 1784//2988 1730//2988
f 2402//2989 2366//2989 2390//2989
f 1438//2990 1458//2990 1430//2990
f 1462//2991 1458//2991 1473//2991
f 1454//2992 805//2992 1529//2992
f 1082//2993 1454//2993 1529//2993
f 1529//2994 805//2994 1519//2994
f 1425//2995 1394//2995 1395//2995
f 1425//2996 1744//2996 1418//2996
f 1479//2997 1475//2997 1506//2997
f 1540//2998 2060//2998 2080//2998
f 1556//2999 1082//2999 1589//2999
f 1443//3000 945//3000 1511//3000
f 1506//3001 1536//3001 1498//3001
f 1498//3002 1536//3002 1525//3002
f 1525//3003 1536//3003 1540//3003
f 1670//3004 852//3004 1672//3004
f 1998//3005 1388//3005 1389//3005
f 1511//3006 966//3006 1509//3006
f 1509//3007 966//3007 714//3007
f 1442//3008 1443//3008 1496//3008
f 1562//3009 1635//3009 821//3009
f 155//3010 1322//3010 1473//3010
f 1439//3011 1458//3011 1438//3011
f 1426//3012 1425//3012 1395//3012
f 1475//3013 1499//3013 1506//3013
f 1735//3014 1588//3014 1776//3014
f 2323//3015 2355//3015 2322//3015
f 1423//3016 1432//3016 1415//3016
f 1559//3017 2101//3017 2073//3017
f 845//3018 866//3018 413//3018
f 1429//3019 1620//3019 821//3019
f 1620//3020 1429//3020 1621//3020
f 1228//3021 1250//3021 1687//3021
f 1002//3022 945//3022 1443//3022
f 2288//3023 802//3023 1083//3023
f 1859//3024 1411//3024 1395//3024
f 1411//3025 1426//3025 1395//3025
f 1426//3026 1744//3026 1425//3026
f 1590//3027 1437//3027 1483//3027
f 1480//3028 1475//3028 1466//3028
f 1480//3029 1499//3029 1475//3029
f 1510//3030 1733//3030 1743//3030
f 1663//3031 1696//3031 1658//3031
f 1430//3032 1453//3032 1452//3032
f 1452//3033 1472//3033 1471//3033
f 1452//3034 1471//3034 1448//3034
f 1430//3035 1452//3035 1421//3035
f 1430//3036 1421//3036 1422//3036
f 1429//3037 1082//3037 1556//3037
f 1621//3038 1429//3038 1556//3038
f 1351//3039 2292//3039 845//3039
f 1126//3040 1059//3040 487//3040
f 1639//3041 1437//3041 1563//3041
f 1504//3042 1928//3042 1093//3042
f 1499//3043 1536//3043 1506//3043
f 1588//3044 1770//3044 1727//3044
f 1110//3045 1747//3045 1397//3045
f 1776//3046 1588//3046 1531//3046
f 1322//3047 1320//3047 1482//3047
f 1590//3048 1629//3048 1571//3048
f 1730//3049 1877//3049 1838//3049
f 1429//3050 935//3050 1082//3050
f 1082//3051 935//3051 1454//3051
f 804//3052 1443//3052 925//3052
f 1139//3053 1007//3053 1639//3053
f 1925//3054 1480//3054 1466//3054
f 1934//3055 1989//3055 1480//3055
f 1499//3056 1989//3056 1536//3056
f 1727//3057 1526//3057 1531//3057
f 1593//3058 1614//3058 502//3058
f 2356//3059 2332//3059 2304//3059
f 1755//3060 1680//3060 908//3060
f 1563//3061 1571//3061 1564//3061
f 1647//3062 1078//3062 1501//3062
f 2391//3063 1635//3063 1106//3063
f 1496//3064 1511//3064 717//3064
f 2355//3065 2332//3065 516//3065
f 1478//3066 1153//3066 1093//3066
f 1870//3067 1426//3067 1411//3067
f 1426//3068 1723//3068 1744//3068
f 962//3069 986//3069 1412//3069
f 717//3070 1511//3070 1509//3070
f 1825//3071 1704//3071 1824//3071
f 1490//3072 1557//3072 1188//3072
f 1635//3073 80//3073 821//3073
f 805//3074 1454//3074 935//3074
f 1186//3075 706//3075 695//3075
f 1194//3076 1161//3076 714//3076
f 1512//3077 1007//3077 1013//3077
f 592//3078 97//3078 204//3078
f 1258//3079 1266//3079 1257//3079
f 82//3080 1333//3080 471//3080
f 1694//3081 1710//3081 1505//3081
f 1643//3082 490//3082 1661//3082
f 1661//3083 490//3083 1114//3083
f 1518//3084 2068//3084 2385//3084
f 1750//3085 1808//3085 1664//3085
f 1656//3086 1635//3086 2391//3086
f 935//3087 1521//3087 805//3087
f 1546//3088 1629//3088 1076//3088
f 1301//3089 70//3089 1277//3089
f 966//3090 1441//3090 1194//3090
f 1148//3091 1825//3091 1824//3091
f 1614//3092 1609//3092 1643//3092
f 1114//3093 1092//3093 1921//3093
f 1770//3094 1739//3094 1670//3094
f 1631//3095 1632//3095 1646//3095
f 821//3096 1016//3096 1429//3096
f 1429//3097 1016//3097 935//3097
f 1632//3098 1095//3098 1654//3098
f 1083//3099 262//3099 688//3099
f 1724//3100 1686//3100 1725//3100
f 1644//3101 490//3101 1643//3101
f 1092//3102 1149//3102 1921//3102
f 3//3103 893//3103 1832//3103
f 988//3104 1640//3104 1188//3104
f 916//3105 1107//3105 284//3105
f 1656//3106 80//3106 1635//3106
f 1016//3107 821//3107 80//3107
f 1016//3108 1521//3108 935//3108
f 1478//3109 1202//3109 1153//3109
f 1401//3110 1928//3110 29//3110
f 1440//3111 1478//3111 1928//3111
f 1849//3112 1700//3112 1865//3112
f 1595//3113 1611//3113 1612//3113
f 1208//3114 198//3114 341//3114
f 1464//3115 1704//3115 1746//3115
f 2143//3116 984//3116 1721//3116
f 1848//3117 1849//3117 1868//3117
f 1662//3118 1114//3118 490//3118
f 1669//3119 1787//3119 1682//3119
f 1656//3120 1618//3120 80//3120
f 198//3121 1208//3121 916//3121
f 1440//3122 1928//3122 1401//3122
f 1521//3123 1369//3123 805//3123
f 1252//3124 1107//3124 916//3124
f 1745//3125 678//3125 1672//3125
f 1703//3126 1779//3126 1721//3126
f 1750//3127 1465//3127 1808//3127
f 1609//3128 1644//3128 1643//3128
f 1092//3129 1114//3129 1662//3129
f 1826//3130 1523//3130 1793//3130
f 1696//3131 2166//3131 1767//3131
f 1016//3132 1648//3132 1521//3132
f 1208//3133 1252//3133 916//3133
f 833//3134 688//3134 1067//3134
f 1794//3135 1803//3135 1558//3135
f 28//3136 17//3136 512//3136
f 1750//3137 861//3137 1566//3137
f 1594//3138 1644//3138 1609//3138
f 1644//3139 1645//3139 490//3139
f 490//3140 1645//3140 1662//3140
f 1602//3141 861//3141 1760//3141
f 1530//3142 1777//3142 1760//3142
f 872//3143 1706//3143 1673//3143
f 1696//3144 1668//3144 2166//3144
f 1708//3145 1809//3145 1798//3145
f 1581//3146 1716//3146 1814//3146
f 1709//3147 1794//3147 1680//3147
f 1233//3148 1421//3148 1257//3148
f 1724//3149 1476//3149 1686//3149
f 1469//3150 1481//3150 1965//3150
f 1965//3151 1481//3151 1492//3151
f 2073//3152 1549//3152 1559//3152
f 1594//3153 1615//3153 1644//3153
f 1799//3154 1706//3154 1755//3154
f 1725//3155 1686//3155 1837//3155
f 1720//3156 1797//3156 1572//3156
f 1618//3157 2368//3157 2022//3157
f 1618//3158 1579//3158 80//3158
f 1648//3159 1016//3159 80//3159
f 2134//3160 2152//3160 1636//3160
f 1611//3161 1632//3161 1631//3161
f 1761//3162 1434//3162 1470//3162
f 1559//3163 1577//3163 1594//3163
f 1603//3164 1615//3164 1594//3164
f 1615//3165 1645//3165 1644//3165
f 1637//3166 1662//3166 1645//3166
f 1662//3167 1199//3167 1092//3167
f 1199//3168 1149//3168 1092//3168
f 1451//3169 1108//3169 1149//3169
f 665//3170 734//3170 756//3170
f 1865//3171 1700//3171 1714//3171
f 1709//3172 1841//3172 1794//3172
f 1618//3173 2022//3173 1579//3173
f 1648//3174 1413//3174 1369//3174
f 1521//3175 1648//3175 1369//3175
f 1520//3176 11//3176 1401//3176
f 1446//3177 1470//3177 1434//3177
f 1798//3178 1691//3178 1754//3178
f 2063//3179 1544//3179 2073//3179
f 2073//3180 1544//3180 1549//3180
f 1594//3181 1577//3181 1603//3181
f 1615//3182 1637//3182 1645//3182
f 1637//3183 1199//3183 1662//3183
f 1427//3184 1149//3184 1199//3184
f 2167//3185 1108//3185 1451//3185
f 1997//3186 1673//3186 1705//3186
f 1706//3187 1799//3187 1705//3187
f 1841//3188 1709//3188 1757//3188
f 1604//3189 1579//3189 2022//3189
f 1579//3190 707//3190 80//3190
f 80//3191 707//3191 1648//3191
f 1520//3192 1401//3192 1491//3192
f 1649//3193 1520//3193 1491//3193
f 1435//3194 1434//3194 1885//3194
f 1470//3195 1469//3195 1461//3195
f 1481//3196 1508//3196 2024//3196
f 2277//3197 1544//3197 2063//3197
f 1549//3198 1568//3198 1559//3198
f 1559//3199 1568//3199 1577//3199
f 1603//3200 1610//3200 1615//3200
f 1615//3201 1610//3201 1637//3201
f 999//3202 1199//3202 1637//3202
f 1451//3203 1149//3203 1427//3203
f 1137//3204 1825//3204 1148//3204
f 1706//3205 1705//3205 1673//3205
f 1138//3206 1604//3206 2116//3206
f 1138//3207 1579//3207 1604//3207
f 1413//3208 1648//3208 707//3208
f 2269//3209 2024//3209 1508//3209
f 598//3210 1075//3210 1116//3210
f 229//3211 93//3211 1468//3211
f 1839//3212 1479//3212 1684//3212
f 1610//3213 1625//3213 1637//3213
f 329//3214 999//3214 1637//3214
f 1199//3215 1017//3215 1427//3215
f 1017//3216 303//3216 1427//3216
f 303//3217 1451//3217 1427//3217
f 1792//3218 1754//3218 1777//3218
f 1655//3219 1138//3219 2116//3219
f 1138//3220 707//3220 1579//3220
f 1649//3221 1491//3221 206//3221
f 1406//3222 1885//3222 1398//3222
f 1406//3223 1419//3223 1885//3223
f 1419//3224 1435//3224 1885//3224
f 1434//3225 1435//3225 1446//3225
f 1470//3226 1481//3226 1469//3226
f 1577//3227 1583//3227 1603//3227
f 999//3228 1017//3228 1199//3228
f 81//3229 67//3229 941//3229
f 67//3230 1650//3230 941//3230
f 1259//3231 1815//3231 2164//3231
f 1619//3232 2116//3232 2045//3232
f 1424//3233 707//3233 1138//3233
f 1702//3234 1649//3234 206//3234
f 1687//3235 1406//3235 1398//3235
f 1477//3236 1481//3236 1470//3236
f 1568//3237 1569//3237 1577//3237
f 1577//3238 1569//3238 1583//3238
f 1603//3239 1583//3239 1610//3239
f 1625//3240 329//3240 1637//3240
f 2167//3241 340//3241 273//3241
f 81//3242 273//3242 340//3242
f 81//3243 962//3243 67//3243
f 1547//3244 1619//3244 1488//3244
f 1830//3245 1739//3245 1770//3245
f 938//3246 1424//3246 1138//3246
f 1424//3247 1413//3247 707//3247
f 1527//3248 1649//3248 1702//3248
f 1527//3249 1520//3249 1649//3249
f 1527//3250 1268//3250 1520//3250
f 1250//3251 1406//3251 1687//3251
f 1441//3252 1353//3252 1115//3252
f 1203//3253 1413//3253 1051//3253
f 1250//3254 1419//3254 1406//3254
f 1477//3255 2279//3255 1481//3255
f 1481//3256 2279//3256 1508//3256
f 2350//3257 1560//3257 1568//3257
f 1549//3258 2350//3258 1568//3258
f 1568//3259 1560//3259 1569//3259
f 1569//3260 1584//3260 1583//3260
f 1652//3261 329//3261 1625//3261
f 329//3262 817//3262 999//3262
f 285//3263 1017//3263 999//3263
f 303//3264 10//3264 1451//3264
f 10//3265 2167//3265 1451//3265
f 1412//3266 1650//3266 67//3266
f 1412//3267 1488//3267 1650//3267
f 1547//3268 1023//3268 1619//3268
f 1023//3269 1655//3269 1619//3269
f 1655//3270 938//3270 1138//3270
f 1456//3271 1413//3271 1424//3271
f 1457//3272 1470//3272 1446//3272
f 1457//3273 1477//3273 1470//3273
f 329//3274 1652//3274 817//3274
f 10//3275 340//3275 2167//3275
f 938//3276 1546//3276 1424//3276
f 1546//3277 1456//3277 1424//3277
f 1259//3278 1548//3278 1779//3278
f 2052//3279 2031//3279 1990//3279
f 1440//3280 1202//3280 1478//3280
f 1428//3281 1419//3281 1250//3281
f 1428//3282 1435//3282 1419//3282
f 1428//3283 1446//3283 1435//3283
f 1934//3284 1935//3284 1955//3284
f 1560//3285 1584//3285 1569//3285
f 1610//3286 1638//3286 1625//3286
f 1638//3287 1652//3287 1625//3287
f 817//3288 1077//3288 999//3288
f 1077//3289 285//3289 999//3289
f 980//3290 303//3290 1017//3290
f 962//3291 1412//3291 67//3291
f 1494//3292 1023//3292 1547//3292
f 325//3293 271//3293 1270//3293
f 1443//3294 1511//3294 1496//3294
f 1450//3295 1268//3295 1527//3295
f 1514//3296 1353//3296 1441//3296
f 1287//3297 1446//3297 1428//3297
f 1446//3298 1287//3298 1457//3298
f 1305//3299 2279//3299 1477//3299
f 1992//3300 1990//3300 1991//3300
f 1992//3301 1991//3301 1971//3301
f 1971//3302 1991//3302 1955//3302
f 2350//3303 1549//3303 2319//3303
f 1583//3304 1616//3304 1610//3304
f 1610//3305 1616//3305 1638//3305
f 10//3306 1396//3306 340//3306
f 340//3307 1445//3307 81//3307
f 1445//3308 962//3308 81//3308
f 1790//3309 984//3309 1753//3309
f 984//3310 2148//3310 1753//3310
f 1588//3311 1713//3311 1770//3311
f 969//3312 978//3312 958//3312
f 1741//3313 1779//3313 1703//3313
f 1758//3314 1846//3314 1754//3314
f 1827//3315 1819//3315 1029//3315
f 1818//3316 1530//3316 1712//3316
f 1750//3317 1566//3317 2127//3317
f 2360//3318 2335//3318 2384//3318
f 1798//3319 1720//3319 1771//3319
f 1794//3320 1841//3320 1803//3320
f 216//3321 1755//3321 1810//3321
f 1098//3322 1735//3322 1748//3322
f 1735//3323 1497//3323 1748//3323
f 1502//3324 2102//3324 1601//3324
f 881//3325 1502//3325 1601//3325
f 1455//3326 1839//3326 1744//3326
f 1706//3327 1709//3327 1680//3327
f 1212//3328 1741//3328 1703//3328
f 1788//3329 1969//3329 1671//3329
f 1075//3330 1074//3330 1692//3330
f 951//3331 2401//3331 881//3331
f 2391//3332 2387//3332 2364//3332
f 1748//3333 1497//3333 1781//3333
f 1721//3334 984//3334 1840//3334
f 1815//3335 1259//3335 1741//3335
f 1626//3336 1756//3336 1837//3336
f 975//3337 987//3337 1542//3337
f 1772//3338 678//3338 734//3338
f 1542//3339 1671//3339 975//3339
f 1806//3340 1772//3340 1780//3340
f 678//3341 1772//3341 1806//3341
f 1828//3342 1732//3342 2007//3342
f 1526//3343 1688//3343 1531//3343
f 1752//3344 1526//3344 1554//3344
f 1844//3345 1818//3345 1712//3345
f 1823//3346 1846//3346 1804//3346
f 1781//3347 1669//3347 1704//3347
f 1721//3348 1779//3348 2143//3348
f 1770//3349 1670//3349 1526//3349
f 1497//3350 1669//3350 1781//3350
f 1098//3351 1713//3351 1735//3351
f 1742//3352 1815//3352 1741//3352
f 1526//3353 858//3353 1875//3353
f 1599//3354 1531//3354 1688//3354
f 1803//3355 1790//3355 1558//3355
f 1703//3356 1721//3356 1683//3356
f 1832//3357 1766//3357 957//3357
f 1542//3358 1679//3358 1671//3358
f 1679//3359 1788//3359 1671//3359
f 1927//3360 1819//3360 1827//3360
f 1718//3361 1745//3361 1739//3361
f 1684//3362 1022//3362 1839//3362
f 1459//3363 1283//3363 1299//3363
f 1022//3364 1410//3364 1418//3364
f 1669//3365 1497//3365 1776//3365
f 1875//3366 858//3366 1212//3366
f 1739//3367 1745//3367 852//3367
f 1964//3368 1918//3368 1461//3368
f 1356//3369 133//3369 1331//3369
f 1765//3370 1829//3370 1468//3370
f 858//3371 1742//3371 1741//3371
f 1006//3372 1674//3372 1021//3372
f 1723//3373 1936//3373 1935//3373
f 1468//3374 1713//3374 1098//3374
f 1724//3375 1678//3375 1476//3375
f 1680//3376 1783//3376 908//3376
f 1731//3377 1543//3377 520//3377
f 1683//3378 1721//3378 1840//3378
f 1467//3379 1679//3379 1542//3379
f 1812//3380 1708//3380 1846//3380
f 1679//3381 1975//3381 1788//3381
f 1713//3382 1830//3382 1770//3382
f 1803//3383 1722//3383 1790//3383
f 1713//3384 1588//3384 1735//3384
f 1836//3385 1530//3385 1818//3385
f 1837//3386 1756//3386 861//3386
f 886//3387 571//3387 556//3387
f 1181//3388 1805//3388 1812//3388
f 1706//3389 1680//3389 1755//3389
f 1677//3390 1729//3390 1775//3390
f 1776//3391 1787//3391 1669//3391
f 1526//3392 1670//3392 1672//3392
f 1727//3393 1770//3393 1526//3393
f 987//3394 1467//3394 1542//3394
f 1567//3395 1704//3395 1137//3395
f 1693//3396 1865//3396 1714//3396
f 897//3397 1762//3397 912//3397
f 1135//3398 1697//3398 1062//3398
f 1697//3399 376//3399 1062//3399
f 1543//3400 1731//3400 1678//3400
f 1793//3401 1679//3401 1467//3401
f 1777//3402 1602//3402 1760//3402
f 1846//3403 1798//3403 1754//3403
f 1835//3404 1096//3404 1677//3404
f 1033//3405 1030//3405 940//3405
f 1450//3406 1527//3406 1702//3406
f 1717//3407 376//3407 1697//3407
f 1711//3408 1717//3408 1697//3408
f 1717//3409 165//3409 376//3409
f 1840//3410 984//3410 1790//3410
f 1669//3411 1746//3411 1704//3411
f 1669//3412 1682//3412 1746//3412
f 1882//3413 1444//3413 1898//3413
f 1820//3414 1789//3414 1730//3414
f 861//3415 1380//3415 1566//3415
f 1771//3416 1543//3416 1691//3416
f 1958//3417 1659//3417 1651//3417
f 1697//3418 1360//3418 1711//3418
f 1711//3419 1737//3419 1717//3419
f 1717//3420 1737//3420 165//3420
f 1790//3421 1753//3421 1558//3421
f 1668//3422 1696//3422 1663//3422
f 1360//3423 1702//3423 1711//3423
f 1702//3424 1707//3424 1711//3424
f 1707//3425 1737//3425 1711//3425
f 1737//3426 1751//3426 165//3426
f 1444//3427 1782//3427 1693//3427
f 1716//3428 1787//3428 1599//3428
f 1744//3429 1839//3429 1022//3429
f 1898//3430 1444//3430 1785//3430
f 206//3431 1707//3431 1702//3431
f 1764//3432 2369//3432 1751//3432
f 316//3433 1844//3433 893//3433
f 893//3434 1844//3434 915//3434
f 1845//3435 1804//3435 1758//3435
f 1380//3436 861//3436 1756//3436
f 1780//3437 670//3437 1021//3437
f 1714//3438 2172//3438 1763//3438
f 1783//3439 1558//3439 1663//3439
f 1750//3440 2127//3440 1465//3440
f 1798//3441 1771//3441 1691//3441
f 1691//3442 1543//3442 1724//3442
f 1872//3443 1910//3443 839//3443
f 1737//3444 2044//3444 1751//3444
f 1751//3445 2044//3445 1764//3445
f 1757//3446 1701//3446 482//3446
f 1725//3447 1602//3447 1777//3447
f 1836//3448 1845//3448 1530//3448
f 2102//3449 2371//3449 1503//3449
f 2397//3450 1899//3450 544//3450
f 763//3451 2385//3451 946//3451
f 987//3452 1719//3452 1467//3452
f 1845//3453 1758//3453 1792//3453
f 1725//3454 1837//3454 1602//3454
f 1872//3455 1866//3455 1873//3455
f 1712//3456 1530//3456 1760//3456
f 489//3457 1799//3457 216//3457
f 1760//3458 861//3458 1750//3458
f 2068//3459 2367//3459 2361//3459
f 1696//3460 2159//3460 2168//3460
f 377//3461 1377//3461 1280//3461
f 1797//3462 1676//3462 1572//3462
f 1581//3463 2053//3463 1572//3463
f 1676//3464 1581//3464 1572//3464
f 1764//3465 2399//3465 2369//3465
f 2369//3466 2399//3466 1994//3466
f 1861//3467 1695//3467 1860//3467
f 2382//3468 2004//3468 2396//3468
f 1826//3469 1677//3469 1523//3469
f 1670//3470 1739//3470 852//3470
f 1724//3471 1543//3471 1678//3471
f 1658//3472 2168//3472 1791//3472
f 1397//3473 1747//3473 1719//3473
f 1696//3474 2168//3474 1658//3474
f 979//3475 519//3475 272//3475
f 1774//3476 1975//3476 1679//3476
f 975//3477 1671//3477 932//3477
f 1787//3478 1716//3478 1682//3478
f 1835//3479 1826//3479 1747//3479
f 2402//3480 2370//3480 961//3480
f 1810//3481 908//3481 1791//3481
f 1982//3482 1768//3482 191//3482
f 1137//3483 1704//3483 1825//3483
f 1804//3484 1846//3484 1758//3484
f 2004//3485 2044//3485 1737//3485
f 913//3486 1969//3486 902//3486
f 2399//3487 1795//3487 1801//3487
f 915//3488 1844//3488 1712//3488
f 1689//3489 915//3489 1712//3489
f 1740//3490 1752//3490 1541//3490
f 695//3491 661//3491 199//3491
f 1865//3492 1693//3492 1782//3492
f 1824//3493 1464//3493 1809//3493
f 1829//3494 1765//3494 1718//3494
f 1816//3495 1768//3495 1982//3495
f 1816//3496 1622//3496 1768//3496
f 1622//3497 2165//3497 1681//3497
f 1768//3498 1622//3498 1681//3498
f 670//3499 1772//3499 228//3499
f 1283//3500 1459//3500 52//3500
f 1785//3501 1444//3501 1749//3501
f 1675//3502 1075//3502 1685//3502
f 1567//3503 1781//3503 1704//3503
f 1858//3504 1857//3504 1848//3504
f 1526//3505 1752//3505 1688//3505
f 1791//3506 2160//3506 1810//3506
f 908//3507 1658//3507 1791//3507
f 1813//3508 1773//3508 1558//3508
f 1845//3509 1792//3509 1530//3509
f 69//3510 376//3510 165//3510
f 3//3511 1832//3511 1834//3511
f 1722//3512 1516//3512 1507//3512
f 1801//3513 1821//3513 1994//3513
f 1833//3514 1982//3514 2046//3514
f 1821//3515 1833//3515 2046//3515
f 1833//3516 1816//3516 1982//3516
f 1022//3517 1785//3517 1749//3517
f 2160//3518 2170//3518 1810//3518
f 1147//3519 1719//3519 1726//3519
f 1683//3520 1840//3520 1507//3520
f 1467//3521 1719//3521 1793//3521
f 1795//3522 1802//3522 1801//3522
f 1802//3523 1811//3523 1801//3523
f 1801//3524 1811//3524 1821//3524
f 1690//3525 2165//3525 1622//3525
f 1934//3526 1480//3526 1925//3526
f 229//3527 1468//3527 1091//3527
f 1780//3528 2164//3528 1742//3528
f 1672//3529 1742//3529 858//3529
f 1833//3530 1417//3530 1816//3530
f 1417//3531 1622//3531 1816//3531
f 1831//3532 2165//3532 1690//3532
f 1668//3533 1663//3533 1558//3533
f 1719//3534 1747//3534 1826//3534
f 1760//3535 1750//3535 1664//3535
f 1817//3536 1690//3536 1622//3536
f 1530//3537 1792//3537 1777//3537
f 948//3538 1796//3538 1802//3538
f 1796//3539 1811//3539 1802//3539
f 1515//3540 1817//3540 1622//3540
f 1695//3541 1861//3541 1831//3541
f 1783//3542 1663//3542 1658//3542
f 1749//3543 1410//3543 1022//3543
f 854//3544 1796//3544 948//3544
f 1811//3545 1842//3545 1833//3545
f 1821//3546 1811//3546 1833//3546
f 1833//3547 1842//3547 1417//3547
f 1622//3548 1417//3548 1515//3548
f 127//3549 1804//3549 1845//3549
f 1686//3550 1626//3550 1837//3550
f 1608//3551 1690//3551 1817//3551
f 1523//3552 1775//3552 1762//3552
f 127//3553 1845//3553 1836//3553
f 1812//3554 1805//3554 1708//3554
f 1523//3555 1677//3555 1775//3555
f 1780//3556 1772//3556 670//3556
f 1758//3557 1754//3557 1792//3557
f 1204//3558 1796//3558 854//3558
f 1822//3559 1842//3559 1811//3559
f 1608//3560 1831//3560 1690//3560
f 1822//3561 1811//3561 1796//3561
f 1842//3562 1416//3562 1417//3562
f 1417//3563 1416//3563 1515//3563
f 1515//3564 1608//3564 1817//3564
f 1728//3565 1831//3565 1608//3565
f 908//3566 1783//3566 1658//3566
f 127//3567 1836//3567 316//3567
f 1805//3568 1148//3568 1824//3568
f 852//3569 1745//3569 1672//3569
f 1478//3570 1093//3570 1928//3570
f 1822//3571 1843//3571 1842//3571
f 1843//3572 959//3572 1842//3572
f 1842//3573 959//3573 1416//3573
f 1728//3574 1695//3574 1831//3574
f 1728//3575 1860//3575 1695//3575
f 2259//3576 446//3576 2252//3576
f 1602//3577 1837//3577 861//3577
f 1087//3578 1096//3578 1835//3578
f 1708//3579 1824//3579 1809//3579
f 2004//3580 1737//3580 505//3580
f 1567//3581 1748//3581 1781//3581
f 520//3582 1543//3582 1883//3582
f 1760//3583 1664//3583 1712//3583
f 128//3584 1336//3584 72//3584
f 2053//3585 1883//3585 1543//3585
f 1822//3586 180//3586 1843//3586
f 1786//3587 1608//3587 1515//3587
f 929//3588 2363//3588 519//3588
f 512//3589 2306//3589 506//3589
f 1212//3590 1703//3590 1683//3590
f 1830//3591 1829//3591 1739//3591
f 2053//3592 1543//3592 1771//3592
f 1416//3593 1769//3593 1515//3593
f 1769//3594 1786//3594 1515//3594
f 1786//3595 1728//3595 1608//3595
f 1712//3596 1808//3596 1689//3596
f 1794//3597 1558//3597 1783//3597
f 1497//3598 1735//3598 1776//3598
f 1127//3599 1567//3599 1137//3599
f 1123//3600 1748//3600 1567//3600
f 36//3601 205//3601 1185//3601
f 959//3602 1734//3602 1416//3602
f 1738//3603 1733//3603 1541//3603
f 1774//3604 1762//3604 1974//3604
f 1752//3605 1554//3605 1541//3605
f 1752//3606 1740//3606 1688//3606
f 1526//3607 1875//3607 1554//3607
f 1468//3608 1829//3608 1830//3608
f 1755//3609 908//3609 1810//3609
f 1716//3610 1599//3610 1814//3610
f 1806//3611 1780//3611 1742//3611
f 1832//3612 915//3612 1689//3612
f 1713//3613 1468//3613 1830//3613
f 1814//3614 1599//3614 1346//3614
f 1832//3615 1689//3615 1766//3615
f 1022//3616 1684//3616 1785//3616
f 1093//3617 1153//3617 1116//3617
f 1672//3618 678//3618 1742//3618
f 1675//3619 1685//3619 1093//3619
f 1841//3620 1743//3620 1722//3620
f 1814//3621 2053//3621 1581//3621
f 1464//3622 1746//3622 1809//3622
f 2386//3623 2398//3623 2394//3623
f 1416//3624 1734//3624 1769//3624
f 1665//3625 1728//3625 1786//3625
f 1665//3626 1951//3626 1728//3626
f 1951//3627 1860//3627 1728//3627
f 1951//3628 2094//3628 1860//3628
f 1844//3629 1836//3629 1818//3629
f 316//3630 1836//3630 1844//3630
f 1776//3631 1531//3631 1787//3631
f 1719//3632 1826//3632 1793//3632
f 2147//3633 1401//3633 29//3633
f 2111//3634 2121//3634 1548//3634
f 1741//3635 1259//3635 1779//3635
f 1843//3636 347//3636 1834//3636
f 1843//3637 1734//3637 959//3637
f 1766//3638 1769//3638 1734//3638
f 957//3639 1766//3639 1734//3639
f 1766//3640 1786//3640 1769//3640
f 1766//3641 1689//3641 1786//3641
f 1689//3642 1665//3642 1786//3642
f 1754//3643 1691//3643 1777//3643
f 1507//3644 1840//3644 1790//3644
f 1761//3645 1470//3645 1461//3645
f 1523//3646 1679//3646 1793//3646
f 1091//3647 1468//3647 1098//3647
f 1820//3648 1730//3648 1838//3648
f 1843//3649 1834//3649 1734//3649
f 1808//3650 1951//3650 1665//3650
f 1588//3651 1727//3651 1531//3651
f 893//3652 915//3652 1832//3652
f 1523//3653 1774//3653 1679//3653
f 272//3654 2389//3654 710//3654
f 1093//3655 1116//3655 1675//3655
f 1832//3656 1734//3656 1834//3656
f 1832//3657 957//3657 1734//3657
f 1951//3658 1808//3658 2094//3658
f 1685//3659 1692//3659 1505//3659
f 1043//3660 295//3660 698//3660
f 2143//3661 1779//3661 2121//3661
f 1689//3662 1808//3662 1665//3662
f 1693//3663 1714//3663 1763//3663
f 1738//3664 2157//3664 1516//3664
f 1114//3665 1921//3665 236//3665
f 1268//3666 1333//3666 1520//3666
f 1149//3667 1108//3667 431//3667
f 508//3668 2144//3668 1912//3668
f 1957//3669 1108//3669 1537//3669
f 431//3670 1108//3670 1957//3670
f 1018//3671 1108//3671 2167//3671
f 1338//3672 1957//3672 1681//3672
f 2163//3673 1957//3673 1338//3673
f 1983//3674 1390//3674 2093//3674
f 30//3675 557//3675 37//3675
f 1714//3676 2173//3676 2172//3676
f 1983//3677 1984//3677 1390//3677
f 1984//3678 2065//3678 1390//3678
f 884//3679 1762//3679 897//3679
f 2065//3680 1984//3680 1214//3680
f 1950//3681 1974//3681 1762//3681
f 884//3682 1950//3682 1762//3682
f 2012//3683 1698//3683 1861//3683
f 1214//3684 2116//3684 803//3684
f 1950//3685 1938//3685 1974//3685
f 1938//3686 1967//3686 1974//3686
f 1900//3687 1761//3687 1461//3687
f 865//3688 1929//3688 884//3688
f 884//3689 1929//3689 1950//3689
f 2062//3690 2071//3690 2042//3690
f 919//3691 1985//3691 1732//3691
f 1593//3692 502//3692 2146//3692
f 1995//3693 1213//3693 2098//3693
f 1522//3694 2377//3694 1651//3694
f 2174//3695 1849//3695 2175//3695
f 1480//3696 1989//3696 1499//3696
f 1929//3697 1938//3697 1950//3697
f 1605//3698 2058//3698 1574//3698
f 2097//3699 1605//3699 2133//3699
f 1912//3700 2014//3700 1886//3700
f 2092//3701 2082//3701 2083//3701
f 206//3702 1930//3702 505//3702
f 2101//3703 2100//3703 2092//3703
f 2073//3704 2101//3704 2092//3704
f 839//3705 1910//3705 865//3705
f 1910//3706 1901//3706 1929//3706
f 865//3707 1910//3707 1929//3707
f 1967//3708 1788//3708 1975//3708
f 2073//3709 2092//3709 2063//3709
f 2101//3710 1593//3710 2100//3710
f 2015//3711 1876//3711 1698//3711
f 1853//3712 1884//3712 2014//3712
f 1831//3713 1698//3713 2165//3713
f 1316//3714 273//3714 81//3714
f 1901//3715 1920//3715 1929//3715
f 1929//3716 1920//3716 1938//3716
f 1920//3717 1968//3717 1967//3717
f 1938//3718 1920//3718 1967//3718
f 1849//3719 2174//3719 1700//3719
f 2173//3720 1700//3720 2174//3720
f 2062//3721 2072//3721 2091//3721
f 803//3722 2368//3722 2059//3722
f 2210//3723 1736//3723 2211//3723
f 1505//3724 1357//3724 1685//3724
f 1358//3725 1686//3725 1476//3725
f 1967//3726 1968//3726 1788//3726
f 1968//3727 1969//3727 1788//3727
f 2065//3728 2110//3728 2156//3728
f 2065//3729 1214//3729 2110//3729
f 2110//3730 1214//3730 503//3730
f 273//3731 2093//3731 1018//3731
f 273//3732 1983//3732 2093//3732
f 532//3733 1886//3733 2155//3733
f 2034//3734 2021//3734 1947//3734
f 216//3735 1810//3735 585//3735
f 1912//3736 543//3736 2014//3736
f 1390//3737 2051//3737 1537//3737
f 1872//3738 1873//3738 1910//3738
f 1984//3739 2045//3739 1214//3739
f 597//3740 1912//3740 1886//3740
f 1593//3741 2146//3741 2100//3741
f 2071//3742 2062//3742 2090//3742
f 2034//3743 2046//3743 1982//3743
f 2034//3744 1947//3744 2046//3744
f 1214//3745 2045//3745 2116//3745
f 1873//3746 1887//3746 1910//3746
f 1887//3747 1901//3747 1910//3747
f 1562//3748 1447//3748 1106//3748
f 2163//3749 431//3749 1957//3749
f 1948//3750 1972//3750 1936//3750
f 1972//3751 1948//3751 1992//3751
f 2014//3752 2015//3752 2013//3752
f 1853//3753 2014//3753 2013//3753
f 1550//3754 1884//3754 1853//3754
f 1947//3755 2369//3755 1994//3755
f 1355//3756 1550//3756 2154//3756
f 1355//3757 1884//3757 1550//3757
f 2081//3758 2108//3758 2128//3758
f 2024//3759 1965//3759 1492//3759
f 2024//3760 2032//3760 1965//3760
f 2116//3761 1604//3761 803//3761
f 1901//3762 1911//3762 1920//3762
f 1939//3763 1968//3763 1920//3763
f 1911//3764 1939//3764 1920//3764
f 872//3765 1626//3765 1666//3765
f 2062//3766 2091//3766 2120//3766
f 1819//3767 1927//3767 1759//3767
f 1021//3768 1674//3768 1780//3768
f 872//3769 1673//3769 1756//3769
f 1550//3770 501//3770 2171//3770
f 1378//3771 1550//3771 2171//3771
f 2146//3772 2162//3772 2145//3772
f 1358//3773 482//3773 192//3773
f 2109//3774 2120//3774 2119//3774
f 1866//3775 1872//3775 2204//3775
f 1391//3776 2012//3776 1860//3776
f 2136//3777 2137//3777 2161//3777
f 2162//3778 1661//3778 236//3778
f 1887//3779 1894//3779 1901//3779
f 1901//3780 1894//3780 1911//3780
f 505//3781 1707//3781 206//3781
f 2120//3782 2137//3782 2136//3782
f 2142//3783 2164//3783 1674//3783
f 1860//3784 2012//3784 1861//3784
f 1894//3785 1939//3785 1911//3785
f 2080//3786 2060//3786 2118//3786
f 2162//3787 236//3787 508//3787
f 2164//3788 1815//3788 1742//3788
f 1018//3789 2093//3789 1537//3789
f 2154//3790 1378//3790 2161//3790
f 2041//3791 2098//3791 2392//3791
f 2043//3792 2042//3792 2032//3792
f 1108//3793 1018//3793 1537//3793
f 1465//3794 2094//3794 1808//3794
f 502//3795 1643//3795 1661//3795
f 2368//3796 1618//3796 1656//3796
f 2119//3797 2136//3797 2135//3797
f 2119//3798 2108//3798 2071//3798
f 878//3799 1183//3799 1195//3799
f 2101//3800 1594//3800 1593//3800
f 2033//3801 2277//3801 2063//3801
f 2383//3802 2392//3802 2098//3802
f 1282//3803 2310//3803 1275//3803
f 2003//3804 1948//3804 1956//3804
f 2043//3805 2032//3805 2024//3805
f 2025//3806 2043//3806 2024//3806
f 2154//3807 1550//3807 1378//3807
f 1795//3808 2399//3808 1764//3808
f 2142//3809 1548//3809 2164//3809
f 2332//3810 2355//3810 2323//3810
f 1981//3811 2011//3811 1993//3811
f 502//3812 2162//3812 2146//3812
f 2025//3813 2024//3813 2269//3813
f 2129//3814 2120//3814 2091//3814
f 1732//3815 1985//3815 2007//3815
f 2171//3816 1308//3816 209//3816
f 1930//3817 1995//3817 2041//3817
f 1390//3818 1238//3818 2051//3818
f 1866//3819 1878//3819 1887//3819
f 1878//3820 1894//3820 1887//3820
f 1965//3821 2032//3821 2011//3821
f 874//3822 2381//3822 2393//3822
f 2071//3823 2108//3823 2069//3823
f 1358//3824 1731//3824 482//3824
f 430//3825 2021//3825 2034//3825
f 1965//3826 2003//3826 1964//3826
f 1855//3827 1889//3827 831//3827
f 1668//3828 1773//3828 2150//3828
f 1390//3829 2156//3829 1238//3829
f 898//3830 869//3830 1903//3830
f 2297//3831 2311//3831 2271//3831
f 2121//3832 2111//3832 2074//3832
f 1548//3833 1259//3833 2164//3833
f 2099//3834 2129//3834 2091//3834
f 1550//3835 1853//3835 501//3835
f 1853//3836 1852//3836 501//3836
f 952//3837 2017//3837 969//3837
f 2085//3838 2121//3838 2074//3838
f 2130//3839 2006//3839 1391//3839
f 2144//3840 1367//3840 543//3840
f 2100//3841 2146//3841 2099//3841
f 1545//3842 1319//3842 113//3842
f 1903//3843 1922//3843 898//3843
f 1922//3844 1931//3844 898//3844
f 585//3845 2170//3845 1641//3845
f 2007//3846 2017//3846 952//3846
f 2017//3847 2074//3847 969//3847
f 1558//3848 1753//3848 1813//3848
f 837//3849 2005//3849 1517//3849
f 2005//3850 2006//3850 2130//3850
f 1532//3851 1474//3851 1528//3851
f 2003//3852 1981//3852 1948//3852
f 2070//3853 2071//3853 2069//3853
f 1922//3854 919//3854 1931//3854
f 2017//3855 2085//3855 2074//3855
f 2085//3856 2104//3856 2121//3856
f 2100//3857 2099//3857 2082//3857
f 2156//3858 2110//3858 2034//3858
f 505//3859 2375//3859 2004//3859
f 1903//3860 871//3860 1922//3860
f 1922//3861 1952//3861 919//3861
f 919//3862 1952//3862 1985//3862
f 1985//3863 2001//3863 2007//3863
f 2001//3864 2036//3864 2017//3864
f 2007//3865 2001//3865 2017//3865
f 2017//3866 2036//3866 2085//3866
f 2036//3867 2047//3867 2085//3867
f 2047//3868 2075//3868 2085//3868
f 2075//3869 2104//3869 2085//3869
f 1948//3870 1993//3870 2023//3870
f 2304//3871 2323//3871 2311//3871
f 2011//3872 2070//3872 1993//3872
f 2033//3873 2043//3873 2025//3873
f 2012//3874 2015//3874 1698//3874
f 1876//3875 1338//3875 2165//3875
f 871//3876 1940//3876 1922//3876
f 1985//3877 1976//3877 2001//3877
f 2121//3878 2104//3878 2143//3878
f 1051//3879 1413//3879 1456//3879
f 2267//3880 1362//3880 2285//3880
f 1859//3881 1789//3881 1870//3881
f 2090//3882 2109//3882 2071//3882
f 1405//3883 1398//3883 1885//3883
f 1886//3884 1884//3884 1355//3884
f 1922//3885 1960//3885 1952//3885
f 1952//3886 1960//3886 1985//3886
f 1960//3887 1976//3887 1985//3887
f 1956//3888 1948//3888 1936//3888
f 2135//3889 209//3889 2128//3889
f 2157//3890 1875//3890 1212//3890
f 2160//3891 2168//3891 2169//3891
f 1900//3892 1461//3892 1918//3892
f 2001//3893 2018//3893 2036//3893
f 2075//3894 2086//3894 2104//3894
f 2111//3895 2142//3895 2103//3895
f 1937//3896 1956//3896 1936//3896
f 2023//3897 2070//3897 2061//3897
f 2135//3898 2128//3898 2108//3898
f 2042//3899 2071//3899 2011//3899
f 2138//3900 413//3900 2289//3900
f 2033//3901 2072//3901 2043//3901
f 1922//3902 1940//3902 1960//3902
f 2070//3903 2069//3903 2061//3903
f 2069//3904 2108//3904 2061//3904
f 2108//3905 2119//3905 2135//3905
f 1855//3906 1904//3906 1889//3906
f 1889//3907 1904//3907 871//3907
f 871//3908 1904//3908 1940//3908
f 1976//3909 2018//3909 2001//3909
f 2036//3910 2018//3910 2047//3910
f 2122//3911 2143//3911 2104//3911
f 216//3912 1642//3912 489//3912
f 2148//3913 984//3913 2143//3913
f 1975//3914 1974//3914 1967//3914
f 2157//3915 1683//3915 1516//3915
f 1614//3916 1593//3916 1594//3916
f 1926//3917 2147//3917 29//3917
f 2082//3918 2091//3918 2072//3918
f 430//3919 503//3919 2059//3919
f 1904//3920 1905//3920 1940//3920
f 1940//3921 1961//3921 1960//3921
f 1961//3922 1976//3922 1960//3922
f 2087//3923 2086//3923 2075//3923
f 2065//3924 2156//3924 1390//3924
f 1820//3925 1838//3925 1900//3925
f 534//3926 1308//3926 837//3926
f 2167//3927 273//3927 1018//3927
f 831//3928 1850//3928 1855//3928
f 2019//3929 2037//3929 2018//3929
f 2018//3930 2037//3930 2047//3930
f 2037//3931 2075//3931 2047//3931
f 2086//3932 2095//3932 2104//3932
f 2095//3933 2122//3933 2104//3933
f 2122//3934 2148//3934 2143//3934
f 1926//3935 1213//3935 1995//3935
f 1405//3936 1885//3936 1761//3936
f 2006//3937 2013//3937 2012//3937
f 1855//3938 1890//3938 1904//3938
f 1904//3939 1895//3939 1905//3939
f 1905//3940 1932//3940 1940//3940
f 1961//3941 1977//3941 1976//3941
f 1976//3942 1986//3942 2018//3942
f 2385//3943 2377//3943 1518//3943
f 1870//3944 1411//3944 1859//3944
f 1548//3945 2142//3945 2111//3945
f 1904//3946 1890//3946 1895//3946
f 1895//3947 1932//3947 1905//3947
f 1940//3948 1932//3948 1961//3948
f 1976//3949 1977//3949 1986//3949
f 1986//3950 2008//3950 2018//3950
f 2018//3951 2008//3951 2019//3951
f 2087//3952 2075//3952 2037//3952
f 2087//3953 2095//3953 2086//3953
f 2094//3954 1391//3954 1860//3954
f 1852//3955 1853//3955 2006//3955
f 1853//3956 2013//3956 2006//3956
f 929//3957 979//3957 850//3957
f 1855//3958 1874//3958 1890//3958
f 2008//3959 2028//3959 2019//3959
f 1993//3960 2070//3960 2023//3960
f 1705//3961 1799//3961 1998//3961
f 1491//3962 2147//3962 206//3962
f 1851//3963 1856//3963 1855//3963
f 1895//3964 1890//3964 1874//3964
f 2038//3965 2019//3965 2028//3965
f 2038//3966 2048//3966 2037//3966
f 2019//3967 2038//3967 2037//3967
f 2048//3968 2067//3968 2087//3968
f 2037//3969 2048//3969 2087//3969
f 2087//3970 2067//3970 2095//3970
f 2095//3971 2149//3971 2122//3971
f 2149//3972 2148//3972 2122//3972
f 1308//3973 2005//3973 837//3973
f 209//3974 1308//3974 1387//3974
f 1601//3975 2102//3975 1927//3975
f 254//3976 170//3976 201//3976
f 1800//3977 1403//3977 1763//3977
f 1510//3978 1346//3978 1740//3978
f 870//3979 871//3979 1903//3979
f 1919//3980 1650//3980 1619//3980
f 2148//3981 1667//3981 1753//3981
f 1932//3982 1923//3982 1961//3982
f 1977//3983 1953//3983 1986//3983
f 2067//3984 2112//3984 2095//3984
f 2112//3985 2149//3985 2095//3985
f 2148//3986 2149//3986 1667//3986
f 2323//3987 2322//3987 2311//3987
f 1926//3988 2026//3988 1213//3988
f 1912//3989 2144//3989 543//3989
f 2128//3990 1387//3990 2153//3990
f 1733//3991 1510//3991 1740//3991
f 990//3992 853//3992 2390//3992
f 503//3993 1214//3993 803//3993
f 1921//3994 431//3994 2163//3994
f 2146//3995 2145//3995 2129//3995
f 2144//3996 1921//3996 2163//3996
f 1855//3997 1856//3997 1874//3997
f 1895//3998 1923//3998 1932//3998
f 1923//3999 1941//3999 1961//3999
f 1961//4000 1941//4000 1977//4000
f 2048//4001 2076//4001 2067//4001
f 2076//4002 2113//4002 2067//4002
f 2067//4003 2113//4003 2112//4003
f 1723//4004 1900//4004 1937//4004
f 1870//4005 1900//4005 1723//4005
f 1367//4006 2163//4006 1338//4006
f 520//4007 1346//4007 1510//4007
f 1698//4008 1831//4008 1861//4008
f 1984//4009 1919//4009 2045//4009
f 1895//4010 1891//4010 1923//4010
f 2008//4011 1986//4011 2028//4011
f 1948//4012 1981//4012 1993//4012
f 1883//4013 1346//4013 520//4013
f 1883//4014 1814//4014 1346//4014
f 1930//4015 206//4015 2147//4015
f 2400//4016 2387//4016 1447//4016
f 1891//4017 1906//4017 1923//4017
f 1923//4018 1953//4018 1941//4018
f 1953//4019 1977//4019 1941//4019
f 1953//4020 1987//4020 1986//4020
f 2113//4021 2123//4021 2112//4021
f 2123//4022 2149//4022 2112//4022
f 1387//4023 1308//4023 1226//4023
f 1599//4024 1688//4024 1346//4024
f 2093//4025 1390//4025 1537//4025
f 2003//4026 2011//4026 1981//4026
f 1987//4027 2028//4027 1986//4027
f 2038//4028 2049//4028 2048//4028
f 2048//4029 2049//4029 2076//4029
f 1813//4030 1667//4030 2149//4030
f 2123//4031 1813//4031 2149//4031
f 1461//4032 1469//4032 1964//4032
f 1757//4033 1510//4033 1743//4033
f 505//4034 1930//4034 1999//4034
f 2203//4035 1784//4035 1789//4035
f 1532//4036 1522//4036 1651//4036
f 1906//4037 1913//4037 1923//4037
f 1913//4038 1943//4038 1923//4038
f 1943//4039 1942//4039 1923//4039
f 1923//4040 1942//4040 1953//4040
f 1942//4041 1987//4041 1953//4041
f 1308//4042 1852//4042 2005//4042
f 2053//4043 1814//4043 1883//4043
f 1733//4044 1740//4044 1541//4044
f 2154//4045 1886//4045 1355//4045
f 1503//4046 1528//4046 1474//4046
f 1874//4047 1879//4047 1895//4047
f 1895//4048 1879//4048 1891//4048
f 2076//4049 2124//4049 2113//4049
f 2113//4050 2124//4050 2123//4050
f 1896//4051 1891//4051 1879//4051
f 1891//4052 1896//4052 1906//4052
f 1942//4053 1962//4053 1987//4053
f 1962//4054 2009//4054 2028//4054
f 1987//4055 1962//4055 2028//4055
f 2009//4056 2038//4056 2028//4056
f 2109//4057 2119//4057 2071//4057
f 1918//4058 1956//4058 1937//4058
f 1851//4059 1864//4059 1856//4059
f 1896//4060 1897//4060 1906//4060
f 1906//4061 1897//4061 1913//4061
f 1943//4062 1962//4062 1942//4062
f 2049//4063 2077//4063 2076//4063
f 2124//4064 2125//4064 2123//4064
f 1930//4065 2147//4065 1926//4065
f 1902//4066 1894//4066 1878//4066
f 482//4067 1510//4067 1757//4067
f 2129//4068 2137//4068 2120//4068
f 503//4069 803//4069 2059//4069
f 1847//4070 1857//4070 1851//4070
f 1851//4071 1857//4071 1864//4071
f 2039//4072 2038//4072 2009//4072
f 2038//4073 2039//4073 2049//4073
f 2076//4074 2077//4074 2124//4074
f 2150//4075 1813//4075 2123//4075
f 482//4076 520//4076 1510//4076
f 1994//4077 1821//4077 2046//4077
f 2044//4078 2004//4078 1764//4078
f 1864//4079 1867//4079 1856//4079
f 1867//4080 1874//4080 1856//4080
f 1897//4081 1944//4081 1913//4081
f 1943//4082 1944//4082 1962//4082
f 2124//4083 2126//4083 2125//4083
f 2150//4084 2123//4084 2125//4084
f 2099//4085 2146//4085 2129//4085
f 2041//4086 1995//4086 2098//4086
f 1605//4087 1641//4087 2151//4087
f 1847//4088 1959//4088 1857//4088
f 1874//4089 1867//4089 1879//4089
f 1913//4090 1944//4090 1943//4090
f 1944//4091 1963//4091 1962//4091
f 2077//4092 2096//4092 2124//4092
f 2096//4093 2126//4093 2124//4093
f 2126//4094 2150//4094 2125//4094
f 941//4095 1650//4095 1919//4095
f 2135//4096 2136//4096 209//4096
f 1884//4097 1886//4097 2014//4097
f 2049//4098 2029//4098 2077//4098
f 1388//4099 2127//4099 1389//4099
f 1389//4100 2127//4100 1566//4100
f 1930//4101 1926//4101 1995//4101
f 941//4102 1919//4102 1316//4102
f 2110//4103 503//4103 430//4103
f 1867//4104 1880//4104 1879//4104
f 1879//4105 1880//4105 1896//4105
f 1897//4106 1907//4106 1944//4106
f 1963//4107 1978//4107 1962//4107
f 1962//4108 1978//4108 2009//4108
f 2039//4109 2029//4109 2049//4109
f 2077//4110 2078//4110 2096//4110
f 822//4111 823//4111 827//4111
f 2166//4112 1668//4112 2150//4112
f 81//4113 941//4113 1316//4113
f 2011//4114 2071//4114 2070//4114
f 1880//4115 1892//4115 1896//4115
f 1892//4116 1907//4116 1897//4116
f 1896//4117 1892//4117 1897//4117
f 1907//4118 1914//4118 1944//4118
f 1978//4119 2010//4119 2009//4119
f 2010//4120 2039//4120 2009//4120
f 1688//4121 1740//4121 1346//4121
f 1789//4122 1820//4122 1870//4122
f 2130//4123 1391//4123 2094//4123
f 1944//4124 1945//4124 1963//4124
f 2029//4125 2078//4125 2077//4125
f 1767//4126 2150//4126 2126//4126
f 1767//4127 2166//4127 2150//4127
f 803//4128 2022//4128 2368//4128
f 1503//4129 1927//4129 2102//4129
f 1914//4130 1954//4130 1944//4130
f 1944//4131 1954//4131 1945//4131
f 1963//4132 1970//4132 1978//4132
f 2078//4133 2105//4133 2096//4133
f 2105//4134 2126//4134 2096//4134
f 1965//4135 2011//4135 2003//4135
f 192//4136 1626//4136 1358//4136
f 2101//4137 1559//4137 1594//4137
f 1930//4138 2041//4138 1999//4138
f 1698//4139 1876//4139 2165//4139
f 1398//4140 1871//4140 891//4140
f 2165//4141 1338//4141 1681//4141
f 1970//4142 2010//4142 1978//4142
f 2010//4143 2030//4143 2029//4143
f 2039//4144 2010//4144 2029//4144
f 2030//4145 2055//4145 2078//4145
f 2029//4146 2030//4146 2078//4146
f 1849//4147 1848//4147 2175//4147
f 1871//4148 1862//4148 891//4148
f 543//4149 2015//4149 2014//4149
f 1857//4150 1858//4150 1864//4150
f 1864//4151 1858//4151 1867//4151
f 1963//4152 1945//4152 1970//4152
f 2055//4153 2088//4153 2078//4153
f 2078//4154 2088//4154 2105//4154
f 2105//4155 2131//4155 2126//4155
f 2126//4156 2131//4156 1767//4156
f 2063//4157 2083//4157 2033//4157
f 2161//4158 2171//4158 209//4158
f 2032//4159 2042//4159 2011//4159
f 1813//4160 2150//4160 1773//4160
f 1914//4161 1908//4161 1954//4161
f 1970//4162 1979//4162 2010//4162
f 2088//4163 2131//4163 2105//4163
f 2015//4164 543//4164 1876//4164
f 1694//4165 1692//4165 1048//4165
f 1395//4166 2197//4166 1859//4166
f 1395//4167 1393//4167 2197//4167
f 1730//4168 1784//4168 1736//4168
f 2401//4169 2367//4169 2371//4169
f 1709//4170 1701//4170 1757//4170
f 1945//4171 1979//4171 1970//4171
f 2030//4172 2050//4172 2055//4172
f 2154//4173 2155//4173 1886//4173
f 871//4174 860//4174 1889//4174
f 2161//4175 209//4175 2136//4175
f 2398//4176 2364//4176 2394//4176
f 1800//4177 2179//4177 1404//4177
f 2378//4178 2370//4178 1385//4178
f 1385//4179 1715//4179 2378//4179
f 2128//4180 209//4180 1387//4180
f 1858//4181 1868//4181 1867//4181
f 1867//4182 1881//4182 1880//4182
f 1893//4183 1892//4183 1880//4183
f 1881//4184 1893//4184 1880//4184
f 1893//4185 1907//4185 1892//4185
f 1907//4186 1908//4186 1914//4186
f 1954//4187 1979//4187 1945//4187
f 1979//4188 1980//4188 2010//4188
f 2131//4189 2159//4189 1767//4189
f 1765//4190 93//4190 339//4190
f 1761//4191 1877//4191 1405//4191
f 523//4192 1347//4192 515//4192
f 1541//4193 2157//4193 1738//4193
f 2144//4194 2163//4194 1367//4194
f 1380//4195 1389//4195 1566//4195
f 1994//4196 2399//4196 1801//4196
f 1867//4197 1868//4197 1881//4197
f 1980//4198 2050//4198 2030//4198
f 2010//4199 1980//4199 2030//4199
f 2050//4200 2089//4200 2055//4200
f 2055//4201 2089//4201 2088//4201
f 2088//4202 2114//4202 2131//4202
f 1538//4203 1651//4203 1659//4203
f 2145//4204 2155//4204 2129//4204
f 2140//4205 29//4205 1928//4205
f 2277//4206 2033//4206 2025//4206
f 2215//4207 2210//4207 2211//4207
f 2210//4208 2215//4208 1862//4208
f 2370//4209 2402//4209 1385//4209
f 2378//4210 1715//4210 1710//4210
f 502//4211 1614//4211 1643//4211
f 2339//4212 1227//4212 2332//4212
f 1915//4213 1907//4213 1893//4213
f 1915//4214 1908//4214 1907//4214
f 1954//4215 1908//4215 1979//4215
f 1908//4216 1988//4216 1979//4216
f 1979//4217 1988//4217 1980//4217
f 2114//4218 2159//4218 2131//4218
f 2155//4219 2154//4219 2129//4219
f 508//4220 1966//4220 2144//4220
f 872//4221 1756//4221 1626//4221
f 1710//4222 1715//4222 1505//4222
f 236//4223 1966//4223 508//4223
f 2222//4224 2228//4224 1398//4224
f 2246//4225 2264//4225 2244//4225
f 1548//4226 2121//4226 1779//4226
f 1532//4227 1528//4227 1522//4227
f 1980//4228 2056//4228 2050//4228
f 2050//4229 2056//4229 2089//4229
f 2013//4230 2015//4230 2012//4230
f 1964//4231 2003//4231 1956//4231
f 2006//4232 2012//4232 1391//4232
f 1565//4233 1927//4233 1503//4233
f 5//4234 1715//4234 1385//4234
f 1858//4235 1848//4235 1868//4235
f 1915//4236 1946//4236 1908//4236
f 1946//4237 1988//4237 1908//4237
f 1980//4238 2020//4238 2056//4238
f 2115//4239 2159//4239 2114//4239
f 2092//4240 2083//4240 2063//4240
f 1398//4241 2228//4241 1687//4241
f 2162//4242 2155//4242 2145//4242
f 519//4243 2376//4243 2389//4243
f 2158//4244 5//4244 1385//4244
f 5//4245 1505//4245 1715//4245
f 1692//4246 1694//4246 1505//4246
f 1988//4247 2020//4247 1980//4247
f 2115//4248 2169//4248 2159//4248
f 2169//4249 2168//4249 2159//4249
f 2083//4250 2082//4250 2072//4250
f 1316//4251 1984//4251 1983//4251
f 1488//4252 1619//4252 1650//4252
f 2083//4253 2072//4253 2033//4253
f 2270//4254 1210//4254 1233//4254
f 1933//4255 1946//4255 1915//4255
f 2056//4256 2079//4256 2089//4256
f 2088//4257 2115//4257 2114//4257
f 2099//4258 2091//4258 2082//4258
f 2162//4259 532//4259 2155//4259
f 1852//4260 2006//4260 2005//4260
f 2023//4261 2061//4261 2052//4261
f 2176//4262 2184//4262 2175//4262
f 2162//4263 985//4263 532//4263
f 1909//4264 1893//4264 1881//4264
f 1909//4265 1915//4265 1893//4265
f 1988//4266 2040//4266 2020//4266
f 2040//4267 2056//4267 2020//4267
f 2089//4268 2079//4268 2088//4268
f 2088//4269 2079//4269 2115//4269
f 1782//4270 1444//4270 1882//4270
f 1216//4271 1215//4271 2245//4271
f 867//4272 1939//4272 1894//4272
f 867//4273 903//4273 1939//4273
f 1372//4274 2302//4274 1379//4274
f 1863//4275 504//4275 2027//4275
f 2158//4276 1385//4276 504//4276
f 1868//4277 1782//4277 1881//4277
f 1909//4278 1933//4278 1915//4278
f 2040//4279 1988//4279 1946//4279
f 1481//4280 2024//4280 1492//4280
f 2120//4281 2136//4281 2119//4281
f 1522//4282 1528//4282 1518//4282
f 1871//4283 1398//4283 1405//4283
f 1221//4284 1408//4284 1399//4284
f 1357//4285 5//4285 2158//4285
f 2179//4286 1800//4286 1763//4286
f 1868//4287 1865//4287 1782//4287
f 1882//4288 1881//4288 1782//4288
f 1882//4289 1909//4289 1881//4289
f 2040//4290 2057//4290 2056//4290
f 2106//4291 2079//4291 2056//4291
f 2057//4292 2106//4292 2056//4292
f 2106//4293 2132//4293 2079//4293
f 2132//4294 2115//4294 2079//4294
f 2115//4295 2132//4295 2169//4295
f 532//4296 985//4296 597//4296
f 2092//4297 2100//4297 2082//4297
f 1210//4298 1221//4298 1399//4298
f 1399//4299 1233//4299 1210//4299
f 2130//4300 2002//4300 1517//4300
f 1849//4301 1865//4301 1868//4301
f 1933//4302 2040//4302 1946//4302
f 52//4303 1269//4303 30//4303
f 1667//4304 1813//4304 1753//4304
f 1997//4305 1380//4305 1673//4305
f 940//4306 1008//4306 1088//4306
f 1947//4307 1994//4307 2046//4307
f 1882//4308 1916//4308 1909//4308
f 1924//4309 1933//4309 1909//4309
f 1533//4310 2040//4310 1933//4310
f 1533//4311 1534//4311 2040//4311
f 2058//4312 2040//4312 1534//4312
f 2058//4313 2057//4313 2040//4313
f 1238//4314 191//4314 1768//4314
f 1997//4315 1389//4315 1380//4315
f 1875//4316 1541//4316 1554//4316
f 1854//4317 504//4317 1863//4317
f 1854//4318 2158//4318 504//4318
f 2300//4319 1275//4319 2310//4319
f 2327//4320 2344//4320 153//4320
f 1916//4321 1924//4321 1909//4321
f 1925//4322 1935//4322 1934//4322
f 1870//4323 1723//4323 1426//4323
f 2058//4324 2097//4324 2057//4324
f 2097//4325 2106//4325 2057//4325
f 2132//4326 2151//4326 2169//4326
f 2151//4327 2160//4327 2169//4327
f 1106//4328 1635//4328 1562//4328
f 1957//4329 1768//4329 1681//4329
f 1957//4330 2051//4330 1768//4330
f 526//4331 535//4331 33//4331
f 1614//4332 1594//4332 1609//4332
f 2397//4333 2027//4333 2084//4333
f 2397//4334 1863//4334 2027//4334
f 2117//4335 1854//4335 1863//4335
f 2016//4336 2158//4336 1854//4336
f 2016//4337 1504//4337 1357//4337
f 2158//4338 2016//4338 1357//4338
f 1114//4339 236//4339 1661//4339
f 2129//4340 2154//4340 2137//4340
f 2133//4341 2106//4341 2097//4341
f 2392//4342 1999//4342 2041//4342
f 2051//4343 1238//4343 1768//4343
f 2061//4344 2108//4344 2081//4344
f 2189//4345 2191//4345 2186//4345
f 1701//4346 192//4346 482//4346
f 505//4347 1737//4347 1707//4347
f 2133//4348 2132//4348 2106//4348
f 2132//4349 2133//4349 2151//4349
f 2151//4350 2170//4350 2160//4350
f 502//4351 1661//4351 2162//4351
f 1998//4352 1389//4352 1997//4352
f 2298//4353 2315//4353 2272//4353
f 2261//4354 2298//4354 2272//4354
f 2306//4355 512//4355 2316//4355
f 2347//4356 1365//4356 2357//4356
f 846//4357 2227//4357 2220//4357
f 2227//4358 2231//4358 2226//4358
f 2324//4359 2356//4359 2304//4359
f 2325//4360 2333//4360 2312//4360
f 1409//4361 1659//4361 1958//4361
f 1256//4362 446//4362 2259//4362
f 1958//4363 2403//4363 2379//4363
f 2338//4364 2303//4364 2345//4364
f 263//4365 2274//4365 2268//4365
f 849//4366 827//4366 823//4366
f 2240//4367 2246//4367 2231//4367
f 2400//4368 2285//4368 2335//4368
f 2347//4369 2357//4369 2324//4369
f 947//4370 2267//4370 2285//4370
f 2400//4371 947//4371 2285//4371
f 2212//4372 2208//4372 2204//4372
f 2212//4373 2216//4373 2208//4373
f 556//4374 571//4374 2237//4374
f 1528//4375 2068//4375 1518//4375
f 2325//4376 2340//4376 2333//4376
f 1866//4377 2208//4377 826//4377
f 2340//4378 2348//4378 1973//4378
f 2312//4379 2333//4379 2315//4379
f 866//4380 2326//4380 2317//4380
f 1487//4381 1493//4381 2279//4381
f 2208//4382 2207//4382 2206//4382
f 2316//4383 512//4383 17//4383
f 2035//4384 1236//4384 26//4384
f 921//4385 2138//4385 688//4385
f 2392//4386 2383//4386 2363//4386
f 6//4387 181//4387 197//4387
f 2382//4388 948//4388 1795//4388
f 2138//4389 2289//4389 2288//4389
f 2283//4390 2298//4390 2261//4390
f 2283//4391 506//4391 2298//4391
f 2298//4392 506//4392 2306//4392
f 2305//4393 2306//4393 2316//4393
f 2298//4394 2306//4394 2305//4394
f 2340//4395 2358//4395 2333//4395
f 2308//4396 1100//4396 2288//4396
f 2209//4397 2212//4397 2204//4397
f 2212//4398 2217//4398 2216//4398
f 2217//4399 2219//4399 2216//4399
f 2217//4400 2230//4400 2219//4400
f 2230//4401 2234//4401 2219//4401
f 2138//4402 2288//4402 688//4402
f 2289//4403 2308//4403 2288//4403
f 1100//4404 2308//4404 2256//4404
f 2262//4405 2261//4405 2234//4405
f 2262//4406 2283//4406 2261//4406
f 2208//4407 2206//4407 2201//4407
f 2250//4408 2264//4408 2246//4408
f 2240//4409 2250//4409 2246//4409
f 2340//4410 2325//4410 511//4410
f 2289//4411 413//4411 2308//4411
f 123//4412 971//4412 832//4412
f 1544//4413 2319//4413 1549//4413
f 413//4414 866//4414 2308//4414
f 2308//4415 866//4415 2317//4415
f 2317//4416 2318//4416 2308//4416
f 2308//4417 2318//4417 2256//4417
f 2316//4418 2312//4418 2305//4418
f 2196//4419 2199//4419 2193//4419
f 2318//4420 2249//4420 2256//4420
f 2256//4421 2249//4421 832//4421
f 2247//4422 2234//4422 2230//4422
f 2247//4423 2262//4423 2234//4423
f 2354//4424 2355//4424 515//4424
f 2178//4425 2193//4425 2177//4425
f 2193//4426 2189//4426 2177//4426
f 2249//4427 2066//4427 832//4427
f 832//4428 2066//4428 123//4428
f 669//4429 950//4429 1144//4429
f 1216//4430 1209//4430 1217//4430
f 2066//4431 2273//4431 123//4431
f 2231//4432 2246//4432 2236//4432
f 2246//4433 2244//4433 2236//4433
f 510//4434 525//4434 2035//4434
f 2318//4435 1917//4435 2249//4435
f 2249//4436 1917//4436 2066//4436
f 1340//4437 2273//4437 2066//4437
f 2341//4438 1302//4438 1340//4438
f 1153//4439 1163//4439 1116//4439
f 2332//4440 2356//4440 2339//4440
f 2317//4441 2326//4441 2318//4441
f 2396//4442 2375//4442 2363//4442
f 2231//4443 2236//4443 2225//4443
f 825//4444 2204//4444 1872//4444
f 151//4445 239//4445 1038//4445
f 9//4446 151//4446 1038//4446
f 545//4447 928//4447 2287//4447
f 2341//4448 2310//4448 1384//4448
f 928//4449 1596//4449 2287//4449
f 2186//4450 2188//4450 2185//4450
f 2357//4451 26//4451 1888//4451
f 2326//4452 2255//4452 2318//4452
f 2255//4453 1917//4453 2318//4453
f 1917//4454 877//4454 2066//4454
f 2251//4455 1340//4455 2066//4455
f 2251//4456 2341//4456 1340//4456
f 825//4457 2209//4457 2204//4457
f 1222//4458 2294//4458 1211//4458
f 678//4459 756//4459 734//4459
f 428//4460 263//4460 1343//4460
f 2066//4461 877//4461 2251//4461
f 2231//4462 2225//4462 2226//4462
f 739//4463 634//4463 592//4463
f 675//4464 304//4464 14//4464
f 2290//4465 675//4465 14//4465
f 2185//4466 2188//4466 2184//4466
f 2292//4467 2326//4467 845//4467
f 2290//4468 572//4468 675//4468
f 1128//4469 123//4469 2273//4469
f 832//4470 971//4470 2256//4470
f 2185//4471 2184//4471 2176//4471
f 2258//4472 1917//4472 2255//4472
f 2258//4473 877//4473 1917//4473
f 2251//4474 2310//4474 2341//4474
f 971//4475 1100//4475 2256//4475
f 2233//4476 2230//4476 2217//4476
f 2233//4477 2235//4477 2230//4477
f 506//4478 513//4478 512//4478
f 2338//4479 955//4479 1219//4479
f 1587//4480 2302//4480 1324//4480
f 877//4481 2300//4481 2251//4481
f 2251//4482 2300//4482 2310//4482
f 2364//4483 2380//4483 879//4483
f 2235//4484 2247//4484 2230//4484
f 624//4485 635//4485 159//4485
f 1996//4486 2265//4486 1561//4486
f 2350//4487 2337//4487 1996//4487
f 2265//4488 2054//4488 2352//4488
f 928//4489 2302//4489 1587//4489
f 2035//4490 26//4490 2357//4490
f 2259//4491 2255//4491 2326//4491
f 2259//4492 2258//4492 2255//4492
f 1544//4493 2286//4493 2319//4493
f 622//4494 509//4494 1151//4494
f 2337//4495 2054//4495 1996//4495
f 545//4496 2352//4496 928//4496
f 2259//4497 2326//4497 2292//4497
f 1365//4498 2035//4498 2357//4498
f 2276//4499 2283//4499 2262//4499
f 2276//4500 506//4500 2283//4500
f 2352//4501 900//4501 928//4501
f 900//4502 2302//4502 928//4502
f 1235//4503 1888//4503 1244//4503
f 2252//4504 2258//4504 2259//4504
f 877//4505 772//4505 2300//4505
f 772//4506 1275//4506 2300//4506
f 2333//4507 2347//4507 2315//4507
f 2276//4508 2247//4508 828//4508
f 2319//4509 2320//4509 2337//4509
f 2351//4510 2330//4510 2337//4510
f 2337//4511 2330//4511 2054//4511
f 2391//4512 2395//4512 1656//4512
f 1321//4513 155//4513 2253//4513
f 1256//4514 2259//4514 2292//4514
f 2349//4515 877//4515 2258//4515
f 877//4516 2349//4516 772//4516
f 2347//4517 2324//4517 2315//4517
f 2286//4518 2320//4518 2319//4518
f 2320//4519 2351//4519 2337//4519
f 2227//4520 2226//4520 2220//4520
f 822//4521 2193//4521 823//4521
f 1008//4522 1759//4522 1565//4522
f 2349//4523 2258//4523 2252//4523
f 2330//4524 1012//4524 2054//4524
f 2299//4525 325//4525 772//4525
f 2277//4526 2275//4526 2286//4526
f 2054//4527 2336//4527 2352//4527
f 2336//4528 2301//4528 2352//4528
f 2352//4529 2301//4529 900//4529
f 1774//4530 1974//4530 1975//4530
f 2237//4531 2231//4531 2227//4531
f 846//4532 2237//4532 2227//4532
f 2245//4533 1215//4533 2229//4533
f 2139//4534 2349//4534 2252//4534
f 2349//4535 2299//4535 772//4535
f 1232//4536 1231//4536 1216//4536
f 2222//4537 2229//4537 2228//4537
f 2275//4538 2278//4538 2286//4538
f 2278//4539 2309//4539 2286//4539
f 2286//4540 2309//4540 2320//4540
f 2320//4541 2330//4541 2351//4541
f 2330//4542 176//4542 1012//4542
f 2301//4543 2280//4543 900//4543
f 2280//4544 2302//4544 900//4544
f 2280//4545 1379//4545 2302//4545
f 2279//4546 1500//4546 1508//4546
f 1133//4547 1303//4547 1142//4547
f 2215//4548 2223//4548 2222//4548
f 891//4549 2215//4549 2222//4549
f 2320//4550 2309//4550 2330//4550
f 2309//4551 2331//4551 2330//4551
f 2330//4552 2331//4552 176//4552
f 2189//4553 2186//4553 2181//4553
f 2241//4554 2139//4554 2252//4554
f 2139//4555 2290//4555 2349//4555
f 2349//4556 2290//4556 2299//4556
f 899//4557 855//4557 843//4557
f 2222//4558 2223//4558 2229//4558
f 2248//4559 2235//4559 2233//4559
f 176//4560 2336//4560 2054//4560
f 1012//4561 176//4561 2054//4561
f 2177//4562 2185//4562 2176//4562
f 1216//4563 1220//4563 1215//4563
f 2284//4564 2139//4564 2241//4564
f 2290//4565 14//4565 2299//4565
f 2211//4566 2223//4566 2215//4566
f 2278//4567 2293//4567 2309//4567
f 2313//4568 2331//4568 2309//4568
f 2331//4569 2343//4569 176//4569
f 2336//4570 2257//4570 2301//4570
f 2301//4571 2257//4571 2280//4571
f 2357//4572 1888//4572 2356//4572
f 2284//4573 2290//4573 2139//4573
f 2211//4574 2224//4574 2223//4574
f 974//4575 841//4575 990//4575
f 2391//4576 1447//4576 2387//4576
f 2293//4577 2313//4577 2309//4577
f 2343//4578 2141//4578 176//4578
f 2257//4579 1778//4579 2280//4579
f 972//4580 1379//4580 2280//4580
f 1778//4581 972//4581 2280//4581
f 1379//4582 972//4582 428//4582
f 1211//4583 2338//4583 1223//4583
f 1228//4584 1215//4584 1220//4584
f 702//4585 2284//4585 2241//4585
f 17//4586 518//4586 2316//4586
f 1888//4587 26//4587 1244//4587
f 2237//4588 2240//4588 2231//4588
f 2239//4589 2229//4589 2223//4589
f 2224//4590 2239//4590 2223//4590
f 2239//4591 2245//4591 2229//4591
f 2276//4592 531//4592 506//4592
f 2336//4593 2218//4593 2257//4593
f 1233//4594 1217//4594 2270//4594
f 2269//4595 2278//4595 2275//4595
f 2313//4596 2343//4596 2331//4596
f 176//4597 2141//4597 2218//4597
f 176//4598 2218//4598 2336//4598
f 539//4599 2248//4599 66//4599
f 1508//4600 1500//4600 2278//4600
f 2269//4601 1508//4601 2278//4601
f 2278//4602 1500//4602 2293//4602
f 972//4603 2274//4603 428//4603
f 1626//4604 1686//4604 1358//4604
f 1759//4605 1807//4605 1819//4605
f 2225//4606 2217//4606 2212//4606
f 2225//4607 2233//4607 2217//4607
f 1784//4608 2205//4608 1736//4608
f 2221//4609 2211//4609 1736//4609
f 2205//4610 2221//4610 1736//4610
f 2221//4611 2224//4611 2211//4611
f 1209//4612 2245//4612 2239//4612
f 2245//4613 1209//4613 1216//4613
f 1555//4614 1584//4614 1560//4614
f 2293//4615 1500//4615 2279//4615
f 2313//4616 2321//4616 2343//4616
f 2334//4617 972//4617 1778//4617
f 2334//4618 2274//4618 972//4618
f 955//4619 522//4619 1225//4619
f 2254//4620 2239//4620 2224//4620
f 2279//4621 1493//4621 2293//4621
f 2314//4622 2321//4622 2313//4622
f 2321//4623 954//4623 2343//4623
f 2343//4624 954//4624 2141//4624
f 2257//4625 2334//4625 1778//4625
f 2298//4626 2305//4626 2315//4626
f 2254//4627 1209//4627 2239//4627
f 866//4628 845//4628 2326//4628
f 3//4629 316//4629 893//4629
f 2293//4630 2314//4630 2313//4630
f 2342//4631 2141//4631 954//4631
f 2141//4632 2342//4632 2218//4632
f 2263//4633 2334//4633 2257//4633
f 863//4634 2237//4634 846//4634
f 2342//4635 2263//4635 2218//4635
f 2218//4636 2263//4636 2257//4636
f 2244//4637 2264//4637 51//4637
f 2203//4638 2205//4638 1784//4638
f 1493//4639 2314//4639 2293//4639
f 1560//4640 2350//4640 1555//4640
f 825//4641 2214//4641 2209//4641
f 2214//4642 2212//4642 2209//4642
f 1299//4643 84//4643 1312//4643
f 2213//4644 2221//4644 2205//4644
f 2242//4645 2224//4645 2221//4645
f 2242//4646 2254//4646 2224//4646
f 2214//4647 2225//4647 2212//4647
f 2244//4648 51//4648 2248//4648
f 891//4649 1862//4649 2215//4649
f 2344//4650 954//4650 2321//4650
f 2344//4651 2342//4651 954//4651
f 511//4652 2348//4652 2340//4652
f 188//4653 15//4653 814//4653
f 2344//4654 2327//4654 2342//4654
f 2327//4655 2263//4655 2342//4655
f 2238//4656 2307//4656 2334//4656
f 2334//4657 2307//4657 2274//4657
f 539//4658 2235//4658 2248//4658
f 2213//4659 2205//4659 2203//4659
f 1030//4660 1819//4660 1807//4660
f 2263//4661 2238//4661 2334//4661
f 2339//4662 2356//4662 1888//4662
f 1848//4663 1857//4663 2176//4663
f 2197//4664 2198//4664 2203//4664
f 2198//4665 2213//4665 2203//4665
f 1209//4666 2254//4666 1217//4666
f 2254//4667 2270//4667 1217//4667
f 1221//4668 1210//4668 2294//4668
f 554//4669 109//4669 78//4669
f 386//4670 1375//4670 95//4670
f 2179//4671 2182//4671 1393//4671
f 2182//4672 2198//4672 1393//4672
f 1393//4673 2198//4673 2197//4673
f 2270//4674 2303//4674 2294//4674
f 2294//4675 2303//4675 1211//4675
f 2238//4676 2263//4676 2327//4676
f 2307//4677 2268//4677 2274//4677
f 889//4678 2194//4678 2179//4678
f 2194//4679 2182//4679 2179//4679
f 2194//4680 2202//4680 2182//4680
f 2202//4681 2198//4681 2182//4681
f 2243//4682 2221//4682 2213//4682
f 2243//4683 2242//4683 2221//4683
f 2254//4684 2281//4684 2270//4684
f 2379//4685 2335//4685 2285//4685
f 2242//4686 2260//4686 2254//4686
f 2260//4687 2281//4687 2254//4687
f 2281//4688 2303//4688 2270//4688
f 153//4689 154//4689 2327//4689
f 154//4690 2238//4690 2327//4690
f 2291//4691 2268//4691 2307//4691
f 2238//4692 2266//4692 2307//4692
f 2266//4693 2291//4693 2307//4693
f 2208//4694 2216//4694 2207//4694
f 2172//4695 2180//4695 889//4695
f 2180//4696 2194//4696 889//4696
f 2194//4697 2195//4697 2202//4697
f 2213//4698 2232//4698 2243//4698
f 2281//4699 2345//4699 2303//4699
f 571//4700 555//4700 2240//4700
f 2173//4701 2180//4701 2172//4701
f 2271//4702 2260//4702 2242//4702
f 2260//4703 2295//4703 2281//4703
f 2345//4704 955//4704 2338//4704
f 2353//4705 2345//4705 2281//4705
f 2054//4706 2265//4706 1996//4706
f 2253//4707 2238//4707 154//4707
f 2190//4708 2195//4708 2194//4708
f 2353//4709 955//4709 2345//4709
f 2226//4710 2225//4710 2214//4710
f 2253//4711 2266//4711 2238//4711
f 2181//4712 2186//4712 2185//4712
f 2333//4713 2358//4713 2347//4713
f 2295//4714 2353//4714 2281//4714
f 2353//4715 1630//4715 955//4715
f 1403//4716 1749//4716 1444//4716
f 1555//4717 1996//4717 1561//4717
f 2266//4718 2328//4718 2291//4718
f 2291//4719 2329//4719 230//4719
f 2312//4720 2316//4720 2325//4720
f 2236//4721 2248//4721 2233//4721
f 2190//4722 2194//4722 2180//4722
f 2346//4723 2353//4723 2295//4723
f 1565//4724 1759//4724 1927//4724
f 2286//4725 1544//4725 2277//4725
f 2253//4726 2328//4726 2266//4726
f 2328//4727 2329//4727 2291//4727
f 230//4728 222//4728 253//4728
f 2273//4729 1340//4729 1128//4729
f 2316//4730 518//4730 2325//4730
f 2253//4731 170//4731 2328//4731
f 170//4732 2329//4732 2328//4732
f 2181//4733 2185//4733 2177//4733
f 2192//4734 2191//4734 2189//4734
f 2183//4735 2190//4735 2180//4735
f 2354//4736 1630//4736 2353//4736
f 2193//4737 2199//4737 2189//4737
f 2305//4738 2312//4738 2315//4738
f 822//4739 2201//4739 2193//4739
f 1210//4740 2270//4740 2294//4740
f 2187//4741 2190//4741 2183//4741
f 2282//4742 2260//4742 2271//4742
f 2282//4743 2296//4743 2260//4743
f 2296//4744 2295//4744 2260//4744
f 2354//4745 2353//4745 2346//4745
f 1347//4746 1630//4746 2354//4746
f 1630//4747 1347//4747 522//4747
f 2201//4748 2196//4748 2193//4748
f 170//4749 254//4749 2329//4749
f 2358//4750 1973//4750 2347//4750
f 1973//4751 1365//4751 2347//4751
f 2174//4752 2183//4752 2180//4752
f 2296//4753 2346//4753 2295//4753
f 2220//4754 2214//4754 825//4754
f 1855//4755 1850//4755 1851//4755
f 251//4756 263//4756 2268//4756
f 2225//4757 2236//4757 2233//4757
f 2201//4758 2206//4758 2196//4758
f 2199//4759 2192//4759 2189//4759
f 2322//4760 2296//4760 2282//4760
f 2196//4761 2206//4761 2199//4761
f 2322//4762 2346//4762 2296//4762
f 1365//4763 1973//4763 510//4763
f 2311//4764 2322//4764 2282//4764
f 2175//4765 2183//4765 2174//4765
f 2355//4766 2346//4766 2322//4766
f 522//4767 1347//4767 523//4767
f 2357//4768 2356//4768 2324//4768
f 823//4769 2193//4769 2178//4769
f 2188//4770 2187//4770 2183//4770
f 2311//4771 2282//4771 2271//4771
f 2344//4772 2321//4772 2404//4772
f 2321//4773 2314//4773 2404//4773
f 2314//4774 1493//4774 2404//4774
f 1493//4775 1487//4775 2404//4775
f 1487//4776 1318//4776 2404//4776
f 1318//4777 1320//4777 2404//4777
f 1320//4778 2344//4778 2404//4778
f 2242//4779 2243//4779 2271//4779
f 2198//4780 2202//4780 2213//4780
f 2261//4781 2272//4781 2234//4781
f 2202//4782 2195//4782 2213//4782
f 2243//4783 2232//4783 2271//4783
f 2213//4784 2195//4784 2232//4784
f 2190//4785 2187//4785 2195//4785
f 2216//4786 2219//4786 2207//4786
f 2192//4787 2199//4787 2191//4787
f 2324//4788 2304//4788 2315//4788
f 2234//4789 2272//4789 2219//4789
f 2186//4790 2191//4790 2188//4790
f 2232//4791 2195//4791 2271//4791
f 2195//4792 2187//4792 2271//4792
f 2187//4793 2188//4793 2271//4793
f 2271//4794 2188//4794 2297//4794
f 2188//4795 2191//4795 2297//4795
f 2191//4796 2199//4796 2297//4796
f 2199//4797 2206//4797 2297//4797
f 2297//4798 2206//4798 2304//4798
f 2304//4799 2206//4799 2315//4799
f 2315//4800 2206//4800 2272//4800
f 2206//4801 2207//4801 2272//4801
f 2207//4802 2219//4802 2272//4802
